trial,time_s,T_2mm_K,T_4mm_K,T_7mm_K
1,0.5,293.6059798290644,293.21637338980474,293.14123211912556
1,1.0,294.15901582420827,293.5261693281058,293.1492343325351
1,1.5,294.696435638354,293.92530247629014,293.1346644773764
1,2.0,295.1909631288486,294.36691419918174,293.1451918845967
1,2.5,295.6377762695803,294.79843220395117,293.1977005083376
1,3.0,296.10758142092294,295.22827235717284,293.19090085224605
1,3.5,296.5750463015657,295.66894090593445,293.23161322934175
1,4.0,297.0149408932453,296.06618833376785,293.31102760974466
1,4.5,297.45433124218823,296.48952279758043,293.3824888464247
1,5.0,297.8750904051795,296.8987369841814,293.41246732278745
1,5.5,298.3147949142111,297.3106625352143,293.5004323733081
1,6.0,298.72986301087224,297.7020776330172,293.5958947875938
1,6.5,299.1329164037466,298.11844784908953,293.70586161316663
1,7.0,299.5481211858862,298.5013208076388,293.7818952857705
1,7.5,299.94083492022,298.87568706512764,293.8990227275359
1,8.0,300.3218619136924,299.26269181893156,294.024974291042
1,8.5,300.72366101056514,299.654216406773,294.1428365498702
1,9.0,301.0953448546895,300.03364541670715,294.2611781639974
1,9.5,301.4943191242853,300.4155202541014,294.39486098312705
1,10.0,301.8614603109412,300.79123284784407,294.5182040261365
1,10.5,301.7795966282767,301.0525612707912,294.66953890099654
1,11.0,301.57672197790185,301.100204445542,294.81301396229566
1,11.5,301.44110763920315,301.0461460990543,294.96360973818076
1,12.0,301.2960117228159,300.992774127019,295.09932988271515
1,12.5,301.1754095400544,300.8949265925936,295.2476278825859
1,13.0,301.06740529498535,300.81096970323614,295.383442619364
1,13.5,300.9744359703432,300.723159689031,295.4968790306273
1,14.0,300.87669245014644,300.64503332622854,295.6124885766177
1,14.5,300.7860432889494,300.5774435890656,295.71522915736574
1,15.0,300.6994886196201,300.49180438303773,295.81312653545825
1,15.5,300.63380932335457,300.41505174756327,295.89771026795665
1,16.0,300.5291337942779,300.33546997983257,295.99391760522
1,16.5,300.45217694522387,300.2608879227206,296.0702413781463
1,17.0,300.3763075313751,300.20704760284826,296.16779201647955
1,17.5,300.3205783884494,300.1479779935938,296.2339136084589
1,18.0,300.2583201774827,300.10500399847416,296.2894629681123
1,18.5,300.18097548378125,300.0295264045269,296.34188088528873
1,19.0,300.1111238195268,299.98093689442766,296.39910688754486
1,19.5,300.05088628971305,299.9108952568351,296.479962571897
1,20.0,300.00732102813123,299.85062440458046,296.52585064693494
1,20.5,299.95190451252364,299.80113630515785,296.5807678993788
1,21.0,299.89543778527116,299.7535040972566,296.609027139495
1,21.5,299.8306759007694,299.73359786129305,296.68418538766645
1,22.0,299.78868832648004,299.65718145297734,296.72597257172606
1,22.5,299.73820714321755,299.62832934934835,296.7550512012638
1,23.0,299.6914710921276,299.5668766595267,296.8044925769199
1,23.5,299.6517501555631,299.54254413637074,296.85332500220767
1,24.0,299.60047292282815,299.49571301091817,296.89121162193055
1,24.5,299.56162213867873,299.45019910547705,296.9263653800195
1,25.0,299.51344863345264,299.41248338408025,296.96552704061264
1,25.5,299.47489954890796,299.36865101028104,297.00005826150675
1,26.0,299.4388069743602,299.34311061229886,297.03892150562064
1,26.5,299.37961546074916,299.2986567458126,297.0857855130132
1,27.0,299.3538495656734,299.2565771041064,297.077986100976
1,27.5,299.3163292599449,299.2227159732146,297.1328201364816
1,28.0,299.27972128423403,299.2048861350953,297.1674865377207
1,28.5,299.2494906497648,299.18758720765237,297.19825081622577
1,29.0,299.2343445094596,299.14297300613015,297.22021502768285
1,29.5,299.1788783045941,299.11067501434576,297.23411882713003
1,30.0,299.16631819300267,299.0860913007908,297.28185905016323
1,30.5,299.1098327675485,299.0685208572407,297.3219175281939
1,31.0,299.09423705061454,299.0307123962605,297.31457122080155
1,31.5,299.0710084247653,298.99827163199865,297.36304226752304
1,32.0,299.0478818435326,298.98808625018813,297.3748673130958
1,32.5,299.02258846227403,298.9567098487594,297.4005671508614
1,33.0,298.997659104275,298.94391234040074,297.41298216976463
1,33.5,298.9612565314346,298.90723104953724,297.44182291696495
1,34.0,298.9358837903872,298.8706879319371,297.4791714785615
1,34.5,298.9255733985042,298.84745418463245,297.49236914442474
1,35.0,298.8922678962931,298.8564973465803,297.5236252211336
1,35.5,298.8592912103837,298.8367066793279,297.5372428684609
1,36.0,298.8392417089874,298.7977675825264,297.54845184957344
1,36.5,298.8205461249498,298.7764161685233,297.57953593127195
1,37.0,298.814498688295,298.77612254574814,297.5839826356922
1,37.5,298.7913395428335,298.73225532356554,297.6048457626732
1,38.0,298.7777920964611,298.7167371510387,297.6100663815373
1,38.5,298.7481529633525,298.715001146789,297.6296722270067
1,39.0,298.736098495529,298.68801444532784,297.63753059591005
1,39.5,298.7233895630862,298.67579587280716,297.66943655566604
1,40.0,298.6971777956406,298.658578510131,297.6623453397367
1,40.5,298.6884782294345,298.64841950420174,297.6961048283518
1,41.0,298.66141708778235,298.6444005177184,297.7001061342181
1,41.5,298.6490038249713,298.61695117426007,297.72704747500524
1,42.0,298.63387307631154,298.6086289928424,297.735769364047
1,42.5,298.6112325791584,298.56824417569044,297.7590080058709
1,43.0,298.6139924124392,298.5752147534071,297.7602768824698
1,43.5,298.59077872826674,298.55461352802007,297.74905421152215
1,44.0,298.58235365415754,298.5385779051564,297.7755592717537
1,44.5,298.5741859563199,298.5300698327177,297.7756221247671
1,45.0,298.5613756733587,298.5239496962331,297.7929421687021
1,45.5,298.5514668096703,298.5252332460308,297.8236992636786
1,46.0,298.53209039548915,298.4919270754407,297.82511313733784
1,46.5,298.5174535526986,298.4949376726821,297.82159739938567
1,47.0,298.5098392511869,298.4795439683405,297.8280055162207
1,47.5,298.48304152631647,298.47116784975645,297.84774230523493
1,48.0,298.47504095133905,298.4748266314818,297.8442449496568
1,48.5,298.466191572777,298.46082144574615,297.8584276978624
1,49.0,298.4596526827262,298.459733748973,297.8767281916121
1,49.5,298.4641206404326,298.43600415256725,297.89337838596276
1,50.0,298.4418483613737,298.42204116242266,297.89588571603076
1,50.5,298.4381758860587,298.41846752890547,297.8746209794645
1,51.0,298.4462701095242,298.41508320623757,297.90808330597457
1,51.5,298.4212935489973,298.4066153540425,297.91304257223607
1,52.0,298.4240600810289,298.3864292690177,297.92352720948696
1,52.5,298.39942041520743,298.3908268218494,297.9424063865274
1,53.0,298.3990095901474,298.3850715297889,297.9122640516019
1,53.5,298.3840998178462,298.4010433597996,297.9334397687765
1,54.0,298.3829676796109,298.3879221845146,297.95152234072145
1,54.5,298.38773436562315,298.3541060529553,297.935873620395
1,55.0,298.3552402546146,298.35344309492694,297.9723446908954
1,55.5,298.37024255978565,298.3355488860536,297.96698912356305
1,56.0,298.36185720766974,298.33832496156725,297.9773216872811
1,56.5,298.3473106972659,298.3416137342769,297.96853169061654
1,57.0,298.33274910728926,298.34491353986874,297.9876039401435
1,57.5,298.3420681093977,298.32012804796847,297.9952208514182
1,58.0,298.33036331450796,298.31560291602466,297.99178402405283
1,58.5,298.3324655478935,298.2955537909567,297.99657211752924
1,59.0,298.3250019405073,298.3104344678334,298.00156251058274
1,59.5,298.33560505200626,298.2966190504688,297.99471891872065
1,60.0,298.31215202834983,298.2972741009142,298.00623679461637
2,0.5,293.60140743294227,293.2288391621572,293.1551548309363
2,1.0,294.1732496039142,293.5387087168223,293.1444015692041
2,1.5,294.69892936886504,293.9240177112321,293.1649862334594
2,2.0,295.17097212086486,294.35913009438264,293.15358646168625
2,2.5,295.65603653116364,294.7895132595481,293.1700418843863
2,3.0,296.1354177714681,295.22299957076973,293.20918639416686
2,3.5,296.5663320152459,295.646513053055,293.25021034994967
2,4.0,297.00988081899584,296.08237897790065,293.29713946810085
2,4.5,297.4565223156816,296.48740494101605,293.33658220155843
2,5.0,297.8920646963601,296.9146585959586,293.42956333347496
2,5.5,298.3061151950181,297.32541350329035,293.49377178235926
2,6.0,298.73537469742234,297.71950980856514,293.59483199320033
2,6.5,299.14082403659665,298.10923385228585,293.6743372923686
2,7.0,299.54526697448546,298.50808269040294,293.7962270780302
2,7.5,299.94170099181076,298.8873083975172,293.89340951695226
2,8.0,300.3537313693247,299.2822030809983,294.00437456877876
2,8.5,300.71792188583566,299.63276720745637,294.14562709049034
2,9.0,301.08489845777706,300.021908077347,294.2673561699265
2,9.5,301.5015771648874,300.3756448252332,294.39005944475826
2,10.0,301.8573825757415,300.74714361488174,294.5464647727104
2,10.5,301.78252405635556,301.06205579875655,294.6675141142206
2,11.0,301.5966267801945,301.119051676562,294.81599891393546
2,11.5,301.4128596304058,301.06027175952875,294.9639771737613
2,12.0,301.2850405454955,300.9750719778351,295.09868649556205
2,12.5,301.16368003890483,300.8734107151683,295.2476238602945
2,13.0,301.06298526758997,300.8096883207586,295.36798093771415
2,13.5,300.97350924454787,300.7534848071441,295.4912083541285
2,14.0,300.87827988793094,300.65079007780736,295.62259743893173
2,14.5,300.7846787046267,300.5611880638972,295.7042917433649
2,15.0,300.6810527507511,300.4948846994583,295.78899788821803
2,15.5,300.5892918129795,300.4010285124037,295.9210352182422
2,16.0,300.5337414802957,300.34285328373386,296.0162459421294
2,16.5,300.45258161217816,300.27862952689776,296.0671615514759
2,17.0,300.38903911637476,300.2110496754208,296.12749195298403
2,17.5,300.32143813048583,300.15642388031887,296.21507521967226
2,18.0,300.2484128688761,300.09077115160073,296.2827422730883
2,18.5,300.18971628921156,300.03490691949327,296.3476122189755
2,19.0,300.12181749803756,299.96422577649514,296.3990971218455
2,19.5,300.064431748926,299.9248663669046,296.4738467537909
2,20.0,299.9937683676243,299.87876321172087,296.52846822843634
2,20.5,299.9426758566733,299.8010859775837,296.5610224091467
2,21.0,299.8919740035547,299.7518794013448,296.6334649666817
2,21.5,299.84553628259647,299.7256710073319,296.69543785267035
2,22.0,299.78242930152715,299.66348187990263,296.7231479716683
2,22.5,299.7422519576835,299.63398267123165,296.76278225648724
2,23.0,299.68662581824117,299.5714805741887,296.8077877928503
2,23.5,299.64186044611034,299.54777886200475,296.85684039783376
2,24.0,299.6065321577607,299.49317835942514,296.8733802378919
2,24.5,299.5349023993375,299.45434777268684,296.9309309989073
2,25.0,299.499808119477,299.4285381895583,296.96265728379865
2,25.5,299.45718650094665,299.3715811824609,297.02105628541835
2,26.0,299.40915793090335,299.3292386693248,297.03565415316154
2,26.5,299.3874043745462,299.2987209385357,297.08774946939445
2,27.0,299.36454061683423,299.2733565012505,297.09261527840744
2,27.5,299.318184145824,299.219837758236,297.1410612307947
2,28.0,299.28808796353593,299.20953496494457,297.16891541614496
2,28.5,299.26313424724424,299.1664085819121,297.18660040385026
2,29.0,299.23267195766994,299.1528512166018,297.22570813464245
2,29.5,299.18684523640377,299.0879187945578,297.2638112333231
2,30.0,299.1701712683524,299.0753673816438,297.27534117828327
2,30.5,299.127582731849,299.0385961583113,297.2877243995606
2,31.0,299.08921191867614,299.0202562765832,297.3297342065859
2,31.5,299.0634368905923,299.00485756331807,297.3453797564381
2,32.0,299.0272142550933,298.97523109683306,297.37472915594043
2,32.5,299.00659485793875,298.94988850868526,297.40036451662286
2,33.0,298.9861454650422,298.926962931767,297.40645463271153
2,33.5,298.97277963235086,298.9074325875712,297.42901089529533
2,34.0,298.9577150066255,298.87284726183486,297.47099170096976
2,34.5,298.9031718245378,298.8682042730339,297.4813154050432
2,35.0,298.8981092142245,298.84661472696183,297.4806546616613
2,35.5,298.8616426342255,298.82332040149663,297.53331718993724
2,36.0,298.8553215520121,298.8051281090867,297.5467846803369
2,36.5,298.82842978130293,298.78321222174276,297.5549578377699
2,37.0,298.79121802259596,298.78185883585303,297.56642440199425
2,37.5,298.79919825538843,298.7424548386755,297.6049239598684
2,38.0,298.76483723579236,298.7226135890449,297.6165255972983
2,38.5,298.7470864874321,298.7010326030386,297.65283279167494
2,39.0,298.72381557450535,298.68163786985065,297.6487067201303
2,39.5,298.71059082637964,298.66340237359833,297.6634177477327
2,40.0,298.70455016544474,298.651324965984,297.6724590966667
2,40.5,298.68201803364957,298.64433695489726,297.69644908359965
2,41.0,298.6713229672159,298.63366865039023,297.70826349680567
2,41.5,298.6562535819763,298.61655674577656,297.7278522541562
2,42.0,298.6508970718068,298.59453425213536,297.7230474449733
2,42.5,298.61976311410564,298.59774774234097,297.73644746956495
2,43.0,298.59435410946287,298.5830960641494,297.7481781038492
2,43.5,298.60614497583447,298.5614493476488,297.7726826312905
2,44.0,298.5789138312493,298.544236874314,297.79121254788566
2,44.5,298.58052441417664,298.5443356355953,297.78275379176154
2,45.0,298.56074413273024,298.529170666515,297.79387722984785
2,45.5,298.54350158327856,298.50159294801307,297.8117277515845
2,46.0,298.53656300927474,298.50451120005823,297.81628018422873
2,46.5,298.5411966614203,298.4972517158769,297.8381072402029
2,47.0,298.5314062385865,298.47538871480896,297.8156249169789
2,47.5,298.50060868200734,298.47634301462847,297.839147433837
2,48.0,298.4911139819965,298.4502508283761,297.848586387811
2,48.5,298.4901809704752,298.46880215237627,297.8419355405125
2,49.0,298.4611685406745,298.45883926774917,297.86397171245284
2,49.5,298.46345360189156,298.4350240360167,297.8726737044433
2,50.0,298.45064452344775,298.4326351319177,297.88778705476335
2,50.5,298.44509659371363,298.39660689741623,297.9086635334671
2,51.0,298.42494413848686,298.4010947617222,297.9025890321724
2,51.5,298.40896051377484,298.4019118312565,297.902014099301
2,52.0,298.39595509098433,298.3865518195258,297.9188187612211
2,52.5,298.39758275087763,298.3970658888594,297.9367360259253
2,53.0,298.3964772128767,298.402762211795,297.92313684620876
2,53.5,298.39066812252884,298.36410247222994,297.93024505418924
2,54.0,298.4057303219942,298.3607791043609,297.9511987670863
2,54.5,298.39039121794764,298.364992970144,297.9494742032322
2,55.0,298.3628925476831,298.3724280900274,297.964060047322
2,55.5,298.36937540787466,298.33795956294654,297.9631690895181
2,56.0,298.3554090692829,298.34672239292996,297.9758724839036
2,56.5,298.3504085584425,298.35667067274915,297.9638903460914
2,57.0,298.3490629423273,298.3163374121781,297.979345456736
2,57.5,298.34753852549034,298.31460819427747,297.9824292357147
2,58.0,298.3322656567598,298.31790831436075,297.9772963346104
2,58.5,298.34077730110727,298.31182079712556,297.9785933291236
2,59.0,298.3133640367907,298.32018713991636,298.00571656854265
2,59.5,298.3196506537167,298.3096597917856,297.9998428475459
2,60.0,298.34052232189055,298.28481887459145,297.9974892786023
3,0.5,293.6019708688976,293.2456589668716,293.1661694708922
3,1.0,294.18069585384416,293.5247323365261,293.15148722923954
3,1.5,294.6661237479422,293.9406394197174,293.1422183214831
3,2.0,295.16659109478564,294.3523893369328,293.1587650625337
3,2.5,295.64805775704787,294.7913916697525,293.1760519298555
3,3.0,296.13521500465873,295.2283583913078,293.1901276615368
3,3.5,296.5765937673632,295.6860964138159,293.24002276441286
3,4.0,297.02577649157337,296.08658882005955,293.2852365535215
3,4.5,297.44309764457205,296.4888476676084,293.3626817523041
3,5.0,297.8724254857025,296.9176927222982,293.42452910781753
3,5.5,298.3104790716297,297.31094230787505,293.5012869053845
3,6.0,298.7226678348273,297.71094699266376,293.5914174127782
3,6.5,299.1377434849597,298.1211823532203,293.69080585690665
3,7.0,299.5349720639072,298.50385389048756,293.7979319985517
3,7.5,299.93894126406207,298.8931808872178,293.89147838370866
3,8.0,300.33203602917024,299.27298746196226,294.0067850389552
3,8.5,300.7277511766152,299.6544470995646,294.1495356812796
3,9.0,301.1130037635172,300.0295138100025,294.26081635598763
3,9.5,301.4693359013283,300.37618327585744,294.38203079184626
3,10.0,301.83948688449766,300.7687599498701,294.536391111314
3,10.5,301.79146270588865,301.0385969822601,294.6765543364966
3,11.0,301.5954085242785,301.09567683538666,294.80037068462315
3,11.5,301.4186759956213,301.066882449423,294.96358285643913
3,12.0,301.27895866357113,300.9909368224287,295.1122389858276
3,12.5,301.18068316648606,300.89612094190096,295.2466563618775
3,13.0,301.08023501275375,300.8234335944146,295.37963527602346
3,13.5,300.98708882371204,300.7158589053579,295.48128204636976
3,14.0,300.8782009852238,300.642371797605,295.61228141408367
3,14.5,300.7781987958675,300.56093504540837,295.7116714062953
3,15.0,300.68624910337417,300.4897680246599,295.80829778994007
3,15.5,300.61250736026255,300.41942673878015,295.91363140438625
3,16.0,300.5302052974029,300.3357475878646,296.00554540771003
3,16.5,300.4471486934573,300.2848775789422,296.08915794467646
3,17.0,300.4049328151662,300.21254070562236,296.1600084121053
3,17.5,300.3322702782444,300.12959635656887,296.21708271761787
3,18.0,300.25839094139104,300.06773878493436,296.28913170421697
3,18.5,300.17290645437976,300.0281004663829,296.3571796861035
3,19.0,300.1280755775394,299.9688998261396,296.4114427817577
3,19.5,300.06552736596495,299.9148540116848,296.46935878424523
3,20.0,300.005240556495,299.8621940176793,296.5314606860022
3,20.5,299.95696862348206,299.8130430711753,296.5753736388846
3,21.0,299.89635995401676,299.7702328540005,296.61918013000104
3,21.5,299.84473114020534,299.70120211495953,296.6707662721925
3,22.0,299.7927357760831,299.65367560384055,296.7277674721213
3,22.5,299.7404481992062,299.60901121873206,296.76618544101996
3,23.0,299.6714480948632,299.5787950979793,296.8126099247631
3,23.5,299.6438720785577,299.5456778800285,296.8573886225861
3,24.0,299.5926750477519,299.4875501068747,296.886938539318
3,24.5,299.5420345934716,299.42674848601206,296.9368495735138
3,25.0,299.5295910089507,299.3958510807155,296.9703503493279
3,25.5,299.4892983083299,299.36686852000736,296.9902299044197
3,26.0,299.4460862981048,299.33307260140907,297.0518189284115
3,26.5,299.3967391531163,299.29912269434345,297.0660631458457
3,27.0,299.3705525290465,299.2692189729739,297.0871017319534
3,27.5,299.32115351829384,299.23237788564956,297.1247382020308
3,28.0,299.2881380354855,299.21365365202354,297.15551096190023
3,28.5,299.2413073585725,299.16503612203144,297.1958126095155
3,29.0,299.2233650093923,299.1327499103997,297.2211956684406
3,29.5,299.18814047503525,299.11665015299207,297.2483177252784
3,30.0,299.1436088882884,299.06787661869555,297.28477611498096
3,30.5,299.1261494941465,299.05935775687686,297.3080427796642
3,31.0,299.09678860527583,299.02954410308416,297.33307031355713
3,31.5,299.0873565057807,299.0009064794078,297.3585022719593
3,32.0,299.0509617535041,298.99290612415905,297.3843139120071
3,32.5,299.015590650867,298.9462002099218,297.3801008609019
3,33.0,298.99221350502097,298.949157762186,297.41986677234905
3,33.5,298.96518590593814,298.9031443906727,297.4233653780436
3,34.0,298.9384781684659,298.8701624578046,297.4665316318825
3,34.5,298.9061693677177,298.86183497243485,297.4864962622826
3,35.0,298.89267042076585,298.8292256152548,297.5167574278274
3,35.5,298.86458709105057,298.81195246364194,297.53734509349835
3,36.0,298.8380714257382,298.80353310765935,297.54608873326663
3,36.5,298.83485286595527,298.7858038626212,297.5570929752363
3,37.0,298.8134397274538,298.75528642582316,297.58444431523026
3,37.5,298.7720482103591,298.75319983183647,297.591286704532
3,38.0,298.7696603965455,298.7372594988085,297.61301816455824
3,38.5,298.7623825036748,298.7229308964078,297.6388681320177
3,39.0,298.7451053360072,298.6972546306277,297.63892712068315
3,39.5,298.7273920275754,298.6894813785952,297.6675975027125
3,40.0,298.70066039310683,298.6414049548365,297.68090238965476
3,40.5,298.67546002377924,298.6418646932275,297.6787334067563
3,41.0,298.65719935891946,298.621655646542,297.71175158607537
3,41.5,298.65608041248447,298.61723758380236,297.72232066752423
3,42.0,298.6414832555952,298.5964751127177,297.7292799330334
3,42.5,298.63606428673035,298.58708431828126,297.73317830971416
3,43.0,298.62012248413475,298.59452368622846,297.7443770753726
3,43.5,298.59415046510344,298.56134863275884,297.7593979883097
3,44.0,298.56978665418166,298.5549039589325,297.7816547481156
3,44.5,298.56618742376077,298.5365286630878,297.777785945019
3,45.0,298.5590826735465,298.5280480635197,297.80250008961195
3,45.5,298.54279212612664,298.51613438741157,297.79616942405704
3,46.0,298.5272963092535,298.5096742432778,297.81669711338446
3,46.5,298.5242153839688,298.50628443311166,297.8296831812172
3,47.0,298.5055968558819,298.5008596026499,297.8625939913357
3,47.5,298.49363420981877,298.47754078151917,297.83364132775097
3,48.0,298.4926266044063,298.47069452208905,297.8711306968155
3,48.5,298.47539864309925,298.4439316462843,297.86663752477625
3,49.0,298.472066194892,298.4454810004744,297.8777198160767
3,49.5,298.4628549383939,298.4469521040086,297.8830087447356
3,50.0,298.43950886191635,298.43766027492353,297.8942453694905
3,50.5,298.4371451003604,298.4228222144022,297.8959970235069
3,51.0,298.44765559594555,298.42152217792056,297.91958014049885
3,51.5,298.4132353935806,298.4097572875479,297.90775752506147
3,52.0,298.3955183808546,298.40927621232265,297.930710652355
3,52.5,298.39013814047513,298.39281551560265,297.91980061850876
3,53.0,298.4013550651918,298.3792322633318,297.9322939159059
3,53.5,298.39390921117564,298.3792270319936,297.92863117750557
3,54.0,298.38518190181566,298.3398477946433,297.950163514697
3,54.5,298.3914731825378,298.3664673438247,297.9661408239588
3,55.0,298.3457851145155,298.31983280029027,297.95681163861667
3,55.5,298.3698576620945,298.3329486719979,297.961336700449
3,56.0,298.37509423366447,298.3487497177163,297.95770967779197
3,56.5,298.34197438917397,298.3432329776137,297.97194820069626
3,57.0,298.34341162071524,298.32123071585846,297.9635383606466
3,57.5,298.3338178951483,298.32029786592716,297.97540735599114
3,58.0,298.3267147811378,298.3358497903115,297.99172310431254
3,58.5,298.3268761657297,298.3121863799384,298.0074182405797
3,59.0,298.3390582718889,298.33449033016285,298.0269511868022
3,59.5,298.33796112984794,298.3072239960556,297.9974865205174
3,60.0,298.3111861923742,298.30664885695666,298.02206508298525
4,0.5,293.6053701830708,293.213382953398,293.14239563842654
4,1.0,294.1679031888032,293.51951463044924,293.14456941643675
4,1.5,294.69325707091315,293.92730477654516,293.1520192833415
4,2.0,295.18217664652144,294.35229835636324,293.14423349359726
4,2.5,295.65839057872296,294.783575455288,293.17869573750664
4,3.0,296.11651988436324,295.2179615219641,293.21344974078806
4,3.5,296.559786800936,295.6471845063781,293.2455104233613
4,4.0,297.00266706714353,296.0692808680245,293.27676949881965
4,4.5,297.4610317025961,296.5187366416807,293.35220008178896
4,5.0,297.88085384355435,296.91097785430736,293.43160327810546
4,5.5,298.3000400454659,297.32342822378996,293.48533497521635
4,6.0,298.72217014778516,297.7109537198116,293.58173157194625
4,6.5,299.1402054193002,298.11023677284953,293.6973400727634
4,7.0,299.5386524132468,298.49640749479613,293.7944648108967
4,7.5,299.9295992774311,298.8638780447235,293.9055952218166
4,8.0,300.3427177678777,299.25906751697516,294.0357958633576
4,8.5,300.73576535775413,299.6329750814987,294.1431744169106
4,9.0,301.10987924725094,300.0027663132487,294.271518604814
4,9.5,301.49527125638565,300.3835993554415,294.4233066680444
4,10.0,301.8743791700192,300.77534377997785,294.5298149386393
4,10.5,301.7927462450762,301.04797281478136,294.6639418108001
4,11.0,301.58967226511703,301.12300546436546,294.8199558011782
4,11.5,301.4348656962872,301.0715763876306,294.9656779495784
4,12.0,301.30275362337005,300.9979226006527,295.0996160009839
4,12.5,301.1687194415305,300.8940470335936,295.2325885271649
4,13.0,301.07793386205884,300.82036278537987,295.39641390540675
4,13.5,300.9555547387764,300.7365677993623,295.49859317205454
4,14.0,300.86509201495153,300.64067476217036,295.6016481587197
4,14.5,300.7949516135115,300.57237919046383,295.7238569069128
4,15.0,300.703582611217,300.495895774949,295.8120342400117
4,15.5,300.6272668302427,300.41114256972236,295.9023970338289
4,16.0,300.5304812006049,300.3345988330381,295.99637539132243
4,16.5,300.4457768841018,300.26579346884864,296.0582954214481
4,17.0,300.38204088668687,300.21277573735824,296.1503866054294
4,17.5,300.31543890719604,300.1517859177899,296.2373096075115
4,18.0,300.2478203417189,300.0793994410338,296.29026627920865
4,18.5,300.1934517631454,300.02848951272546,296.34574933634786
4,19.0,300.1159126800464,299.97681486967883,296.4051599494604
4,19.5,300.062651446588,299.92207011996715,296.4639477426327
4,20.0,299.9909288287586,299.87799264344585,296.520683527903
4,20.5,299.94897514359207,299.8235572811022,296.5721884000173
4,21.0,299.89003732809,299.75074344357444,296.6356361137755
4,21.5,299.82983286445943,299.7291490260641,296.6575789118188
4,22.0,299.78400841962764,299.660085554724,296.73004836884803
4,22.5,299.735198527661,299.63039318543554,296.7623586428565
4,23.0,299.6865826548669,299.5765857975681,296.8129773028514
4,23.5,299.6607492802063,299.52910691245745,296.83941795106205
4,24.0,299.59725250731736,299.47378653265935,296.9039732646155
4,24.5,299.5523940419463,299.4500498393515,296.9417434414793
4,25.0,299.49179833318163,299.39729717698856,296.9761578285508
4,25.5,299.46306628140127,299.3848718795938,296.9874304875309
4,26.0,299.42986335785724,299.35381781685544,297.04568709121025
4,26.5,299.38732849218593,299.29523747072307,297.0751191441596
4,27.0,299.37086335377074,299.27185286916927,297.08759997291395
4,27.5,299.31938360873386,299.2282414337377,297.13494566528897
4,28.0,299.2989945052097,299.19687540861673,297.16936675839736
4,28.5,299.2528591186176,299.1795412421269,297.20085162906713
4,29.0,299.2197673747115,299.140987707376,297.22570678716556
4,29.5,299.1866486512739,299.1292578780262,297.2545983591233
4,30.0,299.15667337197294,299.0784107146078,297.29331520924865
4,30.5,299.14384941529516,299.06545420314836,297.3169043651514
4,31.0,299.0743897936469,299.02949270537647,297.3012392853129
4,31.5,299.04936543666986,299.0103386844044,297.35122960183764
4,32.0,299.03658791190844,298.97255178651426,297.3765060550516
4,32.5,299.01562147529546,298.9519266959992,297.3836594085924
4,33.0,298.9966266761706,298.92739979168783,297.424452985454
4,33.5,298.96947465413734,298.89703813401655,297.45765505641265
4,34.0,298.93666484918504,298.8895534376001,297.4553053540186
4,34.5,298.92718407662403,298.8676382666807,297.48990660139174
4,35.0,298.90448289357346,298.84592361420704,297.49714387030656
4,35.5,298.8738886519298,298.83483967865925,297.5187496293343
4,36.0,298.8602011568523,298.8140562226716,297.55883491912584
4,36.5,298.8324671004441,298.7764985948362,297.55667100780914
4,37.0,298.8039122505866,298.76523862601005,297.5842148289949
4,37.5,298.79689345386276,298.7370897734934,297.57785369974465
4,38.0,298.77199337414623,298.7259179743894,297.6316552666866
4,38.5,298.7524388882834,298.70257038435096,297.63503329331115
4,39.0,298.74924263434013,298.7081611996478,297.64267983571654
4,39.5,298.69262493786107,298.67948407297774,297.66529618142005
4,40.0,298.6860944193362,298.6580326478352,297.66003018167834
4,40.5,298.6720397727952,298.65697994443235,297.7001066323452
4,41.0,298.6644037407174,298.6086195450073,297.6987727970382
4,41.5,298.6500882817393,298.5959042992424,297.71329430892007
4,42.0,298.6226171987738,298.6101479914619,297.72334411801
4,42.5,298.6133393952912,298.5893505811819,297.73499503026693
4,43.0,298.6005142708461,298.578206400429,297.7599158416747
4,43.5,298.6200469925895,298.5497818696898,297.76733368257976
4,44.0,298.60024613244775,298.5505336986521,297.78274628489675
4,44.5,298.565260995554,298.558886450491,297.7872542497982
4,45.0,298.55327452869534,298.5355329268381,297.8032569652365
4,45.5,298.5333209186087,298.51777128605863,297.80439849190657
4,46.0,298.513993946202,298.500800463517,297.84103511764295
4,46.5,298.520517733955,298.4906856292375,297.8129073995072
4,47.0,298.50065791346356,298.46309368378184,297.85075206312075
4,47.5,298.4990663653394,298.4770209849093,297.86109355881337
4,48.0,298.4735100175729,298.4732538843135,297.84788896309095
4,48.5,298.47179882431743,298.4396840981044,297.88743183674194
4,49.0,298.47111142195524,298.4397455989755,297.883562999726
4,49.5,298.4637849941432,298.4259745630374,297.89153665566994
4,50.0,298.4550778715147,298.41934707659124,297.8900783231788
4,50.5,298.4287526217575,298.42124093334246,297.8953616129683
4,51.0,298.44182468384776,298.391814216775,297.9029455504139
4,51.5,298.4168540717419,298.4109923248416,297.9162275424669
4,52.0,298.42301350449037,298.4048117004394,297.93340016938356
4,52.5,298.4086502052414,298.3874108981527,297.9280574318895
4,53.0,298.38730009073527,298.35798216138767,297.92378199813857
4,53.5,298.3904380613495,298.3659044331642,297.9475950736523
4,54.0,298.3900116477906,298.38148275774284,297.95482478495745
4,54.5,298.3854609380533,298.3348585436536,297.958236159674
4,55.0,298.37110357987206,298.3528416944205,297.96504018948013
4,55.5,298.3812161122562,298.3383832982872,297.9605962761345
4,56.0,298.36955495935626,298.35227773472275,297.9595659557514
4,56.5,298.3506856556589,298.33170654471957,297.96555919292535
4,57.0,298.3547109039545,298.33689454386723,297.96311167075925
4,57.5,298.36068474917244,298.33307349053763,297.9869056219738
4,58.0,298.35526308760643,298.34050663882266,297.9886207560192
4,58.5,298.31785878697167,298.3149972618173,297.989828231557
4,59.0,298.3155180879405,298.31582157073507,297.96930288994645
4,59.5,298.3344364509604,298.2923926397961,297.99087919667113
4,60.0,298.3039627741162,298.31447263082083,298.0189204879328
5,0.5,293.59628639826616,293.22268796677224,293.13499403287943
5,1.0,294.1730215820472,293.5257758148766,293.13992285679984
5,1.5,294.67502427209615,293.91493675837586,293.1468636478264
5,2.0,295.19594453650825,294.34185400260765,293.17214654517346
5,2.5,295.6558463448663,294.7806788794028,293.1700130033085
5,3.0,296.12350361995635,295.21835551494166,293.2101772146521
5,3.5,296.5970256954528,295.64267313902434,293.23719792309765
5,4.0,297.03326772017465,296.0796965599017,293.29513795007
5,4.5,297.4514335975504,296.50321746964573,293.3520242197108
5,5.0,297.87768864260653,296.8921317605875,293.4329135550766
5,5.5,298.30274548434727,297.31481192035807,293.4987667494938
5,6.0,298.7271840740027,297.7136451365401,293.57675394958443
5,6.5,299.1312038554285,298.11551142647676,293.674755146409
5,7.0,299.5328963323665,298.5034136469288,293.78644508161534
5,7.5,299.9508316393046,298.87585913527334,293.88898490628856
5,8.0,300.3293127394034,299.26022371675504,294.02130303543817
5,8.5,300.7429693936547,299.6513755040544,294.133831207477
5,9.0,301.1058411063353,300.03555196022563,294.28868579020997
5,9.5,301.50338780521446,300.37341107147404,294.3788220668209
5,10.0,301.86553276427816,300.76555148898206,294.5339893160073
5,10.5,301.7910748576446,301.06031339651133,294.6606411082012
5,11.0,301.57628516283074,301.1085695679802,294.8107438237919
5,11.5,301.42034463359056,301.07296858682184,294.9627022340179
5,12.0,301.30215407718674,300.9830663215866,295.08162944115463
5,12.5,301.1895783507007,300.9018623415539,295.24528075852834
5,13.0,301.07132919551026,300.79891414065486,295.39234453580855
5,13.5,300.95624894513685,300.7058372239374,295.49079035436694
5,14.0,300.85943542583993,300.655868893105,295.6115690911017
5,14.5,300.76764459881156,300.55693383748047,295.72494682082123
5,15.0,300.6775041884606,300.48567861891325,295.81148615652705
5,15.5,300.6134877009403,300.40277367340093,295.8991162464068
5,16.0,300.54444838365885,300.33172682033,295.9679952985661
5,16.5,300.45716521464533,300.27589637516667,296.07762415132436
5,17.0,300.36184111108423,300.20461490999764,296.14572864929295
5,17.5,300.3125109896203,300.1522955290819,296.2080532209203
5,18.0,300.2454024645892,300.09185008352813,296.28687046968946
5,18.5,300.20307494586007,300.0314321557754,296.34367465381763
5,19.0,300.1049540051672,299.97349550722674,296.40494674095356
5,19.5,300.055224325844,299.9316658948698,296.47411405392717
5,20.0,300.0178736270584,299.8517979045542,296.50983933057023
5,20.5,299.94897175422506,299.81023812411814,296.58643961820565
5,21.0,299.8956393733233,299.7720832561072,296.61249613773356
5,21.5,299.8384768422125,299.72495856206206,296.6682839887673
5,22.0,299.78966614863594,299.6511776832761,296.7406578302846
5,22.5,299.744816380429,299.6168209028944,296.7774290557244
5,23.0,299.6811893429714,299.58948714226625,296.8101838649194
5,23.5,299.6518164535727,299.538309197294,296.84128252800906
5,24.0,299.58450693717157,299.4938161315719,296.88539423088
5,24.5,299.55811668277636,299.4495886375193,296.9300198450234
5,25.0,299.5145602523906,299.4090530000845,296.9669371556167
5,25.5,299.4658454240391,299.3780810778662,297.00166932599257
5,26.0,299.43226723934856,299.3361261490342,297.03708755535877
5,26.5,299.38796161742107,299.3027807944056,297.0689268421862
5,27.0,299.34632926456834,299.2696191488052,297.08923289802885
5,27.5,299.3174968390717,299.22871463367284,297.1300235317051
5,28.0,299.27507017636276,299.2084815496569,297.17486765404686
5,28.5,299.25547004691805,299.20093874157243,297.1816075333534
5,29.0,299.20789424140577,299.12360322360115,297.2220386183807
5,29.5,299.1946563859809,299.11510152284876,297.2434885056671
5,30.0,299.14482061877743,299.07563113850864,297.2796925996201
5,30.5,299.12099851610884,299.0612348655988,297.3007576942416
5,31.0,299.09133986683224,299.02898414598013,297.34468377150046
5,31.5,299.082632361403,299.0099994520474,297.35946981892795
5,32.0,299.04532251967515,298.98877842885264,297.3650345336693
5,32.5,299.0133588584506,298.95434649555244,297.4078926744358
5,33.0,298.9947128263337,298.93987530336494,297.41576463630906
5,33.5,298.9436718586838,298.8819557262271,297.43939751497476
5,34.0,298.94007597241745,298.8988371452335,297.4693092228156
5,34.5,298.93696878146966,298.8648863981438,297.48162511780754
5,35.0,298.89550440460596,298.85076650081544,297.51523066324273
5,35.5,298.87272720530876,298.80727126467167,297.517723648956
5,36.0,298.85605586492386,298.79125507584314,297.5378715172582
5,36.5,298.8386967002429,298.78170742467614,297.5555328770748
5,37.0,298.78955241392555,298.76133772393234,297.57393631662126
5,37.5,298.7730920206549,298.7461564662661,297.6075577964607
5,38.0,298.7729901558313,298.7365295728376,297.61932005400877
5,38.5,298.74527672419686,298.6909156756891,297.64610620838823
5,39.0,298.74763335124044,298.7016986872736,297.667181276182
5,39.5,298.71398191524764,298.6759299105739,297.64923354600074
5,40.0,298.6809259536807,298.658175120505,297.6748325672411
5,40.5,298.6712303378905,298.6303326063699,297.6765193217612
5,41.0,298.64053958699674,298.635356185789,297.6942365855157
5,41.5,298.65029310806415,298.59190424668077,297.70903417896795
5,42.0,298.63580661397884,298.60867354502204,297.7176891254183
5,42.5,298.6189463485165,298.573824838346,297.7302826715654
5,43.0,298.6199114780216,298.57623651655257,297.7515262917732
5,43.5,298.6074579500339,298.5618541423497,297.75260742989485
5,44.0,298.5805248287367,298.5624614172335,297.7846500730741
5,44.5,298.5480315530561,298.53706480469685,297.77816466131884
5,45.0,298.5630831774033,298.52034954502864,297.82622065682676
5,45.5,298.55036656086565,298.5110081936475,297.8040731348362
5,46.0,298.53616916603585,298.51791983030563,297.81945797564805
5,46.5,298.5315013333122,298.499994327448,297.8156332918268
5,47.0,298.4989881523314,298.4805293628586,297.85520360746636
5,47.5,298.5200024245179,298.4720801165004,297.8586094911142
5,48.0,298.4799177985319,298.4491272823229,297.85937970985793
5,48.5,298.4869107981726,298.45932503338463,297.8516710751486
5,49.0,298.4527516740581,298.4287616108216,297.87571476567376
5,49.5,298.45082025129267,298.4450671740181,297.87061095514156
5,50.0,298.4660668383945,298.43028680446423,297.9044216539433
5,50.5,298.43934851336905,298.44457563507,297.905625821869
5,51.0,298.4416770525977,298.4016568827876,297.9059940290692
5,51.5,298.4272257425951,298.4038229995476,297.88795847987126
5,52.0,298.4156353437843,298.41525602674926,297.90955414684663
5,52.5,298.4223950952569,298.401835820436,297.9331219010269
5,53.0,298.39869737747955,298.3758271259717,297.94502527128714
5,53.5,298.3757926573197,298.37810829370795,297.95044250114336
5,54.0,298.3783256094504,298.36917373196593,297.9296931474711
5,54.5,298.3848432015356,298.3654580451348,297.9547050874577
5,55.0,298.37646854991016,298.3493301241826,297.9677403525797
5,55.5,298.3502277408478,298.3492901020449,297.94672220178023
5,56.0,298.35223642645235,298.3282515079541,297.96877680226896
5,56.5,298.34743498333086,298.3398089187597,297.97697955121487
5,57.0,298.343554989892,298.3373552103941,297.97645865739537
5,57.5,298.32758767843455,298.3251446922195,297.9660145173043
5,58.0,298.3293745305174,298.3059938715195,297.98619826275075
5,58.5,298.3228526809273,298.3269119998826,297.9909550542997
5,59.0,298.3324987516497,298.31570637741873,297.9973783541445
5,59.5,298.32767847620295,298.2999830436104,297.9977176571138
5,60.0,298.3130874800437,298.2997624907195,298.00328195988635
6,0.5,293.6025355954433,293.2156709941138,293.15922712413516
6,1.0,294.17384021132034,293.5346456292195,293.15677733299555
6,1.5,294.68588685876733,293.90388746414493,293.17140621005734
6,2.0,295.177460992401,294.36461223443894,293.1522279438775
6,2.5,295.65821016184935,294.7895300705016,293.1626165447039
6,3.0,296.1013940567326,295.21277969327696,293.1938317269739
6,3.5,296.5785382488063,295.6484767262992,293.2491855107918
6,4.0,297.01809768819754,296.06790372090006,293.2976377038041
6,4.5,297.4548961890293,296.5045825649165,293.35446074132875
6,5.0,297.8932281875312,296.91532702169314,293.4129534185846
6,5.5,298.286472779162,297.2973690219071,293.5117835358093
6,6.0,298.7023467528194,297.71180857330756,293.58023218430793
6,6.5,299.13499413522425,298.103464482998,293.7001641325464
6,7.0,299.53677760526523,298.5164781342944,293.82033824078616
6,7.5,299.9378615962294,298.8768941368914,293.90514001746106
6,8.0,300.3258335675695,299.2888899007905,294.02303199663794
6,8.5,300.7266170394667,299.65074832090335,294.1335602914366
6,9.0,301.1142600691276,300.0136448069644,294.24683759149883
6,9.5,301.49037444421174,300.38878020334437,294.3901720191419
6,10.0,301.859351285467,300.75407803477634,294.5210240318092
6,10.5,301.760368358036,301.03567099243827,294.65745059267215
6,11.0,301.5912236354263,301.1110480953396,294.83290143661566
6,11.5,301.4410995124786,301.05518740635466,294.9640166644648
6,12.0,301.3040026017564,300.96829335030816,295.1086800307095
6,12.5,301.17089639400234,300.8992592388382,295.2398222737085
6,13.0,301.07766457442693,300.7970947138738,295.3715867503614
6,13.5,300.9777181755673,300.7217590483409,295.504970244173
6,14.0,300.8886261719808,300.6373502062067,295.60864764134675
6,14.5,300.7731548635911,300.5580716260374,295.72000454327025
6,15.0,300.6929158637446,300.5102435283792,295.81116564854887
6,15.5,300.6198655678573,300.41720221160534,295.90150431938474
6,16.0,300.5337720451562,300.3482802274508,295.9766835209473
6,16.5,300.4461260964941,300.2598707692042,296.0514367535068
6,17.0,300.38859142150784,300.20537105060265,296.14424471437957
6,17.5,300.32020521056177,300.1506688454014,296.2187450263541
6,18.0,300.24791008351883,300.07707941020925,296.2727432022196
6,18.5,300.18431080762963,300.03730428774736,296.34916670873537
6,19.0,300.1169383252796,299.9590825334584,296.4107685278946
6,19.5,300.07391389122716,299.91302455146183,296.44649106230554
6,20.0,299.99180817841585,299.8566133258449,296.5140719080887
6,20.5,299.93859876318396,299.812430679374,296.58003910428226
6,21.0,299.8901160977234,299.7543514571834,296.6303435866587
6,21.5,299.8461205381193,299.709604227698,296.66337425368687
6,22.0,299.77139298154844,299.6630340188518,296.72301284884895
6,22.5,299.7239373176285,299.61260057973703,296.77637958036155
6,23.0,299.66890692108296,299.58075686999257,296.81697855458435
6,23.5,299.64336282003615,299.5356122899904,296.84973497229396
6,24.0,299.5870539091684,299.4909773618046,296.88600719081376
6,24.5,299.5509875019479,299.44746090111903,296.9229936470342
6,25.0,299.51938662465665,299.4208564496468,296.9712401211224
6,25.5,299.4655929277132,299.3728405447972,297.00452907502023
6,26.0,299.43480691232924,299.33558291740576,297.04368992056067
6,26.5,299.3911936398702,299.3042534809149,297.07238933141446
6,27.0,299.3637674209879,299.28579902857376,297.11184032488876
6,27.5,299.3257842671613,299.22209178687757,297.13613456445626
6,28.0,299.27919072575475,299.21085882484863,297.1735683006683
6,28.5,299.25055555474313,299.1528645834759,297.20399910403256
6,29.0,299.2298325303245,299.1435458215767,297.2158889071938
6,29.5,299.19147038445357,299.12761222588296,297.23360460448606
6,30.0,299.14266578887924,299.0881197246395,297.29401402388623
6,30.5,299.13321764587636,299.057167090609,297.3072106133594
6,31.0,299.08673979469006,299.02291407655883,297.31276497589573
6,31.5,299.08350602481386,299.0026913763119,297.34726579241385
6,32.0,299.0522606086174,298.9745027349335,297.3858713082508
6,32.5,299.01837505123524,298.9445625182954,297.39838362600835
6,33.0,298.9912979603573,298.92565602432603,297.4183905406785
6,33.5,298.9626534595968,298.90738251677124,297.45917629729166
6,34.0,298.94729254782783,298.87526045156903,297.4556981611507
6,34.5,298.913285857997,298.85307295841807,297.4785610584273
6,35.0,298.89653663824834,298.8263856328821,297.50841596982997
6,35.5,298.88076741728224,298.823377272381,297.5293732988917
6,36.0,298.84495651569216,298.8050160072789,297.54902441312754
6,36.5,298.8235787204099,298.78256464617704,297.57120896645597
6,37.0,298.7975834260472,298.771159807753,297.58157849031164
6,37.5,298.7792705580115,298.7442044567568,297.60145972029466
6,38.0,298.752603289806,298.72960453060193,297.61043999847954
6,38.5,298.759723777706,298.7116062530985,297.6296337518805
6,39.0,298.7526022440391,298.69104509636225,297.64558017594356
6,39.5,298.7313869485812,298.67053887319304,297.66169169767824
6,40.0,298.6840104161515,298.68235446527416,297.68185377404365
6,40.5,298.6911590237745,298.64052424891526,297.69383278174706
6,41.0,298.6822574106923,298.623666921994,297.70245481482215
6,41.5,298.6480662636296,298.62038542342555,297.7072437442211
6,42.0,298.638704929558,298.6047081490626,297.7289373867403
6,42.5,298.6031120451063,298.57469798122463,297.7405213664455
6,43.0,298.6117900493111,298.58692871997204,297.7549009513565
6,43.5,298.5848371543744,298.56210388496953,297.7868398671501
6,44.0,298.5842250631494,298.5396567248084,297.7709910756973
6,44.5,298.553766460509,298.55073919753056,297.7915650868843
6,45.0,298.5623389438432,298.5335476863561,297.80880958779824
6,45.5,298.55505808533485,298.50342880068774,297.8095669984868
6,46.0,298.52524345171713,298.52296283102066,297.8421162504206
6,46.5,298.51031731000495,298.50121933143987,297.8248063107542
6,47.0,298.4890762028705,298.4842837015176,297.8413835821083
6,47.5,298.4972507353153,298.4903467687563,297.83942642685724
6,48.0,298.4836961367205,298.466392031067,297.85289530379913
6,48.5,298.4639083747771,298.4551594606251,297.8676284397404
6,49.0,298.47415533856537,298.43975676673836,297.88207113751963
6,49.5,298.45562319434674,298.4433677137528,297.885016213942
6,50.0,298.4401457923408,298.4337666182126,297.9023892498019
6,50.5,298.4364117875427,298.42085291847314,297.8965842214446
6,51.0,298.4439908719357,298.4047583747862,297.9017179533859
6,51.5,298.43088555814546,298.40614891899963,297.9393620875765
6,52.0,298.4153846647293,298.3965751618824,297.92333068312763
6,52.5,298.4149476421922,298.3765871808458,297.9190494742511
6,53.0,298.3894548461622,298.36807112297424,297.9259537967474
6,53.5,298.3939237394026,298.38152015321236,297.9299240038831
6,54.0,298.3878312336748,298.34313485525126,297.95497897105207
6,54.5,298.37463291916356,298.3646925917305,297.94804579146063
6,55.0,298.3768680422061,298.35153609796487,297.95885882517143
6,55.5,298.3580939888037,298.3632657721407,297.96267047069165
6,56.0,298.3645780587242,298.3392973496154,297.9761707715021
6,56.5,298.3587707845382,298.34505252638354,297.96577368630295
6,57.0,298.3180380870262,298.32888586524746,297.96871058038244
6,57.5,298.3532498713557,298.32855636788076,297.98677910893014
6,58.0,298.30518191594507,298.3295127457346,297.9954648366985
6,58.5,298.32397829552434,298.31240112409085,297.99755343173325
6,59.0,298.33503689939465,298.3220266758838,297.99076454089897
6,59.5,298.3164143958405,298.2973062158163,298.01012721978896
6,60.0,298.2998837247999,298.30551442361343,298.00027347214785
7,0.5,293.59771727181896,293.23896083861405,293.14554003312264
7,1.0,294.15997613002344,293.5245101276717,293.15997886679435
7,1.5,294.7019427098824,293.93415191434,293.1550534929464
7,2.0,295.1878916970949,294.35609191018153,293.15288676498466
7,2.5,295.6633365552236,294.79466668285414,293.167748638379
7,3.0,296.133075330203,295.2283337390585,293.18730011506835
7,3.5,296.6018943900164,295.66128276014143,293.24548841690495
7,4.0,297.0010110581296,296.10085026879665,293.28911259898894
7,4.5,297.44711548795453,296.5056303762675,293.32971621945165
7,5.0,297.8774590936135,296.89219935041706,293.418825840348
7,5.5,298.29749273823865,297.3190272483987,293.49510452258346
7,6.0,298.7113092590419,297.7272593021738,293.60823600800614
7,6.5,299.1292595661305,298.1241233476868,293.67154685060365
7,7.0,299.52468273666364,298.49927698477927,293.77735034855743
7,7.5,299.9395102504729,298.9020445725246,293.9125752024264
7,8.0,300.3309718215355,299.28212503373913,294.030768546856
7,8.5,300.72478378937194,299.67680644266824,294.13103905973827
7,9.0,301.11001096521414,300.0177641336657,294.2586188664816
7,9.5,301.49156468980647,300.39047893942046,294.40236156673774
7,10.0,301.8582254806828,300.75903303269945,294.50868198625074
7,10.5,301.8026566859385,301.043514954958,294.65330870159124
7,11.0,301.58587558451075,301.10119961924465,294.81287050318724
7,11.5,301.41025737829017,301.0398398068048,294.9767869449458
7,12.0,301.2875332601789,300.98575001765835,295.10052585402167
7,12.5,301.16228778838575,300.90674958414365,295.2439218652778
7,13.0,301.07109997678174,300.8101910573829,295.38465335391146
7,13.5,300.9678948262472,300.7486344688569,295.51639358468344
7,14.0,300.86835375252383,300.6465749932199,295.6032025278022
7,14.5,300.8020252239574,300.5796940773095,295.71452923665265
7,15.0,300.7006702383308,300.4928481014906,295.83134624374077
7,15.5,300.6196538309603,300.4249021690326,295.8897038555402
7,16.0,300.52388720956236,300.34861893290014,296.00102847330885
7,16.5,300.4473079236013,300.29132259848666,296.0610310888068
7,17.0,300.3848133136486,300.2124700754403,296.1478850570613
7,17.5,300.3161486656202,300.1534770261829,296.2157538689602
7,18.0,300.22846733888434,300.0909880286749,296.2760243865797
7,18.5,300.1803118881293,300.0253408047309,296.3396804381091
7,19.0,300.11966610512513,299.97515932250667,296.41299514590725
7,19.5,300.0569796102123,299.9382320752825,296.47800653564775
7,20.0,299.9926811961295,299.8597698728237,296.5219257926516
7,20.5,299.9390766189924,299.81498212170874,296.5766675969322
7,21.0,299.8882376506524,299.77333414741065,296.63218474002764
7,21.5,299.8382389980784,299.72371569677813,296.66519481512074
7,22.0,299.79241462907487,299.66551248394677,296.7288252934281
7,22.5,299.7478488471757,299.5961105702814,296.77434893907855
7,23.0,299.6863407289251,299.58107295949407,296.83524408798195
7,23.5,299.63847430582246,299.5110336636558,296.8469267882585
7,24.0,299.60261352407576,299.5065628735665,296.88610613593033
7,24.5,299.56094145221215,299.45346022316556,296.93697675059326
7,25.0,299.5084308384251,299.42288774954034,296.97475296498243
7,25.5,299.47991228969073,299.36617777585354,296.99722716375504
7,26.0,299.4422899455134,299.32312481555107,297.0333642537303
7,26.5,299.4071038836043,299.3058141244574,297.07648190166543
7,27.0,299.37482948690416,299.2684971273445,297.09537684297794
7,27.5,299.3123688251012,299.2305799406962,297.13108329924654
7,28.0,299.28624904480984,299.2040068687254,297.1666173411807
7,28.5,299.2523548492433,299.19947065400856,297.2052502631771
7,29.0,299.21841436066194,299.1497183454681,297.21788818733427
7,29.5,299.1810439865549,299.1223563836655,297.2332622003345
7,30.0,299.1417797894244,299.0916724083104,297.25941312065095
7,30.5,299.1275882597249,299.07025546126215,297.2920498953852
7,31.0,299.08990234431894,299.0266178545179,297.3167781576687
7,31.5,299.0702408289217,298.9818332912302,297.35285787979984
7,32.0,299.034079184802,298.9751375017575,297.3662637637911
7,32.5,299.0044796130176,298.9605396414747,297.3941528447215
7,33.0,298.99206861552676,298.91885677652965,297.41577029602183
7,33.5,298.96625299742516,298.9036350456601,297.44076240008
7,34.0,298.9463001280271,298.8760149248243,297.47939607592974
7,34.5,298.9388522773558,298.87615606914335,297.49316206789916
7,35.0,298.896953834854,298.84748263741204,297.50646339923225
7,35.5,298.8768988912877,298.82598542832653,297.52085848676535
7,36.0,298.83979896783876,298.8057787877904,297.5397286562179
7,36.5,298.8168715734044,298.7798755492092,297.5653740507098
7,37.0,298.82535537532215,298.763483665651,297.58543439483833
7,37.5,298.78068048767346,298.73147393458066,297.58748970584423
7,38.0,298.76044780220576,298.70382000144076,297.6133968986288
7,38.5,298.75203450060366,298.7100686901456,297.6086905731615
7,39.0,298.7336111744845,298.69520039911913,297.64662197198476
7,39.5,298.7081085940821,298.6879397371586,297.6671622087396
7,40.0,298.69722152885066,298.6759262972771,297.671327689699
7,40.5,298.69620423423544,298.6607437435638,297.70644659488903
7,41.0,298.6599764111047,298.6203454631723,297.6932002603188
7,41.5,298.63869763859327,298.61252267484156,297.7175094082236
7,42.0,298.6471163914605,298.6069929478685,297.72790242669305
7,42.5,298.6281139447337,298.6140649434782,297.73979856761997
7,43.0,298.6029175014248,298.5905029294635,297.75182591387835
7,43.5,298.5796510815075,298.574239802343,297.7658456643788
7,44.0,298.5747824794059,298.5468881562051,297.78470839091733
7,44.5,298.5688314453624,298.53001936007547,297.8011195590558
7,45.0,298.5685670824972,298.53518000947395,297.7981024646807
7,45.5,298.53444713883187,298.50506760796486,297.8167401400675
7,46.0,298.53223005151915,298.50280663910826,297.81172012976623
7,46.5,298.52843798241804,298.4934835782662,297.83624625819874
7,47.0,298.4868237598948,298.50031478356505,297.83052277464685
7,47.5,298.5102527323354,298.4708976076705,297.8583210836671
7,48.0,298.47768757034123,298.440406556843,297.8785169599245
7,48.5,298.4827385238351,298.46048473785277,297.8639182617567
7,49.0,298.47209198249834,298.43936954936754,297.85168266198843
7,49.5,298.47096876208,298.43797551960415,297.87634453626924
7,50.0,298.4564123957362,298.42813354153094,297.90211685265143
7,50.5,298.4181846066818,298.4179690771161,297.90306464242076
7,51.0,298.4254300340748,298.4205616441427,297.90752877467105
7,51.5,298.42623824000145,298.3895209716745,297.9224089200633
7,52.0,298.4147351264831,298.3921030074905,297.9242328410257
7,52.5,298.4135326993051,298.3967623031643,297.9384215415854
7,53.0,298.40895763128276,298.37664839873406,297.9420906711364
7,53.5,298.3996845557596,298.35978055233153,297.9545678075558
7,54.0,298.38421526094436,298.3758392918344,297.9492012383326
7,54.5,298.3608679141374,298.3738694327653,297.96074215840446
7,55.0,298.367958646358,298.35586697646596,297.954513929684
7,55.5,298.37006200483154,298.33057485008726,297.95729094932045
7,56.0,298.3485753791209,298.3512917291739,297.98592352382684
7,56.5,298.3595649441241,298.3218588054268,297.976403173995
7,57.0,298.3562936188058,298.33594299642834,297.98751510890247
7,57.5,298.3426154840835,298.3185442480985,297.98577353600245
7,58.0,298.3050204429355,298.3105459875677,297.9835900873423
7,58.5,298.3173579021528,298.3126075810833,297.9943379375281
7,59.0,298.34364531063767,298.3102281514745,298.0132190183676
7,59.5,298.31412188516276,298.30080111208355,298.00890477211084
7,60.0,298.29470415239325,298.30845552797,297.9905973498215
8,0.5,293.60078021370106,293.23249476624835,293.143056074488
8,1.0,294.1872386031977,293.52349750688256,293.13400736407596
8,1.5,294.6867931577774,293.913408523673,293.1469065660332
8,2.0,295.1635526947673,294.34375395630053,293.1687536102259
8,2.5,295.67621711032103,294.80455167845236,293.1709879981821
8,3.0,296.12742714108964,295.22313943178995,293.1968346448202
8,3.5,296.5730677689459,295.67071141796123,293.22436758170704
8,4.0,297.0143891418079,296.0729396017039,293.310184950007
8,4.5,297.4653227730612,296.4988323649192,293.36169531114655
8,5.0,297.8782010104529,296.9319295108257,293.4318819488884
8,5.5,298.31748349870765,297.30398676579927,293.5137921167438
8,6.0,298.7275070443752,297.6968663494938,293.59824631569984
8,6.5,299.1347029160259,298.1249622409343,293.6861313481708
8,7.0,299.5383039218699,298.4952749435559,293.79012621551357
8,7.5,299.93441014643037,298.8901880644316,293.8971998623494
8,8.0,300.3409112395233,299.2669884276391,294.04354832282553
8,8.5,300.7113200744033,299.6537628961081,294.1440480094385
8,9.0,301.08871442942944,300.0157587889563,294.2603017202962
8,9.5,301.49167902250116,300.39375354430564,294.4008541805139
8,10.0,301.8682719533317,300.7665923764496,294.52184429504166
8,10.5,301.7862476634373,301.0383340875957,294.6869657056222
8,11.0,301.5876085570421,301.1030989864458,294.8090671462376
8,11.5,301.42567682203304,301.0639927335256,294.9662988936107
8,12.0,301.3054318446804,300.9758088580533,295.11554293120076
8,12.5,301.17923723700846,300.8988303937187,295.2467601828025
8,13.0,301.0660554948821,300.816311241237,295.374260161104
8,13.5,300.96599396536516,300.7252851676057,295.49543275819923
8,14.0,300.89324440649057,300.6437274701634,295.6084066015648
8,14.5,300.76456620201293,300.5665847700486,295.70893061900074
8,15.0,300.700178290633,300.48367646273897,295.8086308572296
8,15.5,300.5956017430696,300.42354872159234,295.9197217520286
8,16.0,300.53211561105854,300.3601862986088,295.9896672962765
8,16.5,300.45296309766303,300.27299094824565,296.0633562814366
8,17.0,300.3635949756908,300.2167626642538,296.1416973574216
8,17.5,300.318308970128,300.14611964754766,296.22918376624114
8,18.0,300.2432300739336,300.09097957278874,296.29236056891835
8,18.5,300.1611228949322,300.0438814546242,296.355114749168
8,19.0,300.1279210652042,299.9761960947476,296.4076557902756
8,19.5,300.0734811636499,299.8981540674324,296.47378476706785
8,20.0,300.01571634367593,299.8670137985591,296.51678754343396
8,20.5,299.94806153521813,299.8231161102133,296.5733703250314
8,21.0,299.8904668239739,299.758540396202,296.63617104423867
8,21.5,299.85061256405123,299.72226951202987,296.68365377964005
8,22.0,299.8031905491028,299.65849416435805,296.71160926988443
8,22.5,299.7483759721549,299.60508906571573,296.75760024357885
8,23.0,299.67986883013805,299.5773176214959,296.81029484652254
8,23.5,299.64504931631575,299.5156636390345,296.8679491539108
8,24.0,299.60263212878334,299.48946579112817,296.87153130230234
8,24.5,299.5367368333589,299.4646339070801,296.93207042127324
8,25.0,299.51746644935395,299.39379338028414,296.95280148997756
8,25.5,299.4947382731809,299.3624039192762,296.9962347253536
8,26.0,299.4388934537598,299.32832956783244,297.03375159631895
8,26.5,299.40892114976214,299.3025733820189,297.06686550984887
8,27.0,299.35887542513825,299.26517599388757,297.0983147259887
8,27.5,299.32030080324796,299.24948671277474,297.13526070973046
8,28.0,299.2899227766173,299.212703739209,297.1603688578407
8,28.5,299.2440838057973,299.17674902454894,297.18066630248035
8,29.0,299.20975734447495,299.14282939313784,297.2317328696213
8,29.5,299.2001996613227,299.1157936953767,297.25921476662626
8,30.0,299.17035883288537,299.0746132158417,297.28701083842634
8,30.5,299.1167504021088,299.0640329433592,297.2892366810897
8,31.0,299.10726588895994,299.0173981287033,297.33289901637653
8,31.5,299.0685112943582,299.010734674246,297.3611637759441
8,32.0,299.04541770596387,298.98888478810875,297.36784054464266
8,32.5,299.02007838287045,298.9545309303956,297.40127212680153
8,33.0,298.9996691366042,298.9267926498912,297.42234848841855
8,33.5,298.9655709641757,298.9094018042481,297.4635889852742
8,34.0,298.95460892826685,298.8543174385533,297.48541599298466
8,34.5,298.9200877680892,298.86415835880973,297.46989902807155
8,35.0,298.9004227822666,298.8388545272796,297.5312413751368
8,35.5,298.8637154477017,298.8189637409895,297.5163164923596
8,36.0,298.8721611712345,298.80662809978816,297.5538677157274
8,36.5,298.8344388970418,298.77950035251905,297.57180156581893
8,37.0,298.8166570551079,298.7501060342592,297.5696358018364
8,37.5,298.77383342736067,298.74191175367775,297.6014985588436
8,38.0,298.76266022268965,298.7263599760691,297.61195675363
8,38.5,298.764804326695,298.7097172179579,297.63455006889444
8,39.0,298.7373820098012,298.6935796902293,297.64681155716687
8,39.5,298.69799586179823,298.6862407819235,297.67150411117376
8,40.0,298.71065416032764,298.64935259358595,297.6748823713993
8,40.5,298.6784726490154,298.6468007632754,297.68660258423336
8,41.0,298.6821495170518,298.6432249960914,297.71297328712376
8,41.5,298.65175600665094,298.5986992102217,297.7211389637191
8,42.0,298.6397375221117,298.60398607171743,297.7355788081029
8,42.5,298.6349805214002,298.582892111681,297.73415567757183
8,43.0,298.6001477579228,298.5719948335817,297.74251650774437
8,43.5,298.5855442835904,298.5539977556909,297.7590973926462
8,44.0,298.5802637287663,298.5490705286036,297.7700205896259
8,44.5,298.57765021772707,298.55726391253125,297.79520418937955
8,45.0,298.54360158907224,298.51464662702836,297.80788480762874
8,45.5,298.52813261258166,298.50437812058243,297.8070356764505
8,46.0,298.5413124596047,298.4921716569164,297.83304698941714
8,46.5,298.5156567526934,298.5119055406225,297.8422713976091
8,47.0,298.50671417316676,298.4797622656186,297.8405766790491
8,47.5,298.48134676663665,298.47418819009664,297.8391955665907
8,48.0,298.4827222829198,298.46077122381763,297.87216431764494
8,48.5,298.4793428959342,298.4459960625921,297.8645289271261
8,49.0,298.47892892957844,298.44400826143243,297.8748697488608
8,49.5,298.452410596503,298.4621316454171,297.87842921534565
8,50.0,298.4674769131296,298.4429212977491,297.8809001980456
8,50.5,298.43511195135727,298.41217673889633,297.88284748024734
8,51.0,298.4264469085305,298.4191339793555,297.91136832191984
8,51.5,298.4402297642269,298.3965343927313,297.90448822596477
8,52.0,298.41879952686793,298.37950947335156,297.94998361892317
8,52.5,298.4032363447174,298.40011703320977,297.9153835538848
8,53.0,298.39951263441424,298.39439017495397,297.9203226096201
8,53.5,298.40713077417075,298.3863291419347,297.94445219018456
8,54.0,298.4010200385662,298.3644550859096,297.9609064122832
8,54.5,298.3711633524559,298.3609707291208,297.952335460959
8,55.0,298.3720891207457,298.36381458407897,297.96330762461673
8,55.5,298.36679989162684,298.3540982664454,297.9448700832615
8,56.0,298.34961745054125,298.34029565699393,297.9620807319658
8,56.5,298.3526953462964,298.3222669660398,297.9635049699404
8,57.0,298.3472629144377,298.3339937556013,297.96051584474435
8,57.5,298.35274890910995,298.3382089827383,297.9857059381986
8,58.0,298.3477324918817,298.310168497535,297.9670269676354
8,58.5,298.32684669179633,298.3234142750709,297.9810061489414
8,59.0,298.3226438876135,298.31537654399017,297.9934871402498
8,59.5,298.3262301861136,298.3147446772197,297.9950395130086
8,60.0,298.3086937001353,298.31128825018504,298.01167616644085
9,0.5,293.6059884601858,293.2390985916997,293.1533362170236
9,1.0,294.17835365273004,293.53125349360744,293.1520320911435
9,1.5,294.69645496372306,293.9427637841642,293.1591182861351
9,2.0,295.19296560957827,294.33784399510193,293.16532345535956
9,2.5,295.6572674374667,294.7874274904089,293.1788344799306
9,3.0,296.1236378849997,295.22007843274196,293.2093412447156
9,3.5,296.5788830345532,295.63457105025816,293.242154254164
9,4.0,297.01951988614263,296.08867923635887,293.2967873884137
9,4.5,297.45052731066414,296.49321634734986,293.3461767307054
9,5.0,297.8802964191118,296.91539905564537,293.4278800483321
9,5.5,298.2978253504792,297.3381583525892,293.51079903972885
9,6.0,298.72630125981703,297.71231205757454,293.5857824178037
9,6.5,299.13131594503017,298.1078848097948,293.68909295771255
9,7.0,299.53021703631015,298.5047296763071,293.78552783145847
9,7.5,299.92953737860427,298.9002676016025,293.8962104390302
9,8.0,300.31835085104336,299.26718047949055,294.00595162173033
9,8.5,300.7297619161367,299.6447716523272,294.1511466383772
9,9.0,301.10571985739307,300.03583604373057,294.2755965764569
9,9.5,301.47690662107647,300.39933933842286,294.40157355131447
9,10.0,301.8700450475471,300.74164694055395,294.5516749437396
9,10.5,301.7758407638142,301.0361632584637,294.6700281814706
9,11.0,301.56946626707577,301.12511218538054,294.84599546134683
9,11.5,301.4390944487086,301.07148584469235,294.9590127451309
9,12.0,301.2921860477409,300.9824750530852,295.1074350884209
9,12.5,301.17560382737395,300.90135190697436,295.23893471822106
9,13.0,301.07133843069374,300.81525564256594,295.37703871678644
9,13.5,300.9805387707156,300.7366379906244,295.5036808866295
9,14.0,300.87323838241144,300.6328586011441,295.60783184860315
9,14.5,300.76992479157195,300.558374295371,295.73246480236116
9,15.0,300.70061917963113,300.4929634549119,295.8155171843737
9,15.5,300.60754295010327,300.4156397501287,295.90763070215314
9,16.0,300.5520771841571,300.3515451091872,295.9816626856582
9,16.5,300.4572881752946,300.26533967819404,296.07539923487593
9,17.0,300.3620949036786,300.21548196870174,296.14552006118214
9,17.5,300.3179922439452,300.15943165529575,296.2120976621408
9,18.0,300.2664764324781,300.09219288480983,296.2778397585052
9,18.5,300.1978741612433,300.02961477670976,296.37622909118323
9,19.0,300.137834927184,299.97015066329175,296.40759622976293
9,19.5,300.0489335000162,299.90753970129276,296.4534812881583
9,20.0,300.00993662421274,299.86175385632026,296.51624094008616
9,20.5,299.93725202541424,299.823384531309,296.5754507869501
9,21.0,299.8922491365823,299.759566072836,296.6319396696909
9,21.5,299.8246014735549,299.7034151240752,296.68045896806814
9,22.0,299.77992215560056,299.6604728488819,296.7281945138617
9,22.5,299.73027781815256,299.62195296028375,296.7597069050416
9,23.0,299.69826975896177,299.5721707913358,296.8126122294294
9,23.5,299.6510430590003,299.53808143907264,296.841927235523
9,24.0,299.60100516463376,299.4970919388646,296.88449052411687
9,24.5,299.5413287888675,299.46065531625766,296.92011000213256
9,25.0,299.50965644841824,299.42712660406426,296.9546780347473
9,25.5,299.46454719009165,299.38515747447906,297.0132201301774
9,26.0,299.44119084966877,299.32930749964254,297.0442819975094
9,26.5,299.4059688674759,299.29417123615025,297.08083724698304
9,27.0,299.36761013369727,299.2680754469795,297.1040458160455
9,27.5,299.31348079229366,299.2309835953854,297.14295671611535
9,28.0,299.25871473149357,299.1917769886485,297.1481085194606
9,28.5,299.2345724532958,299.1673793771465,297.20392175150937
9,29.0,299.2336113661281,299.13662796065825,297.2257053717961
9,29.5,299.1835240663578,299.10514292020923,297.2579571409563
9,30.0,299.1491281632741,299.0800751445333,297.2823793283166
9,30.5,299.143088068199,299.0672453483268,297.29477347450694
9,31.0,299.1102375003693,299.0305109516594,297.3149294370968
9,31.5,299.0696253813335,299.0270989950675,297.3472834457242
9,32.0,299.03908558930834,298.97872844494776,297.3838017381398
9,32.5,299.01415518434794,298.9495216266354,297.4080813084714
9,33.0,298.99199725990684,298.92859610930736,297.40983173209787
9,33.5,298.98074425497026,298.90796362494945,297.4353564850138
9,34.0,298.9447319825562,298.887285161826,297.4589386757551
9,34.5,298.924253930022,298.8819028898835,297.4829695414022
9,35.0,298.9058736406326,298.83153486260824,297.492681596771
9,35.5,298.8603513136068,298.82806048270186,297.51124823190975
9,36.0,298.85812320005215,298.80164028063535,297.53584262982
9,36.5,298.82679496026316,298.76453706430897,297.5629591243725
9,37.0,298.7843661288967,298.76921509064664,297.5677867607073
9,37.5,298.7686335900529,298.756002015994,297.59540784580554
9,38.0,298.76070606680526,298.7171126571905,297.6236176192341
9,38.5,298.75773772210175,298.7084785401632,297.615988971474
9,39.0,298.73565109427165,298.6747069539363,297.64244037655897
9,39.5,298.71897732621824,298.6632590268775,297.66978828365757
9,40.0,298.7197806958647,298.67069323489244,297.6699456920642
9,40.5,298.67121958091036,298.6403795936537,297.68254462801906
9,41.0,298.6677620136512,298.61923766935587,297.71364760293625
9,41.5,298.6556787186651,298.61833992883567,297.7122729832808
9,42.0,298.63032772408616,298.5969654805954,297.7393056244117
9,42.5,298.6234742430651,298.584037680123,297.74509119820567
9,43.0,298.59312319429046,298.5830951976832,297.7495406890293
9,43.5,298.6095718138415,298.55142849713366,297.76957151938467
9,44.0,298.57541256744497,298.5417123836338,297.77943329862114
9,44.5,298.5896924913786,298.5403921563085,297.79755102490304
9,45.0,298.55658561835924,298.5369850285476,297.79264151174715
9,45.5,298.55509349423454,298.5284558236221,297.80899904001365
9,46.0,298.53254222164435,298.49854038541446,297.8181226424328
9,46.5,298.5213790974965,298.5040051274254,297.8356281850879
9,47.0,298.5047961399638,298.47654423973916,297.8278908979407
9,47.5,298.5011061099497,298.49270667416914,297.85758425478855
9,48.0,298.49269206300744,298.4534613429745,297.8610738388723
9,48.5,298.47157598381136,298.46872507948405,297.85196984990006
9,49.0,298.46837470684363,298.4397949068304,297.88569072515133
9,49.5,298.4540219095048,298.4576816739077,297.9041661964097
9,50.0,298.4738997926234,298.43491379582787,297.899816441004
9,50.5,298.44106020389995,298.41054595178014,297.91180372222277
9,51.0,298.44873014806336,298.4074358535294,297.9058933525003
9,51.5,298.42289996539984,298.4126614325102,297.8957071873063
9,52.0,298.4192778017596,298.4077995939162,297.9009471021215
9,52.5,298.3955429512911,298.38921476811583,297.92879511014957
9,53.0,298.3965932398074,298.3832358292971,297.92697664629264
9,53.5,298.3957053851032,298.38345214975067,297.9302050402452
9,54.0,298.4022180486795,298.3704717226719,297.94498581065386
9,54.5,298.3815511120253,298.3497034378675,297.9578454172682
9,55.0,298.3863506624585,298.34818718829604,297.94305762494724
9,55.5,298.3723056144522,298.35253450550346,297.9588167812333
9,56.0,298.3757538650411,298.35638685587185,297.9839545542539
9,56.5,298.35266177464985,298.35461750848265,297.96348824342954
9,57.0,298.3711119129397,298.34065029786757,297.9881639151155
9,57.5,298.3364928522914,298.3302917939563,297.97968882824284
9,58.0,298.3279936232566,298.32963251928516,297.99491318145
9,58.5,298.31803825728304,298.31035917275204,298.0052013836743
9,59.0,298.3480936657677,298.31052881743625,298.00627189585975
9,59.5,298.3277817388192,298.299001887374,298.0124439673902
9,60.0,298.3112043772908,298.29008106908077,297.9961961460847
10,0.5,293.61406925533424,293.2260489104105,293.1450113514076
10,1.0,294.16088873412434,293.50178443298046,293.15907042061536
10,1.5,294.6915265440516,293.9252575891434,293.16198927944083
10,2.0,295.1841399435546,294.3440390821214,293.1729627339793
10,2.5,295.66213784705553,294.79493798108393,293.18515146150185
10,3.0,296.12397278275216,295.2118851341041,293.2145888259982
10,3.5,296.5653297977488,295.65460794240755,293.2499101707007
10,4.0,297.0046046450458,296.07524433102225,293.29531376095264
10,4.5,297.4632227405629,296.49895133175744,293.3543332647299
10,5.0,297.8854791902304,296.909249716372,293.4218103918847
10,5.5,298.31749470287207,297.3120089914957,293.4919911799454
10,6.0,298.7216377621761,297.7004817713523,293.58292611699625
10,6.5,299.11820445316425,298.0973242599868,293.68575449190325
10,7.0,299.5465100706266,298.4977041652189,293.79417837815083
10,7.5,299.9324561207009,298.8903123292334,293.91588363197536
10,8.0,300.3338748728954,299.2667651302716,294.0167829430026
10,8.5,300.71349890843953,299.6573333876043,294.1485236520343
10,9.0,301.1213766978001,300.02247194183605,294.275732881274
10,9.5,301.4767689730304,300.38590281793665,294.39388474479534
10,10.0,301.85858527250997,300.75931326025415,294.5378998863339
10,10.5,301.78251973893913,301.05067577482157,294.669485358019
10,11.0,301.57260945007505,301.11334867393055,294.8288991961365
10,11.5,301.4321874211023,301.0862503531815,294.9676464726672
10,12.0,301.31367612241127,300.9834079189955,295.0929783173565
10,12.5,301.17478819666906,300.9023212169308,295.24452774388203
10,13.0,301.07487805868055,300.8193845153061,295.3897965828041
10,13.5,300.9416185246273,300.7290464274296,295.49351242700516
10,14.0,300.87264871749795,300.64143505363285,295.61344816283463
10,14.5,300.77878553997414,300.55129121499425,295.72015639226737
10,15.0,300.6869954335659,300.48512555177274,295.8027594625357
10,15.5,300.62320735204213,300.40590107180645,295.9100329277842
10,16.0,300.52993550762557,300.32856045054956,295.976814311083
10,16.5,300.45552459764366,300.2696779637509,296.0649580030664
10,17.0,300.3806733299097,300.20143976473133,296.1576175630652
10,17.5,300.295250435506,300.1543536845549,296.22174762233726
10,18.0,300.2357105901547,300.0933356177125,296.2825597245092
10,18.5,300.19172589321903,300.01918486641637,296.3539760675981
10,19.0,300.09842587782765,299.9685072130118,296.4096300797872
10,19.5,300.05146794837384,299.89730578619935,296.4681769273896
10,20.0,299.9968178996901,299.8575304427428,296.5297913399507
10,20.5,299.9619081894845,299.8147772917872,296.5686927879383
10,21.0,299.8976922802431,299.76900573679814,296.6268763634203
10,21.5,299.83175929257175,299.7051826931518,296.6717883209048
10,22.0,299.7994118502205,299.67591386837483,296.70557233459795
10,22.5,299.72963512692115,299.6047875380958,296.75695095054544
10,23.0,299.6993752041977,299.5634296533162,296.82488988946506
10,23.5,299.6294470953244,299.5403250248984,296.8545350633099
10,24.0,299.60896954565834,299.50857471354277,296.877451070933
10,24.5,299.55077166659333,299.45669980433547,296.91388354811903
10,25.0,299.5024878003483,299.41248758547624,296.9654402842922
10,25.5,299.4698369187903,299.3532470497701,297.0181899006206
10,26.0,299.43526753389904,299.3184254197236,297.03552829915157
10,26.5,299.38923953464246,299.30450067598497,297.0841405888173
10,27.0,299.3625858128969,299.2652525350483,297.10717199309346
10,27.5,299.31520304765115,299.22443699713625,297.1399011437051
10,28.0,299.2923137866558,299.20381558172636,297.152364208414
10,28.5,299.2566642928975,299.1729476087633,297.2046661055464
10,29.0,299.2187858658002,299.15081724867986,297.2205848531233
10,29.5,299.18312279262733,299.113227420437,297.26031696949093
10,30.0,299.15815081741437,299.0955169830782,297.27043739550624
10,30.5,299.132164002695,299.05554078011914,297.3064145195274
10,31.0,299.1182038924417,299.0273652212988,297.3334298643901
10,31.5,299.07877509833224,299.01302402616943,297.3528636542203
10,32.0,299.0517795197171,298.9672389542871,297.3821980172579
10,32.5,299.04636131842466,298.9805667589074,297.39851642356774
10,33.0,298.99488521669065,298.9323073552625,297.4170205573413
10,33.5,298.9695902172702,298.9092069976934,297.46122231251644
10,34.0,298.94754745905703,298.88818358199404,297.47666056127815
10,34.5,298.90690397991574,298.8799071413782,297.4789339445544
10,35.0,298.8897419231777,298.8479131413747,297.51198654813544
10,35.5,298.86698638095015,298.80341946233006,297.5180419610241
10,36.0,298.8570507208996,298.8135974785069,297.5322141363475
10,36.5,298.8279989021876,298.77683907594025,297.5724346804243
10,37.0,298.81090931510914,298.7625796535541,297.56255170784834
10,37.5,298.80078983167425,298.7305332406642,297.605834440041
10,38.0,298.7795187503075,298.7309464414095,297.61050486794693
10,38.5,298.7508082797854,298.70205413594147,297.6268913028173
10,39.0,298.7278131476495,298.69296219293636,297.64860234633926
10,39.5,298.72848640646305,298.67300610142075,297.66535270444
10,40.0,298.7080101728469,298.6794630671336,297.66586494419954
10,40.5,298.66784790887596,298.6648663617152,297.69545858101515
10,41.0,298.66490480780396,298.63079083080737,297.7031463501734
10,41.5,298.6542895180571,298.61668510230476,297.70277445614187
10,42.0,298.6454787524227,298.59845517524616,297.7265619293239
10,42.5,298.6322919905637,298.59980595961576,297.75461433445
10,43.0,298.6119617476431,298.5724127387231,297.7697350835408
10,43.5,298.60132522698234,298.55883245797656,297.7719480986548
10,44.0,298.58287008099404,298.56055196439723,297.764325368601
10,44.5,298.56263997284907,298.5334683654338,297.7922482657176
10,45.0,298.554297717688,298.52691338029564,297.80663357616436
10,45.5,298.545002870447,298.5002611127921,297.815844059179
10,46.0,298.5327284578341,298.5122329060693,297.8265873421158
10,46.5,298.5028308067746,298.514040027148,297.83221933446396
10,47.0,298.5066615999467,298.4915979164018,297.8374185664968
10,47.5,298.5004769271869,298.4890625723756,297.84133080934714
10,48.0,298.48669837614426,298.45633803186695,297.83743119596556
10,48.5,298.47695033094544,298.45780353419644,297.86853551830353
10,49.0,298.4745050647103,298.4369281686549,297.87546862533304
10,49.5,298.4493333262949,298.43527155390393,297.88740102402994
10,50.0,298.43462272978775,298.43672270331285,297.87642266437564
10,50.5,298.43847581369073,298.4217243232053,297.90398404144366
10,51.0,298.4409189706014,298.39853182809884,297.9255850896305
10,51.5,298.4417317191028,298.3916993294026,297.9131067378115
10,52.0,298.4245062077352,298.38346151042515,297.9187716534411
10,52.5,298.39407395440884,298.3948364499325,297.92933431327174
10,53.0,298.3987402933323,298.40342819184406,297.95321980461705
10,53.5,298.39616638220616,298.38949320186424,297.92911432541143
10,54.0,298.3881339215392,298.35019388641035,297.94764534682747
10,54.5,298.384724329778,298.3768492458416,297.94369299016654
10,55.0,298.3633429693819,298.36568093271256,297.9521151532064
10,55.5,298.3665477542257,298.3347303066166,297.9628096543572
10,56.0,298.36368307994417,298.3412000155398,297.9823290798388
10,56.5,298.36150890635594,298.349412908356,297.9922510332387
10,57.0,298.33915250416703,298.3383593387692,297.9839477246901
10,57.5,298.33789524564816,298.31432793582206,297.98077018862807
10,58.0,298.3086200647979,298.3282518019833,298.0143826325179
10,58.5,298.3239241661041,298.2956516752933,297.98995256378896
10,59.0,298.3195392701224,298.30983290528127,297.9931477190463
10,59.5,298.3093914180114,298.3186227622814,297.98560294092226
10,60.0,298.3162017061269,298.3027524373436,298.02167299711124
11,0.5,293.61261511419053,293.2270703974891,293.13617334520427
11,1.0,294.19359372063184,293.5313406906645,293.14929768398343
11,1.5,294.6750358928737,293.93245359706066,293.1552020920604
11,2.0,295.19613918975944,294.36243460348123,293.17836696938906
11,2.5,295.6579879766505,294.78907331233256,293.1772680278674
11,3.0,296.12866421815954,295.23857357388044,293.1804333076367
11,3.5,296.557290126123,295.6565924838396,293.24164123079845
11,4.0,297.0327841373954,296.08439972623677,293.32005351579255
11,4.5,297.4623644212766,296.49874119181624,293.36210183708215
11,5.0,297.8832317441073,296.91047281067034,293.4160740996376
11,5.5,298.31245206133906,297.3072031133434,293.5100259280203
11,6.0,298.7144301385075,297.72285800287625,293.58505909783554
11,6.5,299.1264616959152,298.1405492835705,293.6750365615271
11,7.0,299.53221432768026,298.49979508386195,293.78828016292243
11,7.5,299.9176325481806,298.8911050752269,293.90239077038774
11,8.0,300.33907242326325,299.26838555710015,293.998479360257
11,8.5,300.7318894388661,299.6462010692829,294.12699729622017
11,9.0,301.0979202392001,300.0407086458094,294.2650430803415
11,9.5,301.48901665143165,300.3888232350072,294.39211748101235
11,10.0,301.85930416530476,300.75735341845035,294.53590109693164
11,10.5,301.784727991533,301.0325422482211,294.6597739551632
11,11.0,301.5772555009338,301.10252370949684,294.82281897468124
11,11.5,301.42004797425557,301.05038256293204,294.9494504483139
11,12.0,301.3080777664968,300.9964150593877,295.1213104979227
11,12.5,301.17905411242475,300.93105297576506,295.2257549145167
11,13.0,301.0911477199988,300.81145648790147,295.362389918482
11,13.5,300.96957597813565,300.7126130776917,295.49949844538094
11,14.0,300.8637772290993,300.65544123173703,295.6256133450487
11,14.5,300.7941853715978,300.5595145371684,295.7178480342512
11,15.0,300.7014884112315,300.5032273666688,295.81875427072913
11,15.5,300.61966157598283,300.4138178054558,295.9051012173088
11,16.0,300.5451039512305,300.33950836047,295.98048867806216
11,16.5,300.45077140957613,300.27585517661015,296.06631286064805
11,17.0,300.38317272556776,300.21948844954835,296.13474123619045
11,17.5,300.31270409590877,300.1462416127944,296.2053929597564
11,18.0,300.23412298918635,300.0823574523104,296.2896219917799
11,18.5,300.1794790568562,300.0262353432824,296.3382796775648
11,19.0,300.1328891788752,299.9583909474724,296.41342654233193
11,19.5,300.06150448290794,299.91985852884346,296.4550329148439
11,20.0,299.98735448697454,299.8446065763062,296.52618698488465
11,20.5,299.928913576695,299.80634625823654,296.57107963965524
11,21.0,299.9066540031756,299.7683502099903,296.64053915470123
11,21.5,299.8364278077397,299.71534364679803,296.67814819180666
11,22.0,299.77989261119234,299.6712985254994,296.7337861972739
11,22.5,299.7343003674772,299.61929400058375,296.7585990409437
11,23.0,299.67451112861716,299.58760339311743,296.80976925839684
11,23.5,299.65726681927873,299.5424753982097,296.8408769585829
11,24.0,299.5943064379646,299.4963249112996,296.88655090151957
11,24.5,299.5685070183254,299.46104094222676,296.92666604965007
11,25.0,299.5132893599022,299.42039524488564,296.9593033410864
11,25.5,299.4863036746667,299.3708042521019,296.9904230067004
11,26.0,299.4350610370922,299.3252109011671,297.0232607072631
11,26.5,299.40271934557643,299.3074102018744,297.0476731121262
11,27.0,299.3642372082978,299.27429405405235,297.09308922075024
11,27.5,299.3272658971503,299.24640006886915,297.1414635780934
11,28.0,299.28958940748834,299.19379704316765,297.1497364281869
11,28.5,299.24991356511595,299.1627319844955,297.18160964786637
11,29.0,299.238549443263,299.14597209265753,297.2418431592084
11,29.5,299.17846724590004,299.1111497277183,297.2453210844563
11,30.0,299.15667848588015,299.0643754232891,297.28178955541773
11,30.5,299.12681032401673,299.05921192146116,297.31106719751733
11,31.0,299.10161030844785,299.009994342097,297.3365350961485
11,31.5,299.0650861676553,298.9929283387882,297.33918084507997
11,32.0,299.04516708327486,298.9905401768161,297.37584196852805
11,32.5,299.01378777062405,298.9706710745528,297.3849981216245
11,33.0,298.9739061067486,298.9163982167961,297.44797433346076
11,33.5,298.96483930501967,298.9021047897909,297.42921872604836
11,34.0,298.92950165498354,298.8833588474851,297.4556926304258
11,34.5,298.8996497820671,298.8789480459007,297.4761365834564
11,35.0,298.8955496727488,298.83505937777977,297.4913355003123
11,35.5,298.8769269070373,298.81470118188975,297.5389946886687
11,36.0,298.85584156154846,298.8150500302438,297.56828546179497
11,36.5,298.83541235487996,298.77650015020754,297.55733909481717
11,37.0,298.790201190645,298.76873011991535,297.5663884726364
11,37.5,298.7763051161937,298.72855435073484,297.574196625918
11,38.0,298.7906224572886,298.7239720937873,297.61059100388746
11,38.5,298.7419534022151,298.69197191045885,297.6258431146165
11,39.0,298.7406215089296,298.6814061587469,297.63799187287947
11,39.5,298.7102642829298,298.6842391050259,297.66175446885984
11,40.0,298.7010679884305,298.6597138852054,297.678080107396
11,40.5,298.6775779350362,298.64185270130827,297.691512157507
11,41.0,298.67365175873925,298.6228382028654,297.6988513960735
11,41.5,298.65400210461013,298.61383876445865,297.7043187857748
11,42.0,298.63320755751505,298.6052007365807,297.7349190051377
11,42.5,298.6126892544175,298.59857505876533,297.74092668188865
11,43.0,298.61180042960626,298.54945047058544,297.7618527108067
11,43.5,298.58334556367834,298.55472821898036,297.77267536957345
11,44.0,298.58650352339146,298.5523569981825,297.7620111827922
11,44.5,298.5956433388212,298.5378627252274,297.7729999746185
11,45.0,298.570412062111,298.53132469306536,297.7905695599384
11,45.5,298.55199643744953,298.51874962346847,297.79802432526293
11,46.0,298.53221917735686,298.50214232398815,297.8262903169886
11,46.5,298.50229900954906,298.4893628257963,297.83209980043137
11,47.0,298.49741356933697,298.4819306477765,297.84913452982295
11,47.5,298.51274279921705,298.48593200419833,297.8513793524803
11,48.0,298.48161451526204,298.45747897389964,297.8584970469693
11,48.5,298.47242604791893,298.4548122241447,297.8771363984398
11,49.0,298.46796864624537,298.4481931900386,297.8783053702939
11,49.5,298.4495024355769,298.4531527186585,297.8825062752361
11,50.0,298.43863546458175,298.42599750595696,297.90460263164783
11,50.5,298.44145277087125,298.4302941836344,297.89868568338204
11,51.0,298.42436253199963,298.4249780323575,297.9019962326351
11,51.5,298.41744600291014,298.4042120778081,297.9039440039159
11,52.0,298.4088730150828,298.3951659599493,297.92641856122367
11,52.5,298.4139801941459,298.3866313873126,297.9386147951293
11,53.0,298.3987427088211,298.38023101514506,297.9323905603556
11,53.5,298.3918143187164,298.38441101803,297.9524299592662
11,54.0,298.392327469343,298.37146383817435,297.9259131271738
11,54.5,298.37791088816624,298.3649913835526,297.95113503064147
11,55.0,298.36973092116193,298.3450646934386,297.9571842512938
11,55.5,298.3706028269059,298.3405084052982,297.956035613712
11,56.0,298.366161830082,298.36566649995467,297.9926944578025
11,56.5,298.3517814618278,298.3366794269881,297.9735792009049
11,57.0,298.34801576358933,298.3251072837041,297.9753889955278
11,57.5,298.3335289120232,298.34172987800184,297.98479575699264
11,58.0,298.32705141116696,298.32496246591217,297.9694271064662
11,58.5,298.3378302607996,298.32280823042277,297.9866294293488
11,59.0,298.32923283967756,298.310680656286,298.0086914778844
11,59.5,298.32414024747726,298.3040564636816,297.99706291781877
11,60.0,298.31735412811184,298.3008726314629,297.9994233297908
12,0.5,293.61602791463196,293.2376851381258,293.1419097342353
12,1.0,294.1828182092802,293.5329827469796,293.13028528236464
12,1.5,294.6941010311175,293.9238810766931,293.15764785631944
12,2.0,295.1770063083443,294.3496161928939,293.18106314476114
12,2.5,295.65489191081565,294.8003429881731,293.1903036398032
12,3.0,296.1125617163758,295.224506067983,293.2012018992062
12,3.5,296.56382016634376,295.64612517663306,293.24266953819324
12,4.0,297.00765915428565,296.06091347753625,293.3015355370293
12,4.5,297.44831870969546,296.49150716796896,293.36465945493063
12,5.0,297.87327363454835,296.9155491797672,293.4207476318874
12,5.5,298.29036388327705,297.33732602014135,293.50445664003325
12,6.0,298.7242791182155,297.71646059795466,293.59548538015207
12,6.5,299.13460205257996,298.1044427844702,293.69411339992536
12,7.0,299.55385670140083,298.491693382527,293.79043309213466
12,7.5,299.92947644311397,298.8959146770357,293.90027465354467
12,8.0,300.3334158442174,299.2552014492198,294.0309992385789
12,8.5,300.72310062851705,299.65658471931255,294.15058409614994
12,9.0,301.1023953050865,300.03344126709084,294.26971383044406
12,9.5,301.4929779571597,300.3999157397168,294.41339030347245
12,10.0,301.86971186191954,300.7598976064646,294.5280885265979
12,10.5,301.7847193628641,301.05406658299387,294.68815037292256
12,11.0,301.58097487629544,301.11180921045354,294.82110299163105
12,11.5,301.4253069247309,301.059685323443,294.99399830050663
12,12.0,301.2838794786486,301.0086011356193,295.0929583356355
12,12.5,301.17163364048986,300.89953920975057,295.2360190448383
12,13.0,301.06470655525123,300.82288079884245,295.37750343946783
12,13.5,300.9578731608634,300.7050945141946,295.49929707788044
12,14.0,300.8774372491697,300.65920594392054,295.62847240237545
12,14.5,300.7938822415233,300.58147142420427,295.708013857057
12,15.0,300.6860997852667,300.4905322352345,295.82217487671426
12,15.5,300.6152272617033,300.422225806281,295.9165504783389
12,16.0,300.5228568330465,300.3514116691769,295.9977991409255
12,16.5,300.4542501508052,300.2712069164712,296.0616042807112
12,17.0,300.3775419628658,300.2173819049934,296.1609379214428
12,17.5,300.3204375507097,300.14042951440325,296.2304733087473
12,18.0,300.24024257281707,300.0812371301019,296.2916003477846
12,18.5,300.1922315624949,300.0394930907443,296.35155493425776
12,19.0,300.1170681765598,299.9808560762244,296.41249208236513
12,19.5,300.05263506477405,299.90882445779937,296.46726378444373
12,20.0,299.9882820476295,299.8551380788096,296.529631006026
12,20.5,299.94700401591456,299.8043315067556,296.57627781387436
12,21.0,299.89895842661036,299.76808275356666,296.61798774961125
12,21.5,299.84006421040766,299.7023133161606,296.6644250864026
12,22.0,299.8087550299135,299.6689624461599,296.7139080058074
12,22.5,299.75133815965086,299.62741292541733,296.76837683053344
12,23.0,299.68620892851317,299.5750234768047,296.80893826663004
12,23.5,299.63985559344553,299.5433290432107,296.85284126809694
12,24.0,299.60293393453526,299.4888203995622,296.89569508528245
12,24.5,299.5464528112438,299.4496269284437,296.92301388261836
12,25.0,299.524435725823,299.40311854703026,296.9812185249767
12,25.5,299.4756243601395,299.38537066071154,296.99990092701836
12,26.0,299.4350586812104,299.33098468581426,297.0330616106518
12,26.5,299.4010565556254,299.30670429879314,297.07589445565657
12,27.0,299.37427457667064,299.2681200010728,297.0852875833615
12,27.5,299.3227425400097,299.22496751832665,297.1272832946295
12,28.0,299.2849796590078,299.19706922447983,297.17553214149393
12,28.5,299.26732926851037,299.1856250174787,297.1779166570383
12,29.0,299.2290706005072,299.1433896654208,297.2351099154654
12,29.5,299.1843268173472,299.1017698941932,297.2667974106184
12,30.0,299.1566872739433,299.08628632226834,297.27488454194787
12,30.5,299.128615274424,299.0539996995077,297.30756215372656
12,31.0,299.10120403036046,299.0630590352693,297.3411007056992
12,31.5,299.0558148956049,299.0052321427204,297.3497360955056
12,32.0,299.02659477414096,298.9732171146169,297.38683032053234
12,32.5,299.00660229625606,298.9666225635526,297.3944689063684
12,33.0,298.9800782474928,298.9101444188079,297.4187351319383
12,33.5,298.95830554201734,298.9063419067288,297.43717411404526
12,34.0,298.94685441473473,298.9028769072011,297.46959750460644
12,34.5,298.91530434812836,298.8599737837813,297.4981222825305
12,35.0,298.89614488559204,298.8226550568115,297.5044609757583
12,35.5,298.85980503951663,298.815510842476,297.512756257972
12,36.0,298.84595815909825,298.8141079550688,297.53323391456127
12,36.5,298.8356132244272,298.7840087376979,297.566042580224
12,37.0,298.8154766054362,298.7531195417306,297.59803386823876
12,37.5,298.7826695471909,298.7364733523142,297.6005031308984
12,38.0,298.77250386678423,298.72008741851675,297.60916312556617
12,38.5,298.77441396835064,298.71217985768266,297.63666860851663
12,39.0,298.7343371193257,298.7053424578858,297.6421098477872
12,39.5,298.7102017896851,298.68637132160234,297.65575786414644
12,40.0,298.6985336371442,298.66477306093736,297.66454378491085
12,40.5,298.68483224813417,298.6317273111132,297.7023658133701
12,41.0,298.66652466338616,298.6170463739653,297.67662056561824
12,41.5,298.6523208164302,298.62137784540323,297.72331359607335
12,42.0,298.62325598728216,298.58873489393034,297.7236232247817
12,42.5,298.61356467086347,298.58649022649007,297.7366981369799
12,43.0,298.60762933526064,298.57874344188826,297.76989228711955
12,43.5,298.59382007196854,298.5516698907694,297.7576333031567
12,44.0,298.5765668202217,298.54052341241703,297.76942811194243
12,44.5,298.5676083538701,298.5379101457413,297.78603825430383
12,45.0,298.55752051015253,298.5323274335153,297.8022634409839
12,45.5,298.5537070931458,298.52668940831137,297.8041684215229
12,46.0,298.532083132982,298.5112615369658,297.8029992099235
12,46.5,298.52567756787204,298.4953679237061,297.81992972186265
12,47.0,298.50522043028167,298.4769237151383,297.85095602844973
12,47.5,298.50563582789204,298.4637355107416,297.84816225219754
12,48.0,298.4932693790394,298.45969028234543,297.86092142398763
12,48.5,298.48807673893236,298.45953964722594,297.8625248885647
12,49.0,298.4767597556267,298.4497260049648,297.8670131199348
12,49.5,298.4660102543942,298.4165501895025,297.89860096010045
12,50.0,298.4499189778407,298.42114381825667,297.887916182738
12,50.5,298.4444069038695,298.43275119259033,297.89310017575525
12,51.0,298.4439129158309,298.4134503888029,297.91600106234785
12,51.5,298.41833544301386,298.39067953132695,297.90509863291504
12,52.0,298.4104008475573,298.420831361556,297.91344103319545
12,52.5,298.410570905987,298.38963250671,297.9263467565511
12,53.0,298.4052167626287,298.3866325860806,297.9328991354108
12,53.5,298.3853589734027,298.3798638669847,297.9419469165075
12,54.0,298.3856103847358,298.3654777837402,297.9665299683875
12,54.5,298.37839129650627,298.35536274964267,297.95505204685304
12,55.0,298.3503606576905,298.3775336783931,297.93380466078736
12,55.5,298.36370238345756,298.3602153647681,297.96656854687035
12,56.0,298.3579066733179,298.35245140371796,297.96923464736756
12,56.5,298.3516492673947,298.3442205761582,297.9746756274753
12,57.0,298.3613688285789,298.32282182975626,297.9819257763378
12,57.5,298.32918883133544,298.34019418826335,297.9842493529816
12,58.0,298.3274120158865,298.3137130538452,297.9889291229209
12,58.5,298.3040168277967,298.3198595492356,298.00035855069996
12,59.0,298.31997425239035,298.29566722798415,297.99343827021795
12,59.5,298.3156308275518,298.2868346060809,297.9938755080117
12,60.0,298.3094458128612,298.3057514072144,298.037949895945
13,0.5,293.595774083829,293.22993979005173,293.1564422102788
13,1.0,294.17041709439525,293.50279407512875,293.14283622339616
13,1.5,294.6739745238872,293.9227309016011,293.155426541958
13,2.0,295.1827221658352,294.34311969050816,293.15758766077454
13,2.5,295.64795436595995,294.7910941620436,293.1814201204885
13,3.0,296.11617848656306,295.2139262830009,293.2049561127089
13,3.5,296.58421854419174,295.6585503583968,293.2118507824181
13,4.0,297.02282341485255,296.07826923854776,293.2944473915785
13,4.5,297.460183349009,296.5099239720767,293.35985970425526
13,5.0,297.86590879607127,296.9080700889365,293.42864227255905
13,5.5,298.32436988616075,297.30687420519627,293.50308900341395
13,6.0,298.7101662784085,297.71337563593454,293.60890084900376
13,6.5,299.147541704914,298.09865397565125,293.6916883680138
13,7.0,299.54706421247636,298.50760440715686,293.7961405895567
13,7.5,299.94193315421535,298.8962936305358,293.91192042493583
13,8.0,300.3219049905121,299.29753957011053,294.02082684527835
13,8.5,300.7214894011725,299.6448629083925,294.12950871159137
13,9.0,301.10022446659127,300.0225862052914,294.24055635057186
13,9.5,301.4858250169873,300.3897953599401,294.391428003752
13,10.0,301.8594608474602,300.76421536019535,294.539562439479
13,10.5,301.76105914684643,301.05223408180325,294.6683896751221
13,11.0,301.59474911485574,301.109566078298,294.8236896209185
13,11.5,301.4280711542509,301.0783298210303,294.9627753210437
13,12.0,301.29270901364157,300.98392721735803,295.117763815606
13,12.5,301.1740895459477,300.9129177440256,295.23996033028925
13,13.0,301.0745112262539,300.8205082543744,295.3779916094515
13,13.5,300.9601753151047,300.7291603578226,295.500383587996
13,14.0,300.85048625391806,300.64329186868514,295.62398703126
13,14.5,300.7859872608655,300.591050464345,295.69763123082663
13,15.0,300.7003714395696,300.48206381085583,295.8085416087818
13,15.5,300.6103965290991,300.4196174277033,295.91341100934596
13,16.0,300.52171891568986,300.3383243266584,296.0062116274011
13,16.5,300.45818872792347,300.2954909596538,296.0736149592569
13,17.0,300.3697999349745,300.220778945227,296.143933291746
13,17.5,300.3041462882568,300.14173232031357,296.22575124312095
13,18.0,300.2395234751905,300.0924506492727,296.29429152933903
13,18.5,300.19055434906676,300.0308006165249,296.345914840599
13,19.0,300.11589927479207,299.9659432516977,296.4135340753865
13,19.5,300.0546524377522,299.9234698549928,296.47985641499025
13,20.0,300.02036202540705,299.8663668961557,296.5421277446162
13,20.5,299.9479965957835,299.81294445991904,296.58339251493726
13,21.0,299.8933961876929,299.76033716078956,296.6269143883314
13,21.5,299.8336339903902,299.7166237088947,296.6743702510905
13,22.0,299.780402996573,299.6676891963845,296.7270023339159
13,22.5,299.715176220726,299.62053539064124,296.76499877968314
13,23.0,299.6989716114796,299.5694957721477,296.81110422998466
13,23.5,299.6475189648412,299.5501660686496,296.84010906751877
13,24.0,299.5964453074083,299.4813593018236,296.9036575259119
13,24.5,299.55346073602965,299.45604184664245,296.91788524460605
13,25.0,299.5201342853803,299.40968860191856,296.96224080568874
13,25.5,299.4564612541903,299.39279435992984,297.00355396789735
13,26.0,299.4265952787863,299.3296150649118,297.0573057492985
13,26.5,299.3828239903188,299.2958539479984,297.06684376343475
13,27.0,299.3747613706618,299.25913498111146,297.0969925272457
13,27.5,299.32978954180635,299.2387299994673,297.12968046995337
13,28.0,299.26408313630515,299.1894297493224,297.18231038518314
13,28.5,299.23710445601074,299.1670110101407,297.16716740639384
13,29.0,299.2180716396137,299.1198494317659,297.2139067933746
13,29.5,299.1828122136303,299.11426561114814,297.27899893204636
13,30.0,299.14339158737596,299.0782308908073,297.28448791606104
13,30.5,299.14610908764115,299.0405802723843,297.2935841765589
13,31.0,299.10071130005423,299.0393746652766,297.32949065502896
13,31.5,299.0741290573429,298.9893042353231,297.3550785330467
13,32.0,299.03509947072666,298.9849927999878,297.3866138177861
13,32.5,299.02269893794784,298.94541187613487,297.4195754143479
13,33.0,298.98592130431314,298.9445704942597,297.42739667168445
13,33.5,298.96191035042,298.91289421055427,297.4397695956584
13,34.0,298.94661732791207,298.8728521435456,297.4740418770355
13,34.5,298.90070366404103,298.8519649511028,297.47956006503625
13,35.0,298.9101512181404,298.84604331931024,297.4959687301196
13,35.5,298.8738719657643,298.816846240813,297.50786966085155
13,36.0,298.86338402321525,298.797869349589,297.52840969883914
13,36.5,298.8189864502436,298.7929704303524,297.553132134449
13,37.0,298.80029542961415,298.754021214092,297.5678148064278
13,37.5,298.7782962832568,298.74423871810774,297.599698246179
13,38.0,298.77339021964707,298.7352306991648,297.60103807281445
13,38.5,298.75308532283503,298.716659053726,297.59757010582786
13,39.0,298.729868980426,298.6903643698812,297.6340657163972
13,39.5,298.7069929672177,298.6729580326658,297.65482211984283
13,40.0,298.6876052983405,298.64282478449104,297.66807388108913
13,40.5,298.68342563805425,298.63448130878714,297.7034765717207
13,41.0,298.6633804793972,298.633509291371,297.69587721920027
13,41.5,298.6457782935134,298.61466650330163,297.72414423870254
13,42.0,298.65316135011284,298.6029388756953,297.7280708481629
13,42.5,298.6223677188324,298.5991384327971,297.7403784970377
13,43.0,298.6218231169706,298.56382870633576,297.74461533266987
13,43.5,298.59014022984195,298.5606840277007,297.7641867875629
13,44.0,298.58467647580824,298.55265314539474,297.76857784221374
13,44.5,298.5688237295683,298.5318097570113,297.78904243983555
13,45.0,298.5399341385032,298.54160570177936,297.79576247079956
13,45.5,298.5590963416432,298.52516008862335,297.7991407000139
13,46.0,298.53172371426393,298.50809233588893,297.82865674262587
13,46.5,298.5291507180154,298.5125736755495,297.8328551084717
13,47.0,298.50311614607136,298.46939670987774,297.8336620625437
13,47.5,298.49826642684025,298.47436731788906,297.8488694147765
13,48.0,298.4808435524641,298.46846242291804,297.85557232593555
13,48.5,298.4917785537282,298.4462947409082,297.85646319126374
13,49.0,298.4727392444767,298.44936691331674,297.87431305918676
13,49.5,298.46379343343216,298.4264833844219,297.87561514805367
13,50.0,298.4644849933983,298.4359061617221,297.88034876295234
13,50.5,298.45352092456807,298.43128446475555,297.88130620124787
13,51.0,298.4409312519077,298.4153815723362,297.9014535651489
13,51.5,298.41063891523754,298.38632164230734,297.91799194309954
13,52.0,298.4097281341491,298.3876052145284,297.91244171309944
13,52.5,298.3987177106474,298.39556902406525,297.95145137663246
13,53.0,298.4083393026623,298.38300123292265,297.94175329090643
13,53.5,298.39530655781283,298.3489285932473,297.95239410435505
13,54.0,298.3724528860336,298.3815820422405,297.95356570761425
13,54.5,298.37744384211845,298.3640050515234,297.9702182141389
13,55.0,298.35757233548935,298.3481261819024,297.94971518058014
13,55.5,298.36536675846946,298.3601328620476,297.93769818357947
13,56.0,298.3429261266065,298.3374566315778,297.96439459133916
13,56.5,298.3585404717567,298.33157316306495,297.97982331298726
13,57.0,298.3509893120935,298.33643853016997,297.98098147296133
13,57.5,298.360426299254,298.3452292709384,297.987290861968
13,58.0,298.34413697449355,298.33838025220507,298.00266434387817
13,58.5,298.3259096432217,298.3206237962431,297.9980486843469
13,59.0,298.33296411998487,298.31668498362734,298.00684820746585
13,59.5,298.30561062428364,298.31515818390824,297.9939567439495
13,60.0,298.30492085858776,298.2899986584342,297.9967581445266
14,0.5,293.61907379749704,293.22686099304195,293.146625962876
14,1.0,294.17042468062215,293.52980333522186,293.1584563407521
14,1.5,294.68269883456145,293.9229591694053,293.1541131811577
14,2.0,295.17534353674915,294.3630622868069,293.14671179096024
14,2.5,295.65079539025044,294.7854617395994,293.1622563694825
14,3.0,296.1135136257811,295.21141969452674,293.2150006767603
14,3.5,296.560936419508,295.6740776307034,293.2545409269101
14,4.0,297.00309911514654,296.07202962694566,293.2958875667655
14,4.5,297.4525492099867,296.49023589207076,293.3683952419441
14,5.0,297.877691585752,296.9073447103848,293.4347490875661
14,5.5,298.3170725273169,297.3152324443424,293.5109511501708
14,6.0,298.7250158580506,297.7119776580679,293.5833661171971
14,6.5,299.1349092735718,298.11192200065193,293.7058889242329
14,7.0,299.529417569741,298.50314541229557,293.79712687087687
14,7.5,299.9349495426397,298.89214332134287,293.89761711824923
14,8.0,300.3340648493575,299.24927273515374,294.01051821522833
14,8.5,300.7271354601214,299.6698900313686,294.1410567269407
14,9.0,301.10399476243254,300.0237912678928,294.2482291338613
14,9.5,301.49632585906545,300.40135917137894,294.40319594552574
14,10.0,301.86203946314015,300.7483132097687,294.52241727607327
14,10.5,301.7893737230973,301.0437071738459,294.67562671952453
14,11.0,301.57863275126,301.1033766680791,294.8104616338221
14,11.5,301.41075634215076,301.08216379950665,294.95864385215725
14,12.0,301.30024060751674,300.9842388763272,295.0973140561757
14,12.5,301.1869460589075,300.9106368034161,295.24130020304864
14,13.0,301.0766801038083,300.8086190713112,295.392209256646
14,13.5,300.9733347451021,300.7247544676251,295.5091753336211
14,14.0,300.8695521398433,300.64398573344073,295.61251580208364
14,14.5,300.77384850031893,300.579622238026,295.7144446612343
14,15.0,300.70069769228047,300.471335370773,295.82156770343425
14,15.5,300.61665732150783,300.40348146038093,295.91622555223313
14,16.0,300.5275889535333,300.3263534657039,295.9824544787812
14,16.5,300.46839361440647,300.26675973097,296.0704398554541
14,17.0,300.3756166035121,300.2037946814271,296.12864075109457
14,17.5,300.3085833604357,300.1323710065611,296.2294110805368
14,18.0,300.2633947066789,300.0799832218722,296.3062547451637
14,18.5,300.19080077773515,300.0080765145028,296.3503122836319
14,19.0,300.1159452912375,299.9609296120798,296.38898090101566
14,19.5,300.0620049089664,299.9278924168196,296.4741400475319
14,20.0,300.0023630226982,299.86650972294746,296.514182263022
14,20.5,299.91701583216184,299.81266214950193,296.56933297092826
14,21.0,299.88094150309337,299.7507285723392,296.63273876326264
14,21.5,299.8368225316712,299.6969523143783,296.677456544106
14,22.0,299.7828005984838,299.65400375901424,296.71654728059053
14,22.5,299.73951131077445,299.619512359042,296.75965945178194
14,23.0,299.7005790292898,299.5845876991049,296.8104661855466
14,23.5,299.63982050993707,299.5422520804134,296.84659317463894
14,24.0,299.5876604193792,299.49816962488194,296.879594582611
14,24.5,299.55808151963316,299.44438991581296,296.92596146006275
14,25.0,299.50950660942203,299.4131365076656,296.9699578495258
14,25.5,299.47044771991284,299.37198546193497,297.00079700062065
14,26.0,299.4295763549103,299.3366379926491,297.0232607945171
14,26.5,299.41660539694783,299.3235778595856,297.080961239497
14,27.0,299.334639235227,299.251213159374,297.0762645710158
14,27.5,299.31714964745646,299.23314858079857,297.1307249875764
14,28.0,299.28607317246,299.21527774499003,297.15951942896146
14,28.5,299.2444306473543,299.1571373801379,297.19677266510763
14,29.0,299.2283933546686,299.13493561574177,297.22955079157407
14,29.5,299.1956691925382,299.10657101263115,297.2629536930374
14,30.0,299.15615786327186,299.0810001421743,297.27145504659256
14,30.5,299.12395472771124,299.0395012682276,297.3105098494256
14,31.0,299.0964663325721,299.03447143185025,297.3318680187295
14,31.5,299.0683330275778,299.0090437771321,297.3372885936342
14,32.0,299.0412358899377,298.9821071163377,297.3971579678814
14,32.5,299.0135962054609,298.9437185476318,297.3867926430473
14,33.0,298.9922501250689,298.9294198883887,297.4277061275948
14,33.5,298.97227590280534,298.8964043027693,297.4490670781305
14,34.0,298.92820470683785,298.8796066556466,297.4689274004378
14,34.5,298.90648700069926,298.88267045589663,297.4815968231832
14,35.0,298.87669575924707,298.840945021034,297.5145746315909
14,35.5,298.88071204762065,298.8075947563602,297.5098650748317
14,36.0,298.85307781405936,298.8013661280658,297.5434026948974
14,36.5,298.8347933229691,298.76673008247406,297.5564578392448
14,37.0,298.79523209847076,298.74951799890056,297.57281972468417
14,37.5,298.80776476670155,298.7329145490265,297.6008533587798
14,38.0,298.764798733839,298.7212413267063,297.6238068764999
14,38.5,298.754107547887,298.71793756879805,297.6255742112297
14,39.0,298.743056945225,298.6977444785366,297.6523116450423
14,39.5,298.70726386158856,298.6810770447568,297.6600381229745
14,40.0,298.69480801745266,298.6492236934604,297.6652010538754
14,40.5,298.68570219480495,298.63963061515943,297.68570180399524
14,41.0,298.6966110779477,298.6330457101741,297.69901778588525
14,41.5,298.65564561086546,298.60976212533717,297.7083684049455
14,42.0,298.6537540667578,298.59940594050664,297.73254550344626
14,42.5,298.63524770706624,298.59315948362604,297.74314800617145
14,43.0,298.61280278799626,298.5722142106144,297.7370626385757
14,43.5,298.58558079395243,298.56530642661403,297.74825935412633
14,44.0,298.5928262490785,298.5666933203208,297.7804756480148
14,44.5,298.5543973863144,298.53713276839716,297.7791893324051
14,45.0,298.57291911283517,298.5390843087373,297.8011453786768
14,45.5,298.5468130116627,298.52166792128025,297.81639629512694
14,46.0,298.50657301486126,298.4905185826832,297.8060282708548
14,46.5,298.51828147486873,298.4836099874636,297.81447133112573
14,47.0,298.5171759115052,298.47604970384316,297.8548870067091
14,47.5,298.4975446319256,298.4658962315308,297.8509301921358
14,48.0,298.4966621341732,298.46389615576766,297.85221814458384
14,48.5,298.47091832722344,298.4615867318569,297.8557996961099
14,49.0,298.45656532727435,298.4589113520656,297.8685036884075
14,49.5,298.4594084441349,298.440630960247,297.8699195422406
14,50.0,298.4512188086002,298.4245437929788,297.89863222304945
14,50.5,298.4384736680884,298.39988370463794,297.8897663630144
14,51.0,298.4455507380128,298.413364134079,297.91597498456645
14,51.5,298.4163541149565,298.40510732239494,297.908315947306
14,52.0,298.4198165814176,298.3991024372754,297.908954804797
14,52.5,298.40943629171915,298.4109843270101,297.92198127383074
14,53.0,298.3854968062047,298.39519521194944,297.9066547665949
14,53.5,298.38040973655865,298.38371922860676,297.9381431172617
14,54.0,298.3864771205324,298.3595329671011,297.9439120855822
14,54.5,298.39914328423544,298.3575085389689,297.95993699185505
14,55.0,298.3783061569655,298.3553684824731,297.93872215113504
14,55.5,298.3486419750987,298.3424292348318,297.9749242210447
14,56.0,298.32837497099524,298.34923667695676,297.97706184037264
14,56.5,298.36058273275296,298.34202677273316,297.98676156286876
14,57.0,298.34624755100384,298.3219719257293,297.9789390894838
14,57.5,298.35275947401567,298.3393870534369,297.99467510419936
14,58.0,298.3268510623915,298.3231674837634,297.9747428035024
14,58.5,298.3336409107585,298.2997359697867,298.0013585842543
14,59.0,298.33324515368236,298.31154769845534,297.9911474505689
14,59.5,298.315112626711,298.3100552591466,297.9868383530438
14,60.0,298.3102847289223,298.31229641880225,297.99647067623715
15,0.5,293.6029879696531,293.2260759567446,293.1347421570799
15,1.0,294.1611726731885,293.509574445145,293.15400566943134
15,1.5,294.6926918617129,293.93926532698606,293.1422936889185
15,2.0,295.1634751061346,294.35509019980697,293.1689449511433
15,2.5,295.63601564603067,294.7810293409246,293.17939234957913
15,3.0,296.134327090333,295.21771732243474,293.2075685215506
15,3.5,296.58280589882804,295.6354139011435,293.23313218895026
15,4.0,297.0076103508096,296.0670813454433,293.2850025953286
15,4.5,297.4544692573286,296.50608354493335,293.36271067980573
15,5.0,297.89381591505725,296.93032060505044,293.441890966293
15,5.5,298.3101929405454,297.3218245983779,293.50891794104825
15,6.0,298.72356732247977,297.7149240691066,293.58350502487673
15,6.5,299.14320763758417,298.1077767458649,293.69196402194723
15,7.0,299.5295416490645,298.4939780764741,293.81603857699815
15,7.5,299.93647161128416,298.91099278706605,293.90249973410255
15,8.0,300.33027635193827,299.270960122725,294.0318193238753
15,8.5,300.7172458822476,299.67223756659916,294.13108559546714
15,9.0,301.1010356255835,300.0391993461243,294.2645188641933
15,9.5,301.4862633036505,300.378144980871,294.40239486483347
15,10.0,301.8623036450109,300.75543469922644,294.53592626730284
15,10.5,301.7709609754868,301.0417267252167,294.6642567516352
15,11.0,301.5915492324449,301.1093013631012,294.80758266262444
15,11.5,301.4191183737388,301.06686341933045,294.97117088331555
15,12.0,301.2953746831911,301.02005940334953,295.11679866302984
15,12.5,301.1767400135488,300.8922837248019,295.25803393294166
15,13.0,301.07450766661685,300.8174129751946,295.39135476601837
15,13.5,300.9479218390855,300.7354457344463,295.4966709317139
15,14.0,300.8819471076521,300.646425515048,295.6058590200914
15,14.5,300.77514605935727,300.5678855925355,295.72820751327777
15,15.0,300.7073800425378,300.4797858084202,295.82025638434584
15,15.5,300.6076111981007,300.41770295787967,295.8951012957054
15,16.0,300.53270950858445,300.35094050732255,295.9804163059481
15,16.5,300.47643723291526,300.28091075801035,296.076133546144
15,17.0,300.38167187656967,300.2176126909781,296.1450875867754
15,17.5,300.3268070930704,300.16264189810835,296.2179157598868
15,18.0,300.24742090541116,300.09669436475747,296.2963298362338
15,18.5,300.1862691466608,300.02893660544714,296.35710182883554
15,19.0,300.1202249701905,299.9593919157986,296.4235297347489
15,19.5,300.06760961813296,299.9098881600734,296.4487357813024
15,20.0,299.99395978412446,299.86027753072545,296.5257571338557
15,20.5,299.9346314855814,299.8133109310936,296.58291335056884
15,21.0,299.8836204806844,299.755973030287,296.6112071407979
15,21.5,299.83832810160555,299.70295583197685,296.6683620464378
15,22.0,299.7841585253939,299.6535133328784,296.7130235167206
15,22.5,299.7441430338909,299.6034326797204,296.76637248981854
15,23.0,299.70233152315853,299.57355642426984,296.82548636468135
15,23.5,299.6332774844113,299.51853175182134,296.8709137242107
15,24.0,299.5908974794243,299.48185824441555,296.8825440784163
15,24.5,299.5404706088649,299.4478264657252,296.93455266438247
15,25.0,299.5330765726653,299.39953183624766,296.9721499018147
15,25.5,299.47505504991227,299.3789964091203,297.00645429300397
15,26.0,299.43729211530234,299.3460521209201,297.041385676847
15,26.5,299.3807849350974,299.29771231041826,297.07410801830775
15,27.0,299.3570345779469,299.26446288866794,297.1205283865933
15,27.5,299.3261254663319,299.2408696466592,297.14621330427036
15,28.0,299.28358248581117,299.1960203049457,297.155119874531
15,28.5,299.2629991285254,299.1639689559723,297.2032480871377
15,29.0,299.2425134076037,299.1533380747763,297.23285790724117
15,29.5,299.17806598748007,299.12070327499396,297.2548357178263
15,30.0,299.146414536997,299.0892485394183,297.28989333903115
15,30.5,299.11788390460936,299.0647172860376,297.3065247663953
15,31.0,299.11364789251456,299.0087457839932,297.3319145120615
15,31.5,299.0798044472846,299.0159192597749,297.3556163928328
15,32.0,299.04066434204105,298.9809439842534,297.3579701244691
15,32.5,299.0158417931201,298.9625300982148,297.4003764103806
15,33.0,298.981560195661,298.93242639827196,297.4168286491271
15,33.5,298.9736440537345,298.9058879534118,297.4333029989066
15,34.0,298.9367082900728,298.8801795301307,297.4805112154619
15,34.5,298.91439287429705,298.86480722039374,297.49158466719024
15,35.0,298.9002688372572,298.83687058816895,297.50600379427004
15,35.5,298.8701681242362,298.8281487831207,297.5198207160601
15,36.0,298.84822492119247,298.78369820821365,297.5470226786304
15,36.5,298.82984639986506,298.7748322831168,297.57201094694346
15,37.0,298.81748063499236,298.78195633531044,297.5713230456693
15,37.5,298.80638021622764,298.7370649757503,297.59651759718247
15,38.0,298.7767421052429,298.72329758399763,297.6217127560612
15,38.5,298.76045863205206,298.69974206950866,297.6096467575573
15,39.0,298.73251455799726,298.69531895328527,297.643929136519
15,39.5,298.7100556805148,298.6684844425729,297.6552478026146
15,40.0,298.7068111233602,298.6583568297682,297.6727900773903
15,40.5,298.68562288530495,298.6535324240741,297.6832650393639
15,41.0,298.65381006070555,298.6233380649171,297.70338889084525
15,41.5,298.6493536672027,298.6239314363837,297.7345712762748
15,42.0,298.6368614850167,298.61041189806525,297.7250214494204
15,42.5,298.618086396944,298.59929545764794,297.74371865438536
15,43.0,298.62394004357674,298.5771073473756,297.7729165997425
15,43.5,298.6002711420378,298.59545842149276,297.75927445829495
15,44.0,298.59596046214915,298.56131137272604,297.794375556972
15,44.5,298.5720127423474,298.54210013263105,297.7873954267593
15,45.0,298.5577242399626,298.5185316864993,297.81594392938445
15,45.5,298.53544698040446,298.51510362934846,297.8160889905953
15,46.0,298.5331945456662,298.51945427238707,297.82180888285467
15,46.5,298.52181707507583,298.5117267039125,297.8279303968526
15,47.0,298.49696529445566,298.49916895367824,297.8319022754863
15,47.5,298.4945195959583,298.4822965037674,297.84817239980583
15,48.0,298.48627925007816,298.4522424511658,297.8653841657408
15,48.5,298.4835533643411,298.4603119095544,297.8650079863264
15,49.0,298.4742386521221,298.43394574411803,297.8704418688459
15,49.5,298.4543097133457,298.42267449742593,297.87931744025997
15,50.0,298.4555918479527,298.4313921753851,297.8997228674444
15,50.5,298.44013672230557,298.42593811154694,297.9097854891015
15,51.0,298.40458162629784,298.42169200930965,297.8983681335466
15,51.5,298.4200091683884,298.40982098286185,297.9056363579292
15,52.0,298.4274748117457,298.4025890095975,297.9231818958299
15,52.5,298.39193853444124,298.3800753981832,297.94151961035845
15,53.0,298.4021908777302,298.38173947964066,297.94435633745303
15,53.5,298.40945265053716,298.3607974515679,297.92683228090664
15,54.0,298.3787518808398,298.3491200471078,297.9429725177936
15,54.5,298.37935277505284,298.3700449135593,297.94238352884264
15,55.0,298.35947329627425,298.3487856846045,297.95491007519576
15,55.5,298.3821706347668,298.35890829109337,297.9793496573964
15,56.0,298.35864652537646,298.35531550748567,297.95462984093484
15,56.5,298.35371846525084,298.3322645109948,297.958052474299
15,57.0,298.3607526904882,298.3387581146054,297.9711807617095
15,57.5,298.34796159826703,298.3208073190598,297.98740924188405
15,58.0,298.32690195427364,298.3036855916791,297.9956627920579
15,58.5,298.32366600653904,298.31825977529854,297.9986025929509
15,59.0,298.32973273209734,298.30735238824167,298.0106159322222
15,59.5,298.31334605254244,298.3028423044815,297.9857215154257
15,60.0,298.2933731515034,298.3223219263663,298.0195954468024
16,0.5,293.5998117050664,293.23339239348394,293.14588396578387
16,1.0,294.1767306083687,293.53077959543293,293.1315630605254
16,1.5,294.6756968721283,293.9150418347209,293.15916040151336
16,2.0,295.1816070486547,294.3618109826557,293.1773598762451
16,2.5,295.65964932917274,294.7884773251326,293.18770384575964
16,3.0,296.1321607263665,295.2106041116812,293.1838963197628
16,3.5,296.55791535130794,295.6588599042686,293.2274321410542
16,4.0,297.0184108446541,296.08024558254726,293.2841987970435
16,4.5,297.4436469008519,296.49364353661605,293.3375084202195
16,5.0,297.8886758048973,296.90762821274564,293.42462488827124
16,5.5,298.313773099827,297.30736977845703,293.5080490209278
16,6.0,298.734956793943,297.7219457995308,293.578176699252
16,6.5,299.12690580222795,298.11166183327634,293.69634592131536
16,7.0,299.5461210386734,298.5052075230493,293.79777489599496
16,7.5,299.94976884267226,298.89396654731695,293.8959939147469
16,8.0,300.31402236862266,299.26130175359935,294.0154756954215
16,8.5,300.7260969519253,299.6421384380797,294.118990877369
16,9.0,301.11451879323556,300.003164706432,294.2616171031468
16,9.5,301.48294735740836,300.4012003677694,294.3962730625135
16,10.0,301.8498518342758,300.74997212294653,294.5336404601725
16,10.5,301.7908748094732,301.04974287355736,294.6757094075565
16,11.0,301.57153618507033,301.11380970899165,294.818120254628
16,11.5,301.42709871147133,301.0734900902505,294.95864460231184
16,12.0,301.29715577705855,300.9780568432572,295.1077451043289
16,12.5,301.18684819879303,300.90240438736527,295.2529328172936
16,13.0,301.06466031489515,300.8318260800458,295.37236048045276
16,13.5,300.96226704159943,300.7464238038215,295.498500686259
16,14.0,300.87402716429045,300.656314466033,295.60710930190703
16,14.5,300.7919798676096,300.5701587181459,295.7082300147252
16,15.0,300.71805490959656,300.4801828334748,295.8183544881965
16,15.5,300.59731803534805,300.42382431218755,295.8993735888504
16,16.0,300.53635136461963,300.34424630507334,295.9946141316132
16,16.5,300.4464340222522,300.28324003492037,296.07149679784555
16,17.0,300.39463337108964,300.20558224739045,296.14382098662503
16,17.5,300.30503314875057,300.1467864879736,296.2148986311127
16,18.0,300.2402839723737,300.08896617293914,296.28052329266256
16,18.5,300.1762222497672,300.0306864402271,296.3330534456648
16,19.0,300.11876339490925,299.976046726462,296.41405995321634
16,19.5,300.06236307783854,299.91009626297523,296.4703666106189
16,20.0,300.00565211418905,299.84904099772353,296.531719857208
16,20.5,299.94441429534976,299.8270353231792,296.5706518963218
16,21.0,299.8767073323637,299.7856488995922,296.6454268356195
16,21.5,299.8446088593454,299.7167873710807,296.6711136433724
16,22.0,299.78583712661276,299.6521553988223,296.71267727192196
16,22.5,299.7486576330263,299.61221250614255,296.7562186589095
16,23.0,299.6822068183655,299.5809971069981,296.7918686009621
16,23.5,299.6270131205101,299.54663956235885,296.866014109088
16,24.0,299.5978967073136,299.4797345949117,296.9043976278547
16,24.5,299.5677925299309,299.45052215624514,296.9352945435064
16,25.0,299.51438226412387,299.41485032998605,296.95760103521553
16,25.5,299.47001165692933,299.3838446717482,297.0206907121044
16,26.0,299.42379062192526,299.33521387934,297.0338786888844
16,26.5,299.41176468361454,299.2875684337028,297.068380334971
16,27.0,299.3467502518881,299.27504513733857,297.11802527618966
16,27.5,299.31377904391155,299.2467433086095,297.1417777449715
16,28.0,299.29181040467734,299.2023343413006,297.18773244489455
16,28.5,299.23368186537823,299.1758486960013,297.1977780989321
16,29.0,299.2321410030011,299.1366281777002,297.21996386550023
16,29.5,299.1937785468932,299.1034036696596,297.2455679961202
16,30.0,299.1656277201748,299.0934972962003,297.2601091335542
16,30.5,299.13224263538416,299.0593357983018,297.30185806832424
16,31.0,299.09597466573985,299.0334222572409,297.34135576823894
16,31.5,299.0587494070127,299.01740205578693,297.3603923291126
16,32.0,299.0406188658067,298.96647493974433,297.3783556453927
16,32.5,299.00572383335856,298.9469020216931,297.3912310498815
16,33.0,298.9945871850237,298.93013411396913,297.4257798850518
16,33.5,298.9728115804626,298.8997555727874,297.45529561574045
16,34.0,298.9552753946258,298.89076398760704,297.4704782251792
16,34.5,298.92071131609714,298.8592617844159,297.4882099437012
16,35.0,298.90342669310786,298.830062739183,297.4983325285467
16,35.5,298.86907662624475,298.820127738872,297.53414056771226
16,36.0,298.84579180974737,298.80126616236726,297.51274193459665
16,36.5,298.834477366718,298.78959486236363,297.56592504309896
16,37.0,298.80566235212723,298.76543951185715,297.60529592391424
16,37.5,298.79260714336107,298.7479372442996,297.5814821470319
16,38.0,298.76027532102705,298.7288873380683,297.6106183965257
16,38.5,298.7436092129911,298.7066856536292,297.62892765894685
16,39.0,298.74086719162847,298.6847983054053,297.6398790060025
16,39.5,298.72600055990057,298.67873547499096,297.66990445874563
16,40.0,298.69041469934814,298.65688169145744,297.6788528861114
16,40.5,298.690616620164,298.6619419849182,297.6898043286531
16,41.0,298.6627089904627,298.643747522053,297.70998537040487
16,41.5,298.65279941519896,298.6223737165146,297.7155025111613
16,42.0,298.65185989940943,298.6059742743026,297.7600593190479
16,42.5,298.6312658479545,298.5878663061909,297.74231501363096
16,43.0,298.61708140751153,298.5630907001129,297.7549219565433
16,43.5,298.61456065525334,298.5608841084898,297.747669933583
16,44.0,298.57518991955976,298.55178003609467,297.7707943002097
16,44.5,298.55951973998094,298.54114592113143,297.798815973511
16,45.0,298.5496891388961,298.5319862943103,297.7847703986222
16,45.5,298.5422679480465,298.525287522586,297.7870114076028
16,46.0,298.50952974419135,298.49826946190115,297.8190609539407
16,46.5,298.5196122534521,298.4878006016841,297.84229414874625
16,47.0,298.50519072597706,298.49889422947126,297.83856650217206
16,47.5,298.50775246833,298.482154396592,297.8440532382799
16,48.0,298.4930362698534,298.46089134380736,297.8378256717732
16,48.5,298.47341160262283,298.45436817968664,297.8696616418634
16,49.0,298.4755247594558,298.4453326284318,297.88022084798536
16,49.5,298.4673555287636,298.4378649505826,297.8640079406107
16,50.0,298.44321769402933,298.4337274194617,297.9011434257955
16,50.5,298.43702726904525,298.4460560445352,297.90519082980944
16,51.0,298.4110241946754,298.4145558039365,297.9163627981098
16,51.5,298.4139495889642,298.41147560196225,297.91815748742204
16,52.0,298.40926022974,298.3804083826781,297.9259251337213
16,52.5,298.4094982537736,298.3850729241053,297.9314514986979
16,53.0,298.39161013893244,298.3950773965147,297.94158115758495
16,53.5,298.38846551852487,298.3798917733378,297.9211632253372
16,54.0,298.3741047035541,298.32526259255314,297.9306026831573
16,54.5,298.38104242323385,298.36937871848403,297.94432948538764
16,55.0,298.3767706047924,298.3754985724887,297.95628699869815
16,55.5,298.36992197683435,298.3302242302107,297.9671869266691
16,56.0,298.3596034629655,298.3594259084633,297.97210266395496
16,56.5,298.33784146685787,298.31073812793477,297.9854121853463
16,57.0,298.34101014919423,298.34223499311037,297.99095125622966
16,57.5,298.33727374759735,298.3273324000858,297.9758122847754
16,58.0,298.3316252884694,298.2986446682729,297.991841004952
16,58.5,298.3308885979598,298.32148805952653,297.9857497931251
16,59.0,298.3390388327758,298.32356952453034,297.9969766078064
16,59.5,298.3277082252199,298.3108820646256,298.00657028505856
16,60.0,298.30467040682606,298.3084167715585,297.9736249606541
17,0.5,293.6270450986632,293.23792887840307,293.15225189417765
17,1.0,294.1750797520446,293.5207546604157,293.14964352845516
17,1.5,294.6829740936418,293.9225927507974,293.16088219755073
17,2.0,295.20083117923696,294.3527237794524,293.16592966882473
17,2.5,295.653812309762,294.79790627329874,293.14654981187624
17,3.0,296.12192840984983,295.2402392932663,293.2092275001031
17,3.5,296.56889673943004,295.65798934257424,293.23254629103127
17,4.0,297.0346232375432,296.0978248751647,293.27844118704695
17,4.5,297.4534494067002,296.5048922570882,293.35155344062855
17,5.0,297.8851156854626,296.90565474965433,293.42829270016597
17,5.5,298.31803875599275,297.32284774730715,293.4877075167731
17,6.0,298.7279364860926,297.73290389727987,293.599524996255
17,6.5,299.13171261611967,298.1320792294548,293.6962080251979
17,7.0,299.54795268354013,298.5154119480558,293.7922336185178
17,7.5,299.96154465909177,298.8906518726092,293.89279926969306
17,8.0,300.3336289428092,299.2706806772031,294.0074071352395
17,8.5,300.72114110360303,299.65684196333416,294.14874821044134
17,9.0,301.1066399515339,300.0420038959809,294.2498274978447
17,9.5,301.4986389162805,300.3998906364066,294.4068439173804
17,10.0,301.8559675927007,300.7666395419027,294.5303009926289
17,10.5,301.778662076315,301.0489311550016,294.67096229343986
17,11.0,301.56815684385464,301.10682091611596,294.7985969601416
17,11.5,301.41704354719,301.06584521679514,294.95982087298324
17,12.0,301.29237901760956,300.991451272248,295.11101901006344
17,12.5,301.1791334483354,300.9202370035091,295.22954839648196
17,13.0,301.08861746374794,300.81272613805265,295.37830181985834
17,13.5,300.97447280653694,300.7298067777807,295.49621485988746
17,14.0,300.8639172244009,300.6377874584886,295.60253345639535
17,14.5,300.7746361579798,300.5739500974224,295.7232443347549
17,15.0,300.7089278964223,300.50390068915044,295.79110312383756
17,15.5,300.6236589508321,300.4328830743932,295.9083926557795
17,16.0,300.533479443544,300.3478601626078,296.00694701418405
17,16.5,300.4528741078592,300.28337829500043,296.0856136755214
17,17.0,300.39569458701465,300.2103751787173,296.15075840059563
17,17.5,300.3044853229564,300.1537960058989,296.2151632516729
17,18.0,300.2509507585361,300.09046435086333,296.2792464770212
17,18.5,300.20484154826676,300.0288063031847,296.34648219944665
17,19.0,300.1215789411189,299.9724870362402,296.4156690747439
17,19.5,300.05137500707735,299.92040743565445,296.45997870431154
17,20.0,300.0049187872797,299.8595323178962,296.530797392864
17,20.5,299.93977188362146,299.8083625048594,296.5972980705249
17,21.0,299.8760650841506,299.7778299780387,296.6258541670135
17,21.5,299.844341358111,299.73941863165714,296.66146705481805
17,22.0,299.79754505725487,299.6533516502842,296.7079809208808
17,22.5,299.7339312184054,299.6073497452672,296.77392116362506
17,23.0,299.68551184941936,299.56633440302954,296.8086103632048
17,23.5,299.6334202138724,299.5321955220916,296.85945613912475
17,24.0,299.59673761133575,299.50082130636747,296.8853506114554
17,24.5,299.5492093192188,299.4576780138741,296.93759332735294
17,25.0,299.5026625158907,299.4146113207094,296.9649789315588
17,25.5,299.49093004322503,299.3804882427049,296.9952529947356
17,26.0,299.4371590202693,299.33172902871775,297.0333858957116
17,26.5,299.39991097002803,299.30076535289845,297.059100049729
17,27.0,299.3658802735263,299.2686322162603,297.1235462809711
17,27.5,299.3287433486554,299.2196531855691,297.1342248209911
17,28.0,299.2819789631885,299.19154715387083,297.1721665543938
17,28.5,299.2549675985068,299.1605806344755,297.18992218500017
17,29.0,299.2167047915047,299.14901417223126,297.21341489527623
17,29.5,299.1919212519988,299.11431494709257,297.24934723984563
17,30.0,299.16005231831633,299.08934365139555,297.2895910206599
17,30.5,299.122834862656,299.03706428992564,297.29943670813833
17,31.0,299.0842929136852,299.01368290438637,297.3212045151234
17,31.5,299.0708432646839,299.0090130587095,297.35595862982973
17,32.0,299.0399769253409,298.94923666667086,297.38314279133425
17,32.5,298.996572473999,298.96466857795076,297.4176088760082
17,33.0,298.99480224961184,298.9103216090456,297.4270486596554
17,33.5,298.9743972032795,298.9138321540843,297.45160740547385
17,34.0,298.96579087306594,298.87404677600676,297.4733637849837
17,34.5,298.9130816646584,298.87162481377663,297.47501243818556
17,35.0,298.88879382057644,298.87206967639713,297.4966687843748
17,35.5,298.86095386331266,298.79673824581886,297.5146297866751
17,36.0,298.8526610001923,298.8065165461378,297.5307395252272
17,36.5,298.8317638296154,298.76216641459877,297.570051184759
17,37.0,298.80141411750657,298.76577579204786,297.5824932050214
17,37.5,298.78816598665276,298.7412580587505,297.59736084153616
17,38.0,298.75110058625154,298.72698224445287,297.58710492591865
17,38.5,298.76168925729417,298.69945101607885,297.6495615374343
17,39.0,298.72680630602156,298.6997659076514,297.6355621141015
17,39.5,298.71678709563236,298.6613635130946,297.68005884387946
17,40.0,298.68600432682484,298.67262931174525,297.6596359611613
17,40.5,298.6780869410643,298.6409512556477,297.6801573133421
17,41.0,298.66524043565784,298.61629879233124,297.6799841509681
17,41.5,298.65252145496737,298.6319946934245,297.71895625382996
17,42.0,298.6424877804067,298.6015161783816,297.71724810595157
17,42.5,298.6375817264492,298.60782225640514,297.7300715427534
17,43.0,298.61644979705903,298.58791549871955,297.73924399338665
17,43.5,298.60509439710023,298.5550643736751,297.7725481647061
17,44.0,298.5966897540697,298.5499161377512,297.78334343999836
17,44.5,298.5750755685461,298.54006173578364,297.8054625356038
17,45.0,298.5565432896422,298.54255396263994,297.79126790091505
17,45.5,298.55490407764313,298.5204493977409,297.8107751730563
17,46.0,298.54380534319387,298.50695392882903,297.80584444725486
17,46.5,298.52817219419876,298.4926325618852,297.8252363134441
17,47.0,298.4960901573256,298.4838800923153,297.8329542367523
17,47.5,298.4915002691251,298.48749050155686,297.85205898388114
17,48.0,298.486763535023,298.4648361067367,297.86658076921475
17,48.5,298.4872147791079,298.45149031866316,297.8750497675447
17,49.0,298.4694116868115,298.4407146962424,297.86517997417434
17,49.5,298.47149158449986,298.4320115578214,297.89180994464795
17,50.0,298.4640555182147,298.4149796285789,297.88935724993746
17,50.5,298.4539492162858,298.413202363991,297.8942879055915
17,51.0,298.44533323219116,298.4276424410814,297.8979545238161
17,51.5,298.4144862496613,298.40278362785233,297.9067228785601
17,52.0,298.42151128033885,298.4043172664256,297.93681144509515
17,52.5,298.40268130159797,298.3651343588541,297.9293183973758
17,53.0,298.38457330241243,298.3884723595772,297.93464255284493
17,53.5,298.3907253270748,298.37425509238057,297.9367283344431
17,54.0,298.3996053800262,298.3643393381729,297.9700730636079
17,54.5,298.38393870434976,298.36444808603505,297.964739669278
17,55.0,298.3926915525626,298.3513586760043,297.9503745792669
17,55.5,298.3676706248028,298.32894455687307,297.960569406889
17,56.0,298.38395787918233,298.3534545111186,297.96671340198895
17,56.5,298.35502740907805,298.3408878598545,297.9756998470146
17,57.0,298.3474344887947,298.32971557911236,297.9724540433175
17,57.5,298.32855291344134,298.3177570326252,297.9889243010919
17,58.0,298.3467638690015,298.3074458052643,298.00397612517185
17,58.5,298.3251175344905,298.31926560832477,297.9810918275122
17,59.0,298.318312942658,298.3281955366411,297.987577610819
17,59.5,298.3323995687307,298.3092748593548,297.9985207858151
17,60.0,298.3261278113125,298.2887408791269,298.0033441258177
18,0.5,293.62291731701424,293.2379666632195,293.16075708092006
18,1.0,294.1794327574708,293.52404531116264,293.16864135658676
18,1.5,294.6983743499171,293.91825606755424,293.14965483149757
18,2.0,295.17891382474954,294.3655876708854,293.16020939772204
18,2.5,295.65442348739896,294.80559286282096,293.1711735707926
18,3.0,296.1060861618539,295.23725747119045,293.20031071553694
18,3.5,296.5815852998145,295.6457769770499,293.2596953131156
18,4.0,297.02301386521685,296.07312347810915,293.28261612920016
18,4.5,297.46735922741004,296.51405767361103,293.3440169865138
18,5.0,297.8815125473216,296.9104141405155,293.4402919984398
18,5.5,298.30458314300046,297.3118843625969,293.5103603471349
18,6.0,298.7237855468036,297.7230279741061,293.61368293457485
18,6.5,299.1411750725261,298.122169330295,293.68407025034435
18,7.0,299.5221466175956,298.49782853890054,293.79302666792717
18,7.5,299.9435203881349,298.89258952765886,293.8948687365576
18,8.0,300.3302498826995,299.2821132104358,294.0186339269678
18,8.5,300.7093871300448,299.6394783968389,294.1207479221527
18,9.0,301.0840876231712,300.0253876056024,294.2717892702762
18,9.5,301.48416988415346,300.384409048654,294.3994339536071
18,10.0,301.8764366998838,300.75225841821475,294.53137743759555
18,10.5,301.79819209857953,301.0427861756836,294.66801699519027
18,11.0,301.5870850354526,301.11487102212106,294.806730297322
18,11.5,301.44850228245485,301.0642463355752,294.96856516840484
18,12.0,301.297127606807,300.9836128311459,295.09317225504634
18,12.5,301.18922585379244,300.90357154917996,295.24803145648093
18,13.0,301.0664143216012,300.80365364855527,295.3940599751339
18,13.5,300.96396689009487,300.73356868919996,295.5101799522371
18,14.0,300.866262918334,300.6577551027123,295.593919733107
18,14.5,300.7613106733622,300.56599174634783,295.70933022328654
18,15.0,300.7080513321895,300.48820740743025,295.81734019893287
18,15.5,300.6059765229545,300.4203724994658,295.90422302907194
18,16.0,300.5251835566442,300.3255418231725,295.9767586054205
18,16.5,300.4454996556984,300.2830029267336,296.07506740364516
18,17.0,300.3824016642922,300.24292953997644,296.14676016443906
18,17.5,300.33205351732926,300.1472890568908,296.2373233135202
18,18.0,300.2679682430637,300.0861334490012,296.28307221556054
18,18.5,300.1655062895998,300.0356597293132,296.36119149123897
18,19.0,300.11598090433665,299.9875628259994,296.3975601182334
18,19.5,300.04878752416903,299.92563789126484,296.45777104938713
18,20.0,300.0106984776651,299.8409177734588,296.53043977428155
18,20.5,299.94733790628453,299.81642146115684,296.58680377315096
18,21.0,299.88364054931435,299.7864756593544,296.616899072104
18,21.5,299.8380567286482,299.7185375744363,296.6751517769157
18,22.0,299.7815925270353,299.65384930063686,296.70761257660865
18,22.5,299.7531827460699,299.62276275355515,296.7643433098449
18,23.0,299.69475380131047,299.5630990587942,296.81757705285065
18,23.5,299.6497341019928,299.5455564431347,296.8463382451727
18,24.0,299.5715677925601,299.48230467537684,296.88819660688756
18,24.5,299.55416511625975,299.45250792080054,296.9179891378946
18,25.0,299.5336049523483,299.4043132093217,296.960078339157
18,25.5,299.48526964562143,299.36973440665986,297.020159144451
18,26.0,299.4140231962426,299.35351139674265,297.0381251294168
18,26.5,299.3910527606209,299.3042411522649,297.06104751561674
18,27.0,299.3450310831778,299.2632411370068,297.1005049658861
18,27.5,299.33814400209144,299.2240430692489,297.119214362915
18,28.0,299.28855284553924,299.1844432410541,297.1555798165856
18,28.5,299.2445641166798,299.15928348875303,297.20889427371935
18,29.0,299.2197366757827,299.1424926824089,297.22250934925216
18,29.5,299.1614629604603,299.1216637352941,297.2705933467158
18,30.0,299.14578579642216,299.0776295244706,297.2776256169411
18,30.5,299.1270259025229,299.0711662758308,297.3042842390904
18,31.0,299.1060426545989,299.0213435670246,297.33631877643614
18,31.5,299.0499677529083,299.00000078707814,297.32767811156384
18,32.0,299.03820806714197,298.96622759588416,297.3802019585636
18,32.5,299.02557305386125,298.9623299017204,297.4006905294391
18,33.0,298.9752110986792,298.94952988662124,297.43837154380685
18,33.5,298.9670356105049,298.88778053555563,297.45481427263013
18,34.0,298.9411670533449,298.879471001568,297.45483411575907
18,34.5,298.9341374428952,298.8737835750954,297.4989639781911
18,35.0,298.8918795776108,298.8255186120437,297.5036789598237
18,35.5,298.87033206763334,298.8251368611898,297.51642421730816
18,36.0,298.8591241786591,298.81177749666125,297.54603201529284
18,36.5,298.8164771611293,298.78103032987826,297.56006889245367
18,37.0,298.80731824878893,298.76701073353513,297.5949773572451
18,37.5,298.78535803536437,298.76093480424726,297.59997210119013
18,38.0,298.76949812479336,298.74516868676926,297.61508868028153
18,38.5,298.76090955430544,298.70794820671176,297.6380132396767
18,39.0,298.7400547134691,298.6866367180634,297.65543355032395
18,39.5,298.7096468360612,298.6666472903636,297.667376767263
18,40.0,298.7016382530711,298.66998258062057,297.68832301069597
18,40.5,298.69881489319994,298.6313260031359,297.69436814905674
18,41.0,298.65972269020506,298.62779995872535,297.70368915944044
18,41.5,298.6540860312409,298.6170722229006,297.7277267246914
18,42.0,298.6357588484821,298.59715957978244,297.7273517127589
18,42.5,298.62256092545596,298.5915440993509,297.7411340094579
18,43.0,298.5928161114088,298.60134707060934,297.77018490473137
18,43.5,298.60958038021187,298.56182984481956,297.78099385535825
18,44.0,298.5744851939614,298.5464119794863,297.77614704541344
18,44.5,298.5796392094324,298.5490046746308,297.78280668092
18,45.0,298.55069659551793,298.52968676708156,297.81275670212784
18,45.5,298.5385579120616,298.5304675783193,297.81659116292496
18,46.0,298.5452064828389,298.50683787881627,297.82189361177086
18,46.5,298.53162538185387,298.49214712567647,297.82536797656957
18,47.0,298.5127230922856,298.4665484137929,297.8414596556722
18,47.5,298.5075263761541,298.458247233762,297.8471973997073
18,48.0,298.48662654826074,298.44644206632444,297.84976716935483
18,48.5,298.47933489262334,298.459233683039,297.86642952392225
18,49.0,298.4630089070776,298.4327372730999,297.87626233735296
18,49.5,298.46916354765835,298.45010498301895,297.8780713149325
18,50.0,298.4439690186156,298.4293030541879,297.8988363581946
18,50.5,298.45680907504845,298.41826424788326,297.9104221984736
18,51.0,298.43011948486316,298.40421968757283,297.9147386156208
18,51.5,298.4250612743481,298.41107220794066,297.90955975265155
18,52.0,298.42427220555084,298.38922817154463,297.9269465216751
18,52.5,298.4089952362194,298.3800681439924,297.9270239036855
18,53.0,298.3980848825832,298.3946727456936,297.92053897458425
18,53.5,298.3932998039173,298.37941483103197,297.94607809681344
18,54.0,298.3952961939055,298.3668044441193,297.9470745939031
18,54.5,298.3727027620272,298.3690528163082,297.9776250444102
18,55.0,298.3712510887738,298.3564062472735,297.97215790904767
18,55.5,298.36600119062354,298.35401343757644,297.9704170590054
18,56.0,298.3681257036017,298.33606355268313,297.97134755243553
18,56.5,298.3522537430842,298.35916167033014,297.97587834978236
18,57.0,298.3652926767781,298.3270588039831,297.9694294092075
18,57.5,298.3397814285434,298.34297904961545,297.9671462635863
18,58.0,298.33328140521456,298.3202556919323,297.98072965276066
18,58.5,298.32842846456373,298.32509765241065,297.9937509384206
18,59.0,298.31161700476554,298.3194033620291,297.9778036854078
18,59.5,298.3092199946255,298.3187117121389,297.99790915344533
18,60.0,298.3092389157272,298.2941622581162,298.00523595108757
19,0.5,293.60077839273197,293.23544188110856,293.16516097815276
19,1.0,294.1627984292888,293.5213197931432,293.16139606876834
19,1.5,294.6855159882521,293.92951961594054,293.1463899205247
19,2.0,295.1987964199659,294.35555131505936,293.1458936079578
19,2.5,295.6639080742817,294.79727937130133,293.181006340282
19,3.0,296.11500020822257,295.2112605753461,293.18060079555676
19,3.5,296.5730844196504,295.65285126629027,293.2536826262851
19,4.0,297.01782018581224,296.077495579032,293.29052259988265
19,4.5,297.4468196994259,296.50215673390403,293.37175117793805
19,5.0,297.8759295422778,296.90171836758367,293.40691333421995
19,5.5,298.3161061746657,297.28956132600507,293.51329632512807
19,6.0,298.7178872477428,297.70502749731594,293.5914741437163
19,6.5,299.1213091329007,298.1114858597643,293.68526413140785
19,7.0,299.53641737037583,298.5041818768649,293.7780654219027
19,7.5,299.9373399243288,298.90723260929894,293.9074329850624
19,8.0,300.3107277960793,299.2786750741502,294.02396228912914
19,8.5,300.7195660391461,299.65189657109084,294.1563401671452
19,9.0,301.11361348004124,300.02494023826034,294.2750202273383
19,9.5,301.49004691512744,300.4065947790062,294.39026025948266
19,10.0,301.884257521203,300.75619311866245,294.52191435838404
19,10.5,301.7939563467353,301.04701433858105,294.6582357241011
19,11.0,301.5980206135934,301.09920724554087,294.83041008065214
19,11.5,301.4568830851756,301.08165562234853,294.95350629644173
19,12.0,301.3051385802543,300.9940220017656,295.11968545359304
19,12.5,301.18132352035536,300.8959807705866,295.2481632177691
19,13.0,301.08066403342457,300.8139787257348,295.37661449000177
19,13.5,300.96352051415374,300.73437716465367,295.49225605422504
19,14.0,300.87411487269776,300.64393404596547,295.6155777416637
19,14.5,300.77543868640265,300.5614390805406,295.7145428962616
19,15.0,300.6991602551657,300.48369116050344,295.8094335586126
19,15.5,300.60587375646566,300.42002771492605,295.91188589615854
19,16.0,300.52632865944315,300.3422459745687,295.9893129415111
19,16.5,300.4614341054456,300.27309717482,296.06323089634304
19,17.0,300.38306814424976,300.1985500643884,296.1528586011448
19,17.5,300.29514338286646,300.1492922248673,296.2175402028779
19,18.0,300.23247488534236,300.08551246495045,296.29049360270426
19,18.5,300.1706422934432,300.02500717582575,296.3449728588021
19,19.0,300.1106956652353,299.97309720609235,296.3981397892179
19,19.5,300.06327533516475,299.92336823544787,296.48540188199127
19,20.0,300.00300448872366,299.86948949696404,296.53868926879113
19,20.5,299.9551247645286,299.8163147577892,296.5848043149575
19,21.0,299.89753426081757,299.75834965511564,296.622594892511
19,21.5,299.8480500274041,299.70664318060926,296.6719078231193
19,22.0,299.792450675164,299.65495616335636,296.7352516428029
19,22.5,299.7391370782171,299.6140128922376,296.76261720773226
19,23.0,299.7002777235832,299.57610243225895,296.80288226463097
19,23.5,299.652229995701,299.52536554502547,296.86941017692044
19,24.0,299.601997921016,299.49282407264826,296.8902101771309
19,24.5,299.56754372175664,299.44211091767454,296.9469713451627
19,25.0,299.4893149603327,299.3962810904515,296.95257800418636
19,25.5,299.46910372317967,299.383392948444,297.00775988411664
19,26.0,299.4294361874453,299.33390574433037,297.0581067064918
19,26.5,299.40571384772255,299.29483624408374,297.07136810072984
19,27.0,299.37276022780645,299.25789469033106,297.1010126404626
19,27.5,299.3065311927857,299.23972570870507,297.1235111199507
19,28.0,299.300221734458,299.21690933303273,297.17654484405136
19,28.5,299.24052762041686,299.1677655564782,297.1875895955025
19,29.0,299.2079829438917,299.1392174562478,297.22298608790214
19,29.5,299.18519375872773,299.1225777160057,297.23934102215685
19,30.0,299.1534533447354,299.06512858235124,297.2941480413271
19,30.5,299.1110772924675,299.07512952625274,297.31619287915953
19,31.0,299.1040846806493,299.0529595742701,297.3295939873586
19,31.5,299.0761749183615,298.9753175290128,297.3428624980302
19,32.0,299.05256003618064,298.9760483307984,297.3935116358195
19,32.5,299.0111416431783,298.94523281405606,297.3975210770492
19,33.0,298.98932980477326,298.9259070627717,297.4124591064635
19,33.5,298.96443951050804,298.90121485446883,297.4275462985638
19,34.0,298.9573872627285,298.8910502132391,297.45971138129556
19,34.5,298.8886511918653,298.8600100775552,297.4719962107796
19,35.0,298.884611496052,298.830878995116,297.5000738967143
19,35.5,298.87210348204496,298.8177481705071,297.5329128369081
19,36.0,298.8397188787783,298.80471061702883,297.54030698114434
19,36.5,298.82715744423706,298.76841082845704,297.5656535198314
19,37.0,298.8082663254907,298.745045765936,297.57235935750947
19,37.5,298.78333842438485,298.76325320839436,297.5972175715689
19,38.0,298.77153193218146,298.7192601544312,297.63224109929354
19,38.5,298.7587069825934,298.70719434897296,297.62552190806787
19,39.0,298.732150434168,298.68798254249816,297.64834912851927
19,39.5,298.7126017118068,298.6813279685152,297.6438854440454
19,40.0,298.6986136118713,298.6779408383472,297.689329437192
19,40.5,298.68383611359246,298.6508430971311,297.6835092586382
19,41.0,298.6506331515397,298.61514204762983,297.71251798129225
19,41.5,298.65724990261657,298.60220409092096,297.71410320111295
19,42.0,298.63318044295704,298.5981999571564,297.7343764678099
19,42.5,298.6358063263624,298.5860635647054,297.7475116685665
19,43.0,298.61503322238775,298.5584824247309,297.74844473216325
19,43.5,298.607173415711,298.57123923992475,297.7756936784363
19,44.0,298.57211867503315,298.5399028301818,297.76863895484274
19,44.5,298.565664623319,298.55378437200824,297.7951215388933
19,45.0,298.54448577672383,298.5454972566122,297.7942229141841
19,45.5,298.53776104649126,298.5135916852809,297.8120825588321
19,46.0,298.54559630457936,298.5095807290222,297.81411786920535
19,46.5,298.5365614415983,298.48231188553535,297.82908646341855
19,47.0,298.49915510034793,298.4906224259386,297.8273957528682
19,47.5,298.4953320939729,298.46946265646574,297.84989005415304
19,48.0,298.4887501193431,298.45392670001286,297.8568524295002
19,48.5,298.48527462531865,298.4525469414936,297.85973756509566
19,49.0,298.45202704836686,298.4417022878145,297.8730578172326
19,49.5,298.44409289735006,298.43429761532974,297.8831653103634
19,50.0,298.455799413366,298.4384973875675,297.8836345307759
19,50.5,298.4224671259099,298.4128530411479,297.89624628879324
19,51.0,298.42880985248496,298.4300084683226,297.89498411927536
19,51.5,298.42647710679347,298.39159902412973,297.9357795668933
19,52.0,298.4208415850436,298.4134274524718,297.9299794932353
19,52.5,298.4073394110521,298.37975681781404,297.9289752307672
19,53.0,298.39740639853557,298.38277911416213,297.94461756364467
19,53.5,298.4020457469925,298.37096665828943,297.9195582782616
19,54.0,298.3892100696336,298.3657164516864,297.9200364801152
19,54.5,298.37286111802905,298.3706520588244,297.947696653772
19,55.0,298.37289068781337,298.37131519651473,297.94379955897887
19,55.5,298.3697300135767,298.3620885531215,297.9609395021916
19,56.0,298.37666222406096,298.3401834683835,297.9709124138286
19,56.5,298.3611154335058,298.34030023646505,297.9834452722152
19,57.0,298.3593552543927,298.3250342249232,297.9680836634011
19,57.5,298.33524074035756,298.3175033832202,297.98853244271993
19,58.0,298.33041641253607,298.31068137136805,297.989599140783
19,58.5,298.3277849858518,298.3126509481843,297.9977032017016
19,59.0,298.32334769258574,298.31455718334894,297.9936613586824
19,59.5,298.30950701351503,298.28812504298986,298.0171837227667
19,60.0,298.32720492089015,298.3021049581621,298.0066769949345
20,0.5,293.62067448050186,293.20305666587916,293.1622752398753
20,1.0,294.1615117787338,293.541607470704,293.1605683963925
20,1.5,294.6963593997955,293.92089776362457,293.15089063098094
20,2.0,295.18096079687905,294.3578781278027,293.16861974668825
20,2.5,295.6540091973002,294.8046589584391,293.1850887162018
20,3.0,296.1269263693962,295.2277065809558,293.20290136535385
20,3.5,296.5707761627421,295.66875131404316,293.23565027960643
20,4.0,296.99148366579715,296.06565858618956,293.28630613415027
20,4.5,297.42387057253154,296.5198940788039,293.36181670822094
20,5.0,297.8963450660581,296.9188738455804,293.42376152093857
20,5.5,298.31830351904125,297.31665265817077,293.4936530406787
20,6.0,298.7409585009805,297.73009528781904,293.57563060372934
20,6.5,299.1320808142882,298.10040999076153,293.69689295124357
20,7.0,299.52392242579657,298.50065688582214,293.78629607233216
20,7.5,299.931963988371,298.9048376320367,293.9047793835519
20,8.0,300.3305690834748,299.2541770079347,294.02959798435205
20,8.5,300.70990312048144,299.6566858460481,294.125399644357
20,9.0,301.1214194279275,300.03058591262663,294.26448835090457
20,9.5,301.50792965006866,300.4152452033527,294.39449227131
20,10.0,301.86674237705836,300.7462646689868,294.5357504129765
20,10.5,301.78133661444514,301.06451348702876,294.6843122384205
20,11.0,301.57058160356115,301.1045051193108,294.8023833190491
20,11.5,301.444346564778,301.06299646726245,294.9669860187716
20,12.0,301.29832008574505,300.97787696852595,295.11519839265327
20,12.5,301.1768011742919,300.892177483172,295.2410487267209
20,13.0,301.075738371377,300.8191584993125,295.3719409912569
20,13.5,300.9632557631978,300.7181573378738,295.4995092310405
20,14.0,300.87450676123404,300.65384407842924,295.61241918331257
20,14.5,300.76749129432494,300.560154126288,295.7205211299637
20,15.0,300.70605128148253,300.47810355930477,295.81873849679135
20,15.5,300.6113487369345,300.41136000447005,295.8951061252359
20,16.0,300.5447859530481,300.3491935892784,296.0006553275804
20,16.5,300.4552880107361,300.2748612195483,296.0828820757523
20,17.0,300.38308326156977,300.2122527831223,296.14872116232715
20,17.5,300.3022954199407,300.15547789372033,296.2032385063687
20,18.0,300.2546280242857,300.0981489138545,296.28445704552666
20,18.5,300.1733565588176,300.0251227062263,296.3514555161551
20,19.0,300.1146611605644,299.96066727916167,296.39878499988686
20,19.5,300.0591415737308,299.91664915760975,296.46444976173035
20,20.0,300.00202734208983,299.8671803381057,296.5091294608079
20,20.5,299.92741100140944,299.7961802197205,296.58203938759476
20,21.0,299.88769818393325,299.7518502749319,296.62813255251376
20,21.5,299.8452833000287,299.70512129500906,296.6584531712027
20,22.0,299.78258333290415,299.6633170978824,296.72494301695974
20,22.5,299.73479296758404,299.6123341182747,296.765590418634
20,23.0,299.69090826666877,299.5829763385586,296.81437196782196
20,23.5,299.64177626345815,299.51717707422745,296.84677250582655
20,24.0,299.5879318123165,299.47606631428516,296.8826721599396
20,24.5,299.5544695418114,299.4484265963385,296.92157864561295
20,25.0,299.5227135744578,299.41113448130017,296.9611802211278
20,25.5,299.4614965954484,299.36065244850676,297.00276628625465
20,26.0,299.42874927320696,299.33258240185756,297.03887546515386
20,26.5,299.38037070570834,299.2991961424418,297.06916339450515
20,27.0,299.36646009734187,299.26490018227383,297.0994194898953
20,27.5,299.32010940441944,299.23701416379066,297.1316746064466
20,28.0,299.2776080663804,299.19654446707386,297.19079866136207
20,28.5,299.25316472827853,299.1865746580883,297.1875836248139
20,29.0,299.20735909419835,299.14625513639174,297.2183544534106
20,29.5,299.1772016604364,299.1037902624004,297.2846245860385
20,30.0,299.14203407415823,299.0841781543285,297.28278922835074
20,30.5,299.1159936728891,299.0567009930097,297.29084421939325
20,31.0,299.1111592767544,299.04066578599185,297.33833670689046
20,31.5,299.06204971080143,298.9963770800178,297.345303598494
20,32.0,299.0466818714455,298.98469675006476,297.3872431804051
20,32.5,299.0071131822765,298.9528408291326,297.399070771526
20,33.0,298.9973209693806,298.9434704456453,297.41911319637677
20,33.5,298.9544829621478,298.9183076196914,297.4612591283768
20,34.0,298.94089958759145,298.88490241530025,297.4718350461411
20,34.5,298.9175221527903,298.85851295041476,297.4962724863794
20,35.0,298.9174589929062,298.8450541263548,297.5106513018747
20,35.5,298.8783523264969,298.8176655218488,297.5210243043332
20,36.0,298.8446455409841,298.81636584571896,297.5501745269867
20,36.5,298.8365911374463,298.78103274251646,297.57418873993714
20,37.0,298.8309088255593,298.7574516765006,297.58094008454
20,37.5,298.7736189245679,298.73872962952527,297.6145823069487
20,38.0,298.76246242249476,298.7135540653763,297.6215369631047
20,38.5,298.7500565142247,298.71413347012304,297.63112659434586
20,39.0,298.73034221634686,298.68376038453005,297.6470196994532
20,39.5,298.7138060921632,298.6868285739962,297.66091308760974
20,40.0,298.6872289383819,298.6472835885763,297.66161598811186
20,40.5,298.6979500375944,298.6463161732035,297.68738060296954
20,41.0,298.65381026120826,298.6418279366902,297.70422450964656
20,41.5,298.6506322353407,298.59452285454483,297.7111741528579
20,42.0,298.6481487611691,298.62237226034756,297.73163744434675
20,42.5,298.62288912704287,298.5844930447288,297.741014619198
20,43.0,298.5993287459623,298.577112891248,297.7607060544694
20,43.5,298.581985995105,298.56876032297816,297.7714057378894
20,44.0,298.57992872101,298.55802732632174,297.7779003363585
20,44.5,298.56180819407234,298.5415901957696,297.77367006778
20,45.0,298.5589626725154,298.5372647764772,297.81603219451256
20,45.5,298.53079844710334,298.5212649277364,297.8071680693601
20,46.0,298.54120560770315,298.5227998140184,297.8179289346919
20,46.5,298.52284203105074,298.4998546331847,297.8251614951845
20,47.0,298.5125347972395,298.5040320178727,297.83325857332443
20,47.5,298.51432563843844,298.48345536910244,297.8628550647862
20,48.0,298.48513412107957,298.44674155197106,297.8702709943544
20,48.5,298.4721604019532,298.48155131816003,297.86958303467213
20,49.0,298.4641475147188,298.4406163268138,297.87253309535225
20,49.5,298.45819763247016,298.45250464951175,297.88801644545185
20,50.0,298.44999350297934,298.4292685229705,297.89053607112623
20,50.5,298.43365053423304,298.4313170196503,297.89563164536725
20,51.0,298.413046974016,298.4057734492162,297.9084206978994
20,51.5,298.4192468986991,298.41110706588887,297.90791065903426
20,52.0,298.42028318200715,298.3947412442861,297.92191094927324
20,52.5,298.41011917507007,298.405711955149,297.9282864989671
20,53.0,298.4130595104243,298.3871759281617,297.9389257945825
20,53.5,298.413154903835,298.38522804583727,297.9331594334537
20,54.0,298.3939513480845,298.34751296968705,297.9527146410223
20,54.5,298.39315649067265,298.36178275966296,297.94262644946
20,55.0,298.3801812017692,298.360422444893,297.9518595338987
20,55.5,298.38299731590945,298.3524194551363,297.9580163068446
20,56.0,298.3779883879893,298.3538436038441,297.95813532969896
20,56.5,298.3627638485307,298.33479864178963,297.9843977500656
20,57.0,298.3542734872974,298.3333428747102,297.96977577848196
20,57.5,298.3392944926012,298.33923115399006,297.9775469724843
20,58.0,298.33524486878895,298.2993574903909,298.00200932095635
20,58.5,298.3267604124664,298.3229201862705,297.98852228158376
20,59.0,298.33099593516107,298.3087222787789,297.99697765133857
20,59.5,298.31238378271945,298.2981200133419,297.9932320813589
20,60.0,298.31263452252676,298.3059339374306,298.016041593495
21,0.5,293.61140002070874,293.2010091990679,293.1413851380985
21,1.0,294.1768051243119,293.51309653967184,293.1459354054953
21,1.5,294.69430642467785,293.93774177349553,293.15749066493316
21,2.0,295.18229337279485,294.3616263009204,293.14872630873447
21,2.5,295.65204285479746,294.80327148485117,293.1753132281213
21,3.0,296.11245352292485,295.23858085927804,293.21466644989795
21,3.5,296.58666695280164,295.6610377512639,293.2446921925625
21,4.0,297.025751361886,296.0735472774573,293.3051327378297
21,4.5,297.4475662114913,296.48554780344523,293.3647741983123
21,5.0,297.88401916213746,296.91947018965,293.4242603724199
21,5.5,298.30299978353264,297.31520631298974,293.4807474491124
21,6.0,298.7108029844609,297.7407847226566,293.58142150913227
21,6.5,299.13403261053725,298.1084453598613,293.6962079778464
21,7.0,299.53269384717413,298.52327199315766,293.7762613423519
21,7.5,299.92663446013455,298.8888272101657,293.89820858010944
21,8.0,300.3156635127798,299.28620809571623,294.02058572141823
21,8.5,300.7043354677223,299.66804818567084,294.1531845960832
21,9.0,301.1012194194208,300.01503465174636,294.25918952774515
21,9.5,301.48468367156795,300.39070296440156,294.3897643356814
21,10.0,301.85320656194943,300.75176443092704,294.53142852655526
21,10.5,301.7879526461887,301.03611773157587,294.6754297681344
21,11.0,301.5828758079281,301.1167704952475,294.81413536892177
21,11.5,301.4346510789224,301.0655002781591,294.97178072277336
21,12.0,301.2957279097347,300.99062067562744,295.09689171657305
21,12.5,301.17182164192394,300.9086183948964,295.24411410669427
21,13.0,301.07206780620163,300.7965494075008,295.3777675882883
21,13.5,300.9564861333675,300.74214831706115,295.4913224092516
21,14.0,300.8784323947092,300.6429502934593,295.6173681118993
21,14.5,300.77254447076825,300.57210779982006,295.7161871893024
21,15.0,300.70436273485535,300.4964410257556,295.82101414865883
21,15.5,300.60900828988343,300.4303460615413,295.90686688937257
21,16.0,300.5438232796049,300.344777943483,295.9945167083182
21,16.5,300.4460731406287,300.25639837757717,296.06489032656197
21,17.0,300.3776675616503,300.2124819580735,296.1405526163383
21,17.5,300.31822794369214,300.1505228876836,296.23042402423346
21,18.0,300.25873542548976,300.0769820907469,296.2919596070319
21,18.5,300.198781047441,300.0296985658565,296.3392818057235
21,19.0,300.1199390459332,299.96749931497015,296.4120396365113
21,19.5,300.07750855817784,299.90246067332765,296.44431338183074
21,20.0,299.9979184547547,299.8691886911947,296.51748375304646
21,20.5,299.95545964703524,299.8051502212712,296.5855767421111
21,21.0,299.88058443261855,299.75669256575463,296.62522154347766
21,21.5,299.8415330029109,299.7076873754958,296.67609012954756
21,22.0,299.7629497828408,299.6777501057442,296.6912645558787
21,22.5,299.72582437500967,299.61953529569325,296.7622329719266
21,23.0,299.6939509741411,299.57669692951305,296.8125905472327
21,23.5,299.62991147926164,299.52882204469813,296.85534072891807
21,24.0,299.6025064634483,299.49649216947967,296.90031051106035
21,24.5,299.56389758425615,299.4652586649381,296.9271845143598
21,25.0,299.50775964083056,299.41936961751645,296.96490536516706
21,25.5,299.4623188253643,299.3820675568487,296.9892568609947
21,26.0,299.42775222594327,299.3447121923429,297.0353506651079
21,26.5,299.38452889575586,299.2894041541829,297.0584548426593
21,27.0,299.3560341422568,299.26007197342705,297.08517398418724
21,27.5,299.3220538927367,299.23344547502177,297.1243368454256
21,28.0,299.2830499614855,299.19590161549314,297.18080826258506
21,28.5,299.268985664679,299.1611509248407,297.1925852643138
21,29.0,299.2122010581504,299.12265133258575,297.2261329471263
21,29.5,299.20145094754355,299.0983961054755,297.2465510824428
21,30.0,299.14622301709363,299.0806677838214,297.2606735851316
21,30.5,299.1273892409641,299.05476657615543,297.3140051573016
21,31.0,299.10941695499986,299.0205880334856,297.3081878534521
21,31.5,299.0806944656368,299.0031701564338,297.3488560606181
21,32.0,299.03781704124196,298.97268502667845,297.3776064165186
21,32.5,299.0210268936768,298.96332802024847,297.40348529075396
21,33.0,298.9939374227596,298.92693852284054,297.4162464588264
21,33.5,298.95934439037114,298.912362013979,297.42678786385795
21,34.0,298.94666680768535,298.8849647598773,297.45816009969116
21,34.5,298.9356185614121,298.84711506623245,297.4790550121287
21,35.0,298.89889794619256,298.8390814855006,297.49857117012795
21,35.5,298.8777116374078,298.80711378112676,297.5351693354732
21,36.0,298.85729613090945,298.798481566277,297.53192495500275
21,36.5,298.81513088173625,298.77279673356236,297.56510637875465
21,37.0,298.8141293275865,298.7653277331606,297.581175674477
21,37.5,298.7797476897244,298.72990223701134,297.60617043167997
21,38.0,298.76498837351346,298.72583143948106,297.61170077235533
21,38.5,298.77404490762774,298.7142920346678,297.63691807852007
21,39.0,298.7319804825217,298.7010364522495,297.64278263276213
21,39.5,298.70973191810356,298.6682054138955,297.6638846415859
21,40.0,298.71179708682683,298.6603904488383,297.6590989650954
21,40.5,298.6744337070305,298.6468852284429,297.6618985441647
21,41.0,298.66356215575115,298.64579696190066,297.7057881133288
21,41.5,298.6651248851168,298.60123202458357,297.71964683533093
21,42.0,298.6381181309046,298.59307857945896,297.7330156974912
21,42.5,298.607575005163,298.6167905216281,297.7355522191469
21,43.0,298.61456258377456,298.57297096458683,297.7678663580805
21,43.5,298.5915080928483,298.54413589262396,297.76017583592136
21,44.0,298.5976272278356,298.5449405343271,297.78043759367944
21,44.5,298.5633166202545,298.51116262417236,297.79328855894306
21,45.0,298.56742262133565,298.5297001377647,297.81531236872326
21,45.5,298.56256993890423,298.52417206820996,297.80541668314794
21,46.0,298.52456581809616,298.49607437885635,297.81220587016657
21,46.5,298.5197544056115,298.4899241185337,297.81360524982733
21,47.0,298.5145226860374,298.4936222042275,297.8536663599517
21,47.5,298.4913414131305,298.4569424260516,297.85162859337663
21,48.0,298.4922150255304,298.4515833411067,297.86094116220954
21,48.5,298.47716936602546,298.453159139559,297.8963061430496
21,49.0,298.4671744752863,298.4388364195239,297.8768585443084
21,49.5,298.4606122820924,298.43461054038505,297.86880205155074
21,50.0,298.4516157990831,298.41636308534527,297.88783906555864
21,50.5,298.44359631928984,298.4228492519335,297.887786050462
21,51.0,298.4272895630918,298.41116590747305,297.90108095473846
21,51.5,298.4193044714644,298.4103415254003,297.90829634047617
21,52.0,298.415499049456,298.3992771447449,297.9135180627225
21,52.5,298.4083090155952,298.3919888247581,297.91231146465736
21,53.0,298.3966754723266,298.3683261729422,297.94882145070665
21,53.5,298.3968394348162,298.38079453494066,297.94233928347285
21,54.0,298.36821039288316,298.36584507438374,297.9433585571465
21,54.5,298.3720266216595,298.36097250338435,297.9592659426847
21,55.0,298.3697141805845,298.3667995723063,297.9622958731634
21,55.5,298.35733717147986,298.34298895050676,297.96606246476347
21,56.0,298.3757718317945,298.35774387499146,297.97570582815035
21,56.5,298.3534408152901,298.3529024372347,297.97558047466936
21,57.0,298.34897738261543,298.3403828480335,297.9861685178138
21,57.5,298.3365145072409,298.3176126782383,297.9920672588671
21,58.0,298.33550045239485,298.3002814479691,297.9910824312018
21,58.5,298.3179862511369,298.3278150303967,297.99202416366734
21,59.0,298.32308524869114,298.3131749776521,298.01416305620444
21,59.5,298.31021717880714,298.2997912198792,297.99857335597034
21,60.0,298.311771548777,298.31430411862544,298.01162521742305
22,0.5,293.6070717423742,293.223737396649,293.15562372535453
22,1.0,294.163320086748,293.5296988986189,293.1598785728117
22,1.5,294.6808529025428,293.921907590346,293.1507805321758
22,2.0,295.17801896147597,294.3346785914518,293.14609422704126
22,2.5,295.65236445293505,294.782619885843,293.1627664986297
22,3.0,296.10602191037515,295.20950965305576,293.2123727187068
22,3.5,296.56725294670883,295.65674847928204,293.2299751449383
22,4.0,297.0207655490151,296.0831091379516,293.29657874057204
22,4.5,297.4671586896048,296.49848579512644,293.3545816658305
22,5.0,297.88916475780695,296.9001286996625,293.4279543139188
22,5.5,298.2800055894788,297.3170291725372,293.50883071095444
22,6.0,298.72849812866554,297.7111433519351,293.58314252424026
22,6.5,299.12667457891206,298.1007140851239,293.67881935493244
22,7.0,299.5413795745634,298.5109623338069,293.7989131278958
22,7.5,299.9360184742054,298.8985754056099,293.8951820598897
22,8.0,300.3285279620603,299.28233656455444,293.9896994303613
22,8.5,300.7189511454447,299.6449977822982,294.1449764421044
22,9.0,301.10470943761504,300.03705777415513,294.254577111829
22,9.5,301.4989786709931,300.3906171226712,294.40087057155125
22,10.0,301.8617629681802,300.7686292363994,294.54588120271336
22,10.5,301.792300613244,301.0433080498408,294.6720882630089
22,11.0,301.59293033200436,301.10786000510484,294.82563549551236
22,11.5,301.4355526812923,301.0432547832877,294.9628260160899
22,12.0,301.27969082943525,300.9870778802514,295.12075744818475
22,12.5,301.19085914483765,300.90396690321455,295.23229142627287
22,13.0,301.0663476175489,300.8110227796643,295.3732333113817
22,13.5,300.9762701512984,300.74684253770243,295.50205635340103
22,14.0,300.8633126811704,300.63481657423944,295.60706689496357
22,14.5,300.7700652224004,300.56114797438664,295.7262197938565
22,15.0,300.7149442969583,300.4811851712634,295.8088052961322
22,15.5,300.60282301667746,300.4110003261437,295.92561955980835
22,16.0,300.5446590108323,300.35614064799023,296.01197463764606
22,16.5,300.45848357572896,300.2924150701109,296.07403496409273
22,17.0,300.38024405807397,300.20490275582983,296.1523863451938
22,17.5,300.31397030538034,300.14128574367476,296.2300967737904
22,18.0,300.2340195095902,300.0757534128524,296.273732528597
22,18.5,300.18197741456174,300.0412865131774,296.3363914572399
22,19.0,300.1086979811575,299.9823195433866,296.4227951914033
22,19.5,300.05517666392683,299.91482839482063,296.47079102709483
22,20.0,300.0100680958927,299.84851285028157,296.5209581022237
22,20.5,299.9470138775772,299.7977208471256,296.5760776983737
22,21.0,299.8751845375993,299.7624626524058,296.6026125846411
22,21.5,299.84584587911144,299.7178065431532,296.6730053797063
22,22.0,299.7862957156303,299.6447338717194,296.713897900952
22,22.5,299.7316184324421,299.6167313582056,296.7753362244441
22,23.0,299.6967509691994,299.5920888902032,296.8191581327783
22,23.5,299.64136379941385,299.5310533141757,296.8564546325054
22,24.0,299.5865803539414,299.506759882165,296.894641540435
22,24.5,299.5733111001625,299.4582559457432,296.91431362439033
22,25.0,299.5125999683288,299.4020482133332,296.9724683540933
22,25.5,299.47119450287624,299.3722721743018,297.00887201474404
22,26.0,299.42844304038454,299.3373629478986,297.0498478070373
22,26.5,299.4059866763423,299.29368146493505,297.09225269140757
22,27.0,299.3517974927555,299.25913448151596,297.0867270786496
22,27.5,299.3055831878997,299.25056303487895,297.1313038708705
22,28.0,299.2793232860975,299.19338664972116,297.15829874713546
22,28.5,299.26550981828166,299.18258065585235,297.19701594821277
22,29.0,299.22771641796186,299.1370082452108,297.2240681920782
22,29.5,299.18498645922443,299.111605004308,297.249345224224
22,30.0,299.17036796087314,299.08885148357723,297.2888551389401
22,30.5,299.13414088755286,299.0494752530946,297.29362988394047
22,31.0,299.09492000727806,299.0341976143818,297.3194986201768
22,31.5,299.0677217955633,298.98191660731146,297.3441617346751
22,32.0,299.04531279753843,298.9814204369717,297.37454928945283
22,32.5,299.00715732697944,298.927736983129,297.38889449216055
22,33.0,298.98977068257807,298.92628631321384,297.4230254399837
22,33.5,298.96782891580324,298.9139411350182,297.4435125767422
22,34.0,298.9236376459278,298.8891555753149,297.45830588147453
22,34.5,298.91510043646593,298.8481516718353,297.49528025454543
22,35.0,298.89115037768823,298.82829142329706,297.5057070997966
22,35.5,298.8823287538167,298.81258330171687,297.5360952232115
22,36.0,298.8321296111893,298.80142493328276,297.5421104842721
22,36.5,298.82592558761274,298.75992870983424,297.56185463712796
22,37.0,298.8047095343808,298.7613758670672,297.573964880058
22,37.5,298.79951599511196,298.746440074124,297.5964954154999
22,38.0,298.77045177722675,298.72285404941954,297.620154404134
22,38.5,298.77038643627236,298.71382108852265,297.62489342652543
22,39.0,298.74113523243733,298.6941977381397,297.6496889537684
22,39.5,298.7130314292046,298.67043054888035,297.6514132467096
22,40.0,298.7026678480034,298.64085104551367,297.68171888162306
22,40.5,298.6803697889652,298.6463778895295,297.6824822666545
22,41.0,298.67663030809797,298.62079494545293,297.71052944352545
22,41.5,298.639312386304,298.61026189894244,297.71594476949485
22,42.0,298.6294534954858,298.6069808470893,297.7434702114936
22,42.5,298.62774787479987,298.60291923053506,297.7292608670319
22,43.0,298.62138025211857,298.57532133619196,297.7382073678253
22,43.5,298.5734530657074,298.56858647908746,297.75861244161894
22,44.0,298.5959734251302,298.53632124234906,297.7623826940023
22,44.5,298.56797713844657,298.541306592197,297.77351484774874
22,45.0,298.53807161197903,298.5266918712633,297.8043404747304
22,45.5,298.5147956801617,298.52836649641347,297.80854519141167
22,46.0,298.5177813896762,298.49978641785776,297.81394098946186
22,46.5,298.5214894872606,298.49221498158454,297.82471707769844
22,47.0,298.5099774529179,298.49497380734516,297.8321703132418
22,47.5,298.5062468750031,298.47352424277614,297.86391817598434
22,48.0,298.4840172042877,298.4537106394158,297.84905549407415
22,48.5,298.4683381634361,298.480956624109,297.85191776165556
22,49.0,298.46549428712564,298.4355738402652,297.8815686030714
22,49.5,298.4604590010345,298.43690220854427,297.8796677093682
22,50.0,298.4532108798768,298.4324674700996,297.9101858381967
22,50.5,298.43406586460634,298.42338229216455,297.89227181816256
22,51.0,298.4422922935497,298.4107608012848,297.91349948048185
22,51.5,298.41864222099065,298.40300201675274,297.9231442098097
22,52.0,298.407987751721,298.39492383107716,297.9141749483112
22,52.5,298.40333267691284,298.3787625854472,297.9188150820318
22,53.0,298.4118123674831,298.40429143863173,297.9403100996792
22,53.5,298.3922720738659,298.3736687102471,297.9450997222076
22,54.0,298.3794128753392,298.37512304833,297.93150717648643
22,54.5,298.38859236175307,298.35929195788407,297.9404052080265
22,55.0,298.393940944246,298.35276929181884,297.9322209003654
22,55.5,298.36799514969323,298.34562886944525,297.96925942597585
22,56.0,298.37181827625506,298.328733573827,297.96623757549133
22,56.5,298.3636129763286,298.3368514728398,297.972619623022
22,57.0,298.34115328831655,298.32878492711666,297.9625518622668
22,57.5,298.34161315612533,298.3391341314378,297.9735551123274
22,58.0,298.32283279530157,298.3101773792495,297.9846756547258
22,58.5,298.3280893631163,298.31125520947853,297.9875048526008
22,59.0,298.3185215153608,298.30307672237126,298.0000374389451
22,59.5,298.3155584035213,298.3216684985275,298.0091870526344
22,60.0,298.3070466343108,298.2938744107393,298.03040820711163
23,0.5,293.6027324879665,293.2218675169115,293.1442560574037
23,1.0,294.1805696919016,293.5256490920592,293.16602295997563
23,1.5,294.68063139862613,293.9306673765996,293.14068022009457
23,2.0,295.16480801853487,294.3326450941117,293.1669262665675
23,2.5,295.6537636049997,294.7848599866706,293.1982751188267
23,3.0,296.1046259988128,295.2283488031741,293.214547757096
23,3.5,296.5739146292057,295.62533792976564,293.2422656973053
23,4.0,297.01029877792365,296.06830787938037,293.2813177880672
23,4.5,297.4349565398957,296.5069288926417,293.33981755296645
23,5.0,297.90098109591383,296.9180327126,293.4200674721261
23,5.5,298.3006253173314,297.3183038155196,293.49724485553685
23,6.0,298.7057088984885,297.7246664708922,293.58528376299483
23,6.5,299.14123781467606,298.11424738196564,293.6853115021679
23,7.0,299.52956263019115,298.50909698368423,293.79074138562595
23,7.5,299.9470614871344,298.8872385909843,293.90632762547176
23,8.0,300.3231208949744,299.27400573657286,294.0048229530867
23,8.5,300.7145645258217,299.64475756443437,294.1316664511642
23,9.0,301.1083819977925,300.03789898447,294.26334300388146
23,9.5,301.49146681507926,300.4107685392795,294.394244360838
23,10.0,301.86964440742446,300.775893351191,294.55031722129434
23,10.5,301.78054784052483,301.04433608884165,294.67424310436354
23,11.0,301.58881744056146,301.10056208634865,294.7995419390761
23,11.5,301.43633851188565,301.08023629846906,294.96546985290036
23,12.0,301.2995627090222,300.9955360844215,295.1103397921308
23,12.5,301.17826623714336,300.90634184696194,295.241661217078
23,13.0,301.05647368100796,300.8087869549885,295.3611814944417
23,13.5,300.9751046200555,300.733537295148,295.51290528430377
23,14.0,300.87345974649423,300.6355884544961,295.5982721733979
23,14.5,300.7777798043099,300.5731244103185,295.7213053259541
23,15.0,300.70795807322594,300.5040227643593,295.81512619681797
23,15.5,300.5981145110167,300.4329485513727,295.9109339537824
23,16.0,300.54963830759544,300.3529117579019,296.00782124184497
23,16.5,300.4570766397282,300.2638145366714,296.07683063285185
23,17.0,300.3876204404426,300.2138839832485,296.1412736911198
23,17.5,300.3104681530783,300.16991263654256,296.22923998218545
23,18.0,300.2303597254303,300.07863858343393,296.27929350808625
23,18.5,300.18071885937314,300.0276318435831,296.35114703749963
23,19.0,300.12287283336536,299.98524474283545,296.39730016618455
23,19.5,300.065893356334,299.9220595520412,296.45771833009275
23,20.0,299.9988347682686,299.8872754054895,296.52373702138783
23,20.5,299.92254657239954,299.8034587789479,296.5796473324307
23,21.0,299.8745896291423,299.75085880004457,296.60944909313787
23,21.5,299.8578511940799,299.72455441832705,296.6798838765309
23,22.0,299.7754413534117,299.65343653348685,296.71323407857795
23,22.5,299.75131077970855,299.61797677742277,296.77895238826466
23,23.0,299.67994333878613,299.57524946585903,296.80568818070617
23,23.5,299.64121130868637,299.5435883009759,296.83945160746856
23,24.0,299.60448904993643,299.49800618093735,296.8914449995266
23,24.5,299.54663105858225,299.4563361335954,296.92012474186674
23,25.0,299.5286949941153,299.40886670056256,296.9792513747076
23,25.5,299.47276563850176,299.38734892742616,297.0025833373642
23,26.0,299.4371026005648,299.3789081307113,297.0358791142687
23,26.5,299.3915109488675,299.3101194016052,297.07698860347256
23,27.0,299.3636334807071,299.2698298838195,297.09360321099325
23,27.5,299.3368209138863,299.22251671924784,297.1222971025734
23,28.0,299.28479720334025,299.1967854414249,297.16980492930145
23,28.5,299.2695392001846,299.1696591927488,297.1842941692488
23,29.0,299.2132791382635,299.13602708759174,297.21293407195856
23,29.5,299.19517757614454,299.11170061926157,297.260053605267
23,30.0,299.16152655281917,299.1010132001629,297.28382973642596
23,30.5,299.1159756445378,299.06793250899733,297.2921057306278
23,31.0,299.0997239979608,299.0269302440822,297.3237184744213
23,31.5,299.0694545534928,298.9902981048603,297.3453666718266
23,32.0,299.0334876984562,298.99039703951655,297.39591575830747
23,32.5,299.019056220818,298.9519317416401,297.4102404985954
23,33.0,298.99118852738405,298.91128977622475,297.4193027064116
23,33.5,298.964017912684,298.91252300634994,297.45092942558193
23,34.0,298.9398215336233,298.89318948909664,297.4526091707552
23,34.5,298.91609353710237,298.8368766925756,297.47981613049296
23,35.0,298.89050394332946,298.83174252083666,297.50735073773893
23,35.5,298.87344641456724,298.818365482007,297.5299910570626
23,36.0,298.8441354390038,298.8069078837723,297.54308639152896
23,36.5,298.8563087427245,298.77509057588844,297.5645767211174
23,37.0,298.7954337483998,298.75318668380595,297.58037606870437
23,37.5,298.7840679247004,298.7505974728828,297.59493010688504
23,38.0,298.76582982187466,298.7210011974951,297.61007063515075
23,38.5,298.7728304239591,298.7139884253476,297.62474412012136
23,39.0,298.7213117521185,298.68084534000667,297.64682420922935
23,39.5,298.72139288212634,298.662323761282,297.66364887221204
23,40.0,298.70275520168826,298.667765630692,297.676111967641
23,40.5,298.6872465001057,298.64756895781693,297.67649535442763
23,41.0,298.68039977881915,298.6395502564376,297.6920233662817
23,41.5,298.6647926570344,298.61071939518183,297.71932382213004
23,42.0,298.63318088698634,298.59423855188487,297.7429774071664
23,42.5,298.62513115010927,298.60235308557617,297.74232569891
23,43.0,298.5904816673098,298.56047234978644,297.7488524514336
23,43.5,298.59646368175396,298.57556043781483,297.7670180186331
23,44.0,298.57428881869197,298.56397108283545,297.7648605892576
23,44.5,298.56751466547126,298.54745225152965,297.8004316282584
23,45.0,298.5400566429502,298.52041285547,297.79999090857086
23,45.5,298.54886168144776,298.50790898223994,297.8018924072137
23,46.0,298.5161095633785,298.5030904448881,297.8170698445679
23,46.5,298.523169381887,298.4816809609879,297.82331634135085
23,47.0,298.49837137736574,298.4747687226863,297.85125938965325
23,47.5,298.49141846030466,298.48089192361516,297.8453920834117
23,48.0,298.50105939708874,298.47129254437095,297.85796420861175
23,48.5,298.4852977483597,298.4449445431108,297.8708763652029
23,49.0,298.4811171823789,298.45312098725157,297.8662004308589
23,49.5,298.4757201694904,298.4420922424172,297.88376236026306
23,50.0,298.4431747648559,298.4440994510851,297.8925424570025
23,50.5,298.4569472282235,298.4263974814929,297.8819930863403
23,51.0,298.4186227699846,298.4232440488622,297.90756660357204
23,51.5,298.43231719205335,298.4096203963673,297.91186461585426
23,52.0,298.41175154819825,298.407072440837,297.92068796955436
23,52.5,298.3994535905811,298.3770507524674,297.9266005868458
23,53.0,298.4072086643991,298.3815718019164,297.9354881330994
23,53.5,298.403049553647,298.37547879174195,297.9527242352852
23,54.0,298.3955106942364,298.36671623893244,297.93381820337265
23,54.5,298.3814798831375,298.36707735276406,297.9482680410345
23,55.0,298.3738330318598,298.3626607250874,297.9642513867045
23,55.5,298.37116698920715,298.35410587684265,297.9681148161133
23,56.0,298.3625174924016,298.34246259289466,297.9734499029561
23,56.5,298.35866575521874,298.33110038344256,298.0017768993885
23,57.0,298.34924968044425,298.3438268644014,297.985607658485
23,57.5,298.3497746525656,298.33091621451206,297.9958455138209
23,58.0,298.31938616353307,298.31195824184135,297.9863845232629
23,58.5,298.32882605102907,298.3150898058376,297.9842989848633
23,59.0,298.31094495411367,298.29462813026174,297.9957159038976
23,59.5,298.32235428326914,298.30759690073086,298.0104719730815
23,60.0,298.33096488638313,298.30058469576187,298.0117803599671
24,0.5,293.6069651719728,293.2218249908461,293.14461099182444
24,1.0,294.1672722214027,293.5359675361972,293.1409977200267
24,1.5,294.6851931002078,293.91917513366815,293.15216859996303
24,2.0,295.17975890924174,294.35964142009493,293.15544655569715
24,2.5,295.66453137596847,294.79187671522976,293.1919187512639
24,3.0,296.12901049027323,295.2321426653185,293.20053280555953
24,3.5,296.5637054810373,295.65540734594373,293.2420492336091
24,4.0,297.02572674476306,296.0614419901877,293.3174126558574
24,4.5,297.44799204145573,296.50600824830036,293.35149057246497
24,5.0,297.8883100609736,296.9071259143709,293.4297445577277
24,5.5,298.3040812770378,297.32245579401945,293.5105779572099
24,6.0,298.7377429770103,297.7227469592615,293.5997932485216
24,6.5,299.1280753504812,298.1043633748113,293.6914695093767
24,7.0,299.5386348922255,298.4943950805581,293.7937022644989
24,7.5,299.9422257583731,298.89694867908713,293.9024788488937
24,8.0,300.32171524982,299.2698151194495,294.01144097625905
24,8.5,300.71924493217006,299.6604455610932,294.14174407715393
24,9.0,301.1022678318515,300.0234821415996,294.2852261830839
24,9.5,301.48039648643817,300.40578704295893,294.40830603186185
24,10.0,301.8575623400362,300.7663272680261,294.53499216444243
24,10.5,301.7925653978935,301.0512969263956,294.68047893641733
24,11.0,301.5775457659983,301.1063597147549,294.8069860781084
24,11.5,301.43454630464316,301.0697908380022,294.9586829177425
24,12.0,301.3007029676569,301.00202553954506,295.1143616533452
24,12.5,301.16572301711824,300.90251384896004,295.25778416929506
24,13.0,301.0761183248745,300.8204350202748,295.3656067994649
24,13.5,300.9549777463901,300.7297442577841,295.4904888542564
24,14.0,300.8793189277845,300.6476872755202,295.6307847704725
24,14.5,300.7768440464021,300.5840178943271,295.7156602163877
24,15.0,300.6952640821226,300.5022511976737,295.83135931125435
24,15.5,300.5994500478496,300.41743213408563,295.90699442146484
24,16.0,300.5344217676778,300.3479710582402,295.99321446542655
24,16.5,300.4665688766943,300.2706160471321,296.0681593352538
24,17.0,300.37637560437736,300.21018096647634,296.15628588480536
24,17.5,300.3083469233622,300.1516097969775,296.23175783493724
24,18.0,300.2515766647912,300.09583083523404,296.2752544802853
24,18.5,300.1869111415943,300.0357158682813,296.3459869518635
24,19.0,300.0951835913123,299.9600169087584,296.4193817875084
24,19.5,300.0792851655078,299.9256580401273,296.46675565598827
24,20.0,300.00610063508844,299.86158610545084,296.5182892999982
24,20.5,299.95144115743614,299.8009175592234,296.5860618868836
24,21.0,299.8885708381215,299.7741202052763,296.63750753141187
24,21.5,299.81877746275677,299.7269459539361,296.67041458194416
24,22.0,299.7931139338619,299.668032789593,296.72355203362383
24,22.5,299.73138840484387,299.62703239333,296.7540707601489
24,23.0,299.69472352310214,299.58358042339506,296.8002530158896
24,23.5,299.640847857081,299.54718612777015,296.8519294824854
24,24.0,299.6006173611316,299.49914418651144,296.89100102182283
24,24.5,299.54708303923394,299.43848860167924,296.91961833096025
24,25.0,299.5214167321845,299.4329890868313,296.95940218404604
24,25.5,299.4601245645265,299.3858554561301,296.9919275915893
24,26.0,299.4549497863552,299.3335546482313,297.04194647906877
24,26.5,299.41656650529757,299.29291032989244,297.0513942013163
24,27.0,299.37337327369164,299.2738812960481,297.0935369130897
24,27.5,299.33378777634556,299.2327127485741,297.1165592236484
24,28.0,299.28526457913415,299.20646020945804,297.1699116195456
24,28.5,299.2639075393346,299.17923036350106,297.17726354082833
24,29.0,299.2184333313645,299.13570867111446,297.2242514654814
24,29.5,299.1720014403286,299.10070031768,297.26808128511226
24,30.0,299.17166742359706,299.08709122407356,297.29531343513884
24,30.5,299.13794970989386,299.05012696127085,297.2865849503605
24,31.0,299.09727250983786,299.0299795291042,297.332893930867
24,31.5,299.0571290515409,298.98894763993735,297.34451427442224
24,32.0,299.0361576134532,298.9745015358428,297.36622120497
24,32.5,298.9972647406272,298.95957180328514,297.40004569477577
24,33.0,298.99917644044916,298.9346141055573,297.435794066441
24,33.5,298.9487106924884,298.89751512545627,297.45116406743074
24,34.0,298.9433756170153,298.87124997856114,297.4590196233297
24,34.5,298.9085567062138,298.86129341352245,297.493592931979
24,35.0,298.87991390509194,298.8455983952282,297.48386502176066
24,35.5,298.87443162454986,298.823521773522,297.5179392915868
24,36.0,298.8472365872743,298.79444117621557,297.5358220673371
24,36.5,298.838122538864,298.78322628615956,297.5628797929277
24,37.0,298.7968510281671,298.77653165753844,297.5775644244682
24,37.5,298.78234213901806,298.7453772272591,297.59515116996903
24,38.0,298.7470108208355,298.70935294187007,297.61128489577163
24,38.5,298.73058202299256,298.71059988222316,297.629230841258
24,39.0,298.75249502271805,298.7124000662686,297.64990614381264
24,39.5,298.7379696415875,298.6629731833432,297.6610340265811
24,40.0,298.70119852309006,298.66051018573455,297.67128485780177
24,40.5,298.67567218939985,298.6427804043835,297.6922988077257
24,41.0,298.6650518579381,298.631284528698,297.7102738802297
24,41.5,298.6613701054618,298.6179878467226,297.7097747451633
24,42.0,298.6325465650533,298.61358932477026,297.727666646853
24,42.5,298.62556731428475,298.58959372956474,297.75242060992485
24,43.0,298.6089951271265,298.58847453299853,297.7419415287857
24,43.5,298.58978462496793,298.5618692741351,297.78282163604126
24,44.0,298.57696678551036,298.54726466802083,297.7628372537353
24,44.5,298.5723116984477,298.5321595265566,297.78388855058097
24,45.0,298.54714148023453,298.5091200603489,297.788623067157
24,45.5,298.5493302520368,298.5188320347265,297.8304662493145
24,46.0,298.52835946073776,298.5257310055028,297.8137042989404
24,46.5,298.5229602088655,298.49921371252907,297.82357829210616
24,47.0,298.52447605895765,298.49125313621545,297.8344352024857
24,47.5,298.49823295020377,298.47031426744996,297.8483705123851
24,48.0,298.4987101194652,298.46235571931595,297.85312613336157
24,48.5,298.4614982403417,298.46528670625946,297.86381023259014
24,49.0,298.4649215208658,298.46644670430146,297.8383159973663
24,49.5,298.46039978437614,298.4524286887177,297.88239686396173
24,50.0,298.4701364587193,298.4370530348366,297.8899761675234
24,50.5,298.4223579907665,298.42105762286815,297.9079195625246
24,51.0,298.43231572792746,298.4147554274675,297.9181302481671
24,51.5,298.43942307721704,298.3973145472637,297.9104451558898
24,52.0,298.4088347212916,298.38279147452704,297.92755059744997
24,52.5,298.40662820390327,298.3786539404555,297.91522860190645
24,53.0,298.4043813555766,298.3832872468327,297.9405698577969
24,53.5,298.3954451239326,298.37294869681,297.9336260450371
24,54.0,298.40201571512443,298.35445932135457,297.9337663028122
24,54.5,298.3838160223493,298.3622652526704,297.9498336776075
24,55.0,298.38579118780166,298.35313262529775,297.97158992488687
24,55.5,298.3622982397771,298.3384548175191,297.96511561280334
24,56.0,298.35207459753394,298.3405302416007,297.98382072889945
24,56.5,298.3509949648927,298.33524815423385,297.9667538000936
24,57.0,298.33561865489946,298.32668863226064,297.98994481428934
24,57.5,298.3461819312827,298.33668558799366,297.97801453548595
24,58.0,298.331799460471,298.3031153648044,297.99170853056637
24,58.5,298.32342089678014,298.297168691347,297.99639493688886
24,59.0,298.3297700031483,298.3120939848833,298.00547399552914
24,59.5,298.3081501053133,298.3082044664813,298.0058597775672
24,60.0,298.32225060676313,298.30661064654805,298.0003202360406
25,0.5,293.61173572778773,293.2407890702722,293.1450028142657
25,1.0,294.1867322312139,293.5248321499674,293.149462173141
25,1.5,294.68309309217335,293.9340145603563,293.14208609467096
25,2.0,295.1632051609202,294.34646983449545,293.17559412733937
25,2.5,295.66227981715036,294.8041478335816,293.1813408695513
25,3.0,296.11729141205103,295.2274399193267,293.2217207083426
25,3.5,296.5724568689745,295.6586557532844,293.2409802854355
25,4.0,297.02366509672606,296.0793922574254,293.2871705748385
25,4.5,297.449935329465,296.49086556308794,293.3710223308772
25,5.0,297.88093232474176,296.90798591549054,293.418402391677
25,5.5,298.3049997392931,297.31013473086597,293.5023319426561
25,6.0,298.7367826308978,297.7254399551192,293.5996797061894
25,6.5,299.1325567928121,298.11006576795074,293.67619737863964
25,7.0,299.52449203800836,298.4885779623319,293.7988768034027
25,7.5,299.9242010419861,298.8736008907228,293.90730897665696
25,8.0,300.3318471375378,299.2555804282204,294.02989416846174
25,8.5,300.7086792227174,299.65726097587407,294.14738933415566
25,9.0,301.0893106458285,300.01374910791446,294.27793950823843
25,9.5,301.49188998118154,300.39855380294284,294.39509499376715
25,10.0,301.86880455407976,300.7634599683589,294.5233262810331
25,10.5,301.7777638865732,301.04777009050935,294.69302049257715
25,11.0,301.5864678662574,301.11448387877607,294.8004108810405
25,11.5,301.4307634422584,301.0690495972325,294.9470229084958
25,12.0,301.30358121149624,300.96299971496774,295.1105344353084
25,12.5,301.18574031731544,300.8998197511382,295.25916235784223
25,13.0,301.044868744615,300.8193743071786,295.37521096964497
25,13.5,300.9667078889029,300.7456834851292,295.50531777434765
25,14.0,300.8782170513846,300.6633058112585,295.589012985259
25,14.5,300.777811396923,300.55315228162186,295.7097021542682
25,15.0,300.69554243598265,300.4867366443701,295.7943862134559
25,15.5,300.6198998471626,300.40097694779655,295.9127299578744
25,16.0,300.5340071967743,300.36102536811194,295.9752803493374
25,16.5,300.4723785666869,300.2877633142491,296.0584360556701
25,17.0,300.3957151211804,300.2154165608076,296.15200058543985
25,17.5,300.3132329526939,300.1501767677146,296.2287983029544
25,18.0,300.24504999284824,300.1011310103419,296.2840148215044
25,18.5,300.1536117173058,300.04033691125977,296.3552131824268
25,19.0,300.1162603623275,299.982689946284,296.41560888393343
25,19.5,300.04559841294287,299.9204550114183,296.46589687377167
25,20.0,300.003027395673,299.8589815592495,296.5122760998546
25,20.5,299.9460006779228,299.81845872110034,296.58161537941373
25,21.0,299.8969648001484,299.76891677695454,296.6326039562725
25,21.5,299.8512977025618,299.7104067892728,296.6838512468818
25,22.0,299.78610401895264,299.66188283058125,296.7245490325847
25,22.5,299.7598444482454,299.63127759000656,296.75447050897316
25,23.0,299.6916087206125,299.5925470923953,296.8161112266081
25,23.5,299.62993370384646,299.52573444843284,296.8506740193618
25,24.0,299.5926162485893,299.48922973450266,296.8858595795038
25,24.5,299.55110553604493,299.45527481521816,296.9263407335056
25,25.0,299.51869411426924,299.41775699931907,296.9596593515094
25,25.5,299.46253585591876,299.36997522364294,297.01146647307735
25,26.0,299.42951433327374,299.3574850965875,297.0232147331638
25,26.5,299.39257661613976,299.30742753327144,297.0611357339352
25,27.0,299.35256506976043,299.27414699582874,297.10036495653856
25,27.5,299.3291471403046,299.2530841897729,297.1513261476091
25,28.0,299.2925232766011,299.19866963966564,297.17626421899797
25,28.5,299.2639077436281,299.17091197632385,297.1788824682964
25,29.0,299.21608484453617,299.1288398677042,297.23744764438356
25,29.5,299.1995618914275,299.1101378928843,297.26518024712465
25,30.0,299.1429954385969,299.0683437641555,297.2668390120659
25,30.5,299.1127776222547,299.0629393333656,297.2794294433463
25,31.0,299.0854478840535,299.0327185387476,297.3291876186272
25,31.5,299.0694730110406,298.9996102112366,297.36562823147904
25,32.0,299.0540434013848,298.97601912600936,297.39406518502506
25,32.5,299.00945477566967,298.96003694852664,297.39247212167606
25,33.0,298.9849586978733,298.9171968196119,297.4410309459183
25,33.5,298.962583602604,298.9074403838395,297.42288815473034
25,34.0,298.9462355895477,298.8899277203189,297.46249052647624
25,34.5,298.9122173866581,298.8433130358508,297.4823704853127
25,35.0,298.88884676996275,298.846837447315,297.5178254753287
25,35.5,298.85859412098347,298.80272939748744,297.5384517742305
25,36.0,298.8448573700157,298.7983868298207,297.55360321933847
25,36.5,298.8415152653391,298.7686141306937,297.54859108552284
25,37.0,298.8104363409392,298.7758205686186,297.5882188944228
25,37.5,298.7825167403703,298.73175456984444,297.6016563005912
25,38.0,298.7832486826477,298.7091825223086,297.59631974721987
25,38.5,298.74657335479526,298.7099014002581,297.6083366305601
25,39.0,298.7487126544131,298.6878234667562,297.6548847270433
25,39.5,298.7311697289255,298.6608010391877,297.65773972331027
25,40.0,298.70083137730154,298.6654710911078,297.6612765550433
25,40.5,298.6689249817852,298.62512876808927,297.6861996056405
25,41.0,298.6909313533465,298.6199632893794,297.70565305560433
25,41.5,298.65650712399963,298.61029314248685,297.7145064928039
25,42.0,298.6344515850043,298.6102118288312,297.7127408126284
25,42.5,298.63275225476207,298.6017005803709,297.75965711333004
25,43.0,298.61614571550155,298.5867297598997,297.76301131524826
25,43.5,298.60858213516764,298.5615130928184,297.761420839562
25,44.0,298.57560523508346,298.52649295331264,297.7732778569237
25,44.5,298.5725632238586,298.5427598865992,297.79093707064015
25,45.0,298.54505165929595,298.54199666803237,297.7868287531684
25,45.5,298.551476302538,298.52841212468536,297.8118137437112
25,46.0,298.532845796638,298.5098204927155,297.80543047486026
25,46.5,298.5244966283739,298.4827363301128,297.82788136150305
25,47.0,298.50917293605755,298.47913259263754,297.8264569748865
25,47.5,298.4974049824501,298.49378272468755,297.8362336444829
25,48.0,298.4808297643232,298.4506317578821,297.8728677772868
25,48.5,298.4873228710474,298.4439618790946,297.86573135957923
25,49.0,298.48452219136965,298.45578528341025,297.87568216175055
25,49.5,298.45455621457626,298.4332376169117,297.8617114669909
25,50.0,298.456438556977,298.4171830373173,297.88382808372336
25,50.5,298.4462793478457,298.4359858288615,297.90214599573756
25,51.0,298.43335880465986,298.4172687981063,297.90698100134375
25,51.5,298.40959023137424,298.4010316088142,297.89078193829016
25,52.0,298.40366895183314,298.385815401381,297.9214596857998
25,52.5,298.400946772496,298.4103959896717,297.9299098777464
25,53.0,298.3796739184903,298.38254472830005,297.94573405435193
25,53.5,298.4076803456944,298.3898419000489,297.93279849183904
25,54.0,298.39003504266174,298.3780900738479,297.92319259029216
25,54.5,298.3790316737646,298.35742947084424,297.9417218568715
25,55.0,298.35061110065385,298.35118751739253,297.9466145500262
25,55.5,298.34765961479997,298.3646464550513,297.97067264621387
25,56.0,298.35945643776455,298.3588572050331,297.94168848153873
25,56.5,298.3729570964777,298.3196885244798,297.96975756263106
25,57.0,298.34022324387445,298.33835280626965,297.99372425797964
25,57.5,298.34998479446466,298.3262067382987,297.98460826048665
25,58.0,298.33085921752183,298.311811148796,297.9984184120132
25,58.5,298.33069117837283,298.3196441422013,297.9778101252668
25,59.0,298.33693025754104,298.29856515912894,297.9828391830579
25,59.5,298.3161277467914,298.30257864104095,298.0177247959465
25,60.0,298.30764453554406,298.29458375786015,298.0087242350764
26,0.5,293.6039654018889,293.2305859094917,293.14256003477806
26,1.0,294.1582341369896,293.5046642978158,293.15631375787115
26,1.5,294.68993894368543,293.9166307239414,293.1334530007688
26,2.0,295.17009810600126,294.358025022488,293.1676306014371
26,2.5,295.6691553259559,294.77978273002856,293.176176302775
26,3.0,296.14788152309023,295.2287962140675,293.1989044576805
26,3.5,296.5786073080707,295.64873765107154,293.2402557531318
26,4.0,297.0117538553141,296.07774788121327,293.2910665121156
26,4.5,297.42916267045837,296.5018718929721,293.3664112123371
26,5.0,297.86677620330977,296.91753071382664,293.45651792570817
26,5.5,298.32154955277275,297.31548555735907,293.5163135711175
26,6.0,298.71179317308525,297.707704391544,293.5868259742255
26,6.5,299.12854774795414,298.1075159509976,293.69487245496543
26,7.0,299.5434020335623,298.5099125882407,293.79849714821535
26,7.5,299.9509827247911,298.8801825922378,293.89222389877085
26,8.0,300.3284589691096,299.2710669437772,294.00459292230914
26,8.5,300.71592683402764,299.6472224273149,294.13785607983635
26,9.0,301.1056498909829,300.024230533195,294.2730168007367
26,9.5,301.47925824310585,300.385460119892,294.3800811300962
26,10.0,301.8562213780181,300.7435747796619,294.52474400554365
26,10.5,301.7855640530875,301.053624602618,294.6776471555262
26,11.0,301.58538418852424,301.11974114097717,294.8160950733284
26,11.5,301.450198278882,301.04954481228657,294.9754507754905
26,12.0,301.3019455058029,300.99378627400483,295.0907694803626
26,12.5,301.19120427375697,300.91388783269514,295.26643414669496
26,13.0,301.06021377872304,300.8210823863056,295.3579355367501
26,13.5,300.974364451388,300.72511395523486,295.47503310016236
26,14.0,300.8658081960368,300.6370062713952,295.6083818847387
26,14.5,300.7858704954664,300.56759356755117,295.7033530146075
26,15.0,300.70206555557115,300.4927117479518,295.81273813488684
26,15.5,300.6128915357859,300.4175961710452,295.90418857950255
26,16.0,300.55727120165653,300.3440251710596,295.98879492048223
26,16.5,300.47157917020564,300.2668082349264,296.06279013380845
26,17.0,300.39621771198586,300.2161375648521,296.151186894916
26,17.5,300.32206145614737,300.15322436404614,296.2150066882865
26,18.0,300.2646640627328,300.089332920593,296.29664115129424
26,18.5,300.16774526538313,300.02933359576286,296.3477077348604
26,19.0,300.1332282154763,299.9879019941949,296.40058452803606
26,19.5,300.04921865874996,299.9096444249748,296.45117403684765
26,20.0,299.9951717090623,299.8752881932192,296.521502060369
26,20.5,299.95008589525224,299.803447228088,296.5632744196313
26,21.0,299.90233844424324,299.77184586363154,296.6129733808247
26,21.5,299.8257952315255,299.72464683946953,296.68018557594235
26,22.0,299.7812412644726,299.66246480773555,296.7036516677323
26,22.5,299.73801560585116,299.63655408785155,296.78027744189126
26,23.0,299.68742054611334,299.58059629017504,296.81080498883836
26,23.5,299.65157618839595,299.5244556818306,296.8502494038538
26,24.0,299.63259624350025,299.48812193531325,296.8803392945415
26,24.5,299.5590262101333,299.4630931075147,296.936930814841
26,25.0,299.5054208783761,299.42212165636033,296.9665328739573
26,25.5,299.4590432716147,299.36461848322153,296.99571706886144
26,26.0,299.42924155296595,299.33725731716214,297.03939412746615
26,26.5,299.3847845200874,299.30524181044376,297.0542427387289
26,27.0,299.36172177575673,299.2637571158533,297.0872994140698
26,27.5,299.32555320284564,299.25907334619154,297.12398677827366
26,28.0,299.2814783806712,299.2054968933521,297.1692166861831
26,28.5,299.27209162241496,299.1711781731792,297.19525829311084
26,29.0,299.2120406231549,299.153281600437,297.2344239661516
26,29.5,299.18634230507206,299.10820926225847,297.2424861464331
26,30.0,299.16302703611564,299.093307315501,297.2843257737309
26,30.5,299.1355820142023,299.0387835158678,297.30350532052836
26,31.0,299.11036166612985,299.0239820307844,297.3204793829033
26,31.5,299.0736658589042,299.01287160849074,297.35825706409315
26,32.0,299.05252874722686,298.9927253402934,297.3774924467446
26,32.5,299.0088251147558,298.94468932724465,297.39488920237824
26,33.0,298.99890645152647,298.9196565641186,297.4239311457431
26,33.5,298.9737910736587,298.9110731694687,297.44387217482915
26,34.0,298.9556361750614,298.8767022833051,297.4646341519293
26,34.5,298.9003092797693,298.85844999744734,297.48241666050575
26,35.0,298.8851091083859,298.84875211750534,297.49325261969057
26,35.5,298.88027948331074,298.81402900030395,297.5262164037301
26,36.0,298.82406093632864,298.77990851714384,297.5360338390469
26,36.5,298.8346607095477,298.7672371973786,297.55189329733383
26,37.0,298.82012512510374,298.7616076586829,297.5771857056638
26,37.5,298.78415153299727,298.72469154890126,297.60390614634696
26,38.0,298.7665853429193,298.7227128170553,297.6148882261496
26,38.5,298.74168411634344,298.6946469136797,297.6236953467645
26,39.0,298.729297627421,298.7083598866251,297.63879137356435
26,39.5,298.7122079741269,298.697498517422,297.66589884894194
26,40.0,298.69344284829316,298.6496309680928,297.65016101827337
26,40.5,298.6765336952811,298.6476113455141,297.6962549748196
26,41.0,298.66532629934414,298.6207216617853,297.6832724870439
26,41.5,298.6498033202804,298.6129521691705,297.7011809249873
26,42.0,298.6564317742501,298.6202242981892,297.72311801584704
26,42.5,298.6192491241831,298.5840790112235,297.7625027857237
26,43.0,298.61256418979326,298.57284156280406,297.76974332915853
26,43.5,298.589703922004,298.5536205380507,297.7718394916367
26,44.0,298.57633275521187,298.56222792953724,297.77979422726565
26,44.5,298.55233478435355,298.50621868936173,297.7687194270129
26,45.0,298.5411966991203,298.52286295742476,297.7996925487546
26,45.5,298.53274297578406,298.51561535966584,297.8030947641602
26,46.0,298.5349122186819,298.49858022931954,297.8105711058926
26,46.5,298.53244827237194,298.5032668128335,297.83013473457123
26,47.0,298.49276978802703,298.49640593551356,297.8334315897906
26,47.5,298.49442410264254,298.4603241855713,297.85610747976585
26,48.0,298.4758431689698,298.4857339197664,297.83705100347447
26,48.5,298.4767757979592,298.4412077031326,297.86588921485986
26,49.0,298.4803828459393,298.45924607471534,297.8648171246614
26,49.5,298.45565407414927,298.4390474863451,297.8777289073126
26,50.0,298.45042798220527,298.4239635775682,297.8928443655033
26,50.5,298.45650979556297,298.4166124477775,297.8863607959244
26,51.0,298.43785683585145,298.41232311041824,297.90668196007744
26,51.5,298.4172552701497,298.4069337990766,297.9101988544516
26,52.0,298.4182740782026,298.38807160622633,297.91278243798143
26,52.5,298.4004811018935,298.3875825244563,297.9215385648508
26,53.0,298.4052687858534,298.37508251825824,297.93135091545804
26,53.5,298.39875343993606,298.3637181241535,297.9316724379028
26,54.0,298.37268641336493,298.3609806213772,297.94568422224677
26,54.5,298.3810827784224,298.35113874013393,297.94890779817285
26,55.0,298.3713377262666,298.3521153794149,297.9514723750442
26,55.5,298.37134509732186,298.3545080551266,297.9792039797751
26,56.0,298.3677933221566,298.3454391352487,297.9730082466483
26,56.5,298.35802669286414,298.3582011320076,297.97041400490554
26,57.0,298.34417775229934,298.31075047352266,297.9809249075521
26,57.5,298.3506801145292,298.33211229600806,297.97426793449057
26,58.0,298.3269276138355,298.3222085828106,297.98508752778366
26,58.5,298.3169335658462,298.3251833846778,297.9910273340979
26,59.0,298.2928305522065,298.31922577908193,297.9863911390908
26,59.5,298.3188858535757,298.305593277086,298.007225911848
26,60.0,298.30633012022963,298.30429500803643,298.00265595439265
27,0.5,293.59937799159235,293.223961060542,293.1495771975257
27,1.0,294.1637284666794,293.5182596913944,293.15674579319005
27,1.5,294.71852203230236,293.92267617549385,293.16060374244677
27,2.0,295.1749313301829,294.35462283095126,293.16094451306697
27,2.5,295.63659985192794,294.78589039442056,293.18596637294814
27,3.0,296.10460389628196,295.2300042385391,293.2110873820776
27,3.5,296.581360923761,295.64477340212164,293.2537105874232
27,4.0,297.03146784608555,296.06849208756125,293.30250150101625
27,4.5,297.44768128184955,296.4996222674784,293.36913795669335
27,5.0,297.8964103411516,296.89631632605983,293.42248605741
27,5.5,298.3134168344609,297.3218508057745,293.4908442824524
27,6.0,298.7201902902081,297.7157016883688,293.5991164195213
27,6.5,299.1296516339333,298.09381724743423,293.6963801686158
27,7.0,299.5386574760807,298.50463802586546,293.80746381048857
27,7.5,299.94493438501905,298.8735436618268,293.91428840955706
27,8.0,300.33442778397716,299.2797812298402,294.03665563984003
27,8.5,300.71320541970636,299.648594125006,294.1446874289288
27,9.0,301.1031916102275,300.04377499319327,294.26722783062905
27,9.5,301.50534725581946,300.4062660736282,294.382349381559
27,10.0,301.86447170802404,300.75148729812173,294.53503394956533
27,10.5,301.790138506181,301.02820977782,294.6663956048676
27,11.0,301.5889301232184,301.1025488141744,294.81779293733007
27,11.5,301.4316158032564,301.0552539758333,294.9618331711476
27,12.0,301.2986440066367,301.0083543932643,295.1096004907919
27,12.5,301.18866672452924,300.9029528569539,295.2419391902651
27,13.0,301.0781130528434,300.82445746387975,295.3826656630932
27,13.5,300.9717518132678,300.7264303478961,295.46809319422186
27,14.0,300.8661003842473,300.6446445602099,295.61087094828525
27,14.5,300.7857715508889,300.5664575165326,295.72672250168154
27,15.0,300.69451033022534,300.5012992905492,295.83182617661186
27,15.5,300.6093102882324,300.4197543434904,295.9122454616759
27,16.0,300.55998570419143,300.33525317892605,296.00760149282917
27,16.5,300.4419088594375,300.2938598935485,296.072903604088
27,17.0,300.39403038724816,300.2089825269491,296.1468889591495
27,17.5,300.3057918847811,300.14396061786323,296.2234742158665
27,18.0,300.2483424094489,300.0590296463159,296.2855725597578
27,18.5,300.20780083354873,300.0345676552238,296.3416878827055
27,19.0,300.1099016943482,299.9721196257141,296.4050785998234
27,19.5,300.0518923753217,299.91688746938655,296.45692961330536
27,20.0,300.00063996288145,299.8584455955335,296.52850692563214
27,20.5,299.9359998012353,299.80503529437885,296.5760803834699
27,21.0,299.89884680609754,299.75706055363366,296.6228701381972
27,21.5,299.8319857034817,299.71694477268,296.6692441652825
27,22.0,299.79290680965084,299.6717864974999,296.72647893180596
27,22.5,299.7237483938082,299.61763414142723,296.77395998991403
27,23.0,299.6712158911388,299.58539530625075,296.7979026850294
27,23.5,299.6407460179941,299.5324386644318,296.83781098346634
27,24.0,299.58255188896004,299.4868212370759,296.9002320535032
27,24.5,299.5700156921757,299.4537496402027,296.9155357594926
27,25.0,299.49747480785277,299.39929714515665,296.9720367916315
27,25.5,299.46163148804436,299.37752607032616,297.01874712727636
27,26.0,299.43663029095654,299.3232280692288,297.05358822853356
27,26.5,299.3883233794471,299.29292931101617,297.0784493191896
27,27.0,299.3418623981383,299.2486462476769,297.1107407805385
27,27.5,299.3414326280885,299.2337441794311,297.15770771362867
27,28.0,299.27609372468487,299.2192565929412,297.1423774568781
27,28.5,299.2502794942022,299.17062552847744,297.1906475195681
27,29.0,299.2173031711462,299.1478089437888,297.2324190919868
27,29.5,299.19463970727065,299.13538453658,297.2483131748764
27,30.0,299.1612589340634,299.08727359787605,297.29097687841215
27,30.5,299.1183934548873,299.04780871937777,297.3042504854492
27,31.0,299.09432762873996,299.0222428852195,297.3312272734541
27,31.5,299.06711166977885,299.0023874863892,297.3516572407436
27,32.0,299.04950921520094,298.97069441663496,297.372927455739
27,32.5,299.00379297732746,298.9468414143766,297.39570929468823
27,33.0,299.0099067374905,298.9384073195734,297.42622281784
27,33.5,298.9571519482825,298.9156602679727,297.4374218290303
27,34.0,298.9404198143463,298.8664636974338,297.4757030814494
27,34.5,298.9053937452947,298.8529540814459,297.49307485125087
27,35.0,298.8811993494255,298.83534802338886,297.5172962694892
27,35.5,298.8633037895263,298.82546091158173,297.5141795060112
27,36.0,298.8408693489508,298.81099353054424,297.52706621731625
27,36.5,298.82559807756826,298.80726772107744,297.562054728454
27,37.0,298.7997374305668,298.7568513698629,297.6085807102404
27,37.5,298.79687080968574,298.7391684932426,297.6092279686862
27,38.0,298.76305740396725,298.73157012138466,297.6074876279876
27,38.5,298.7434873348813,298.70174571165256,297.6332518901924
27,39.0,298.7305834099771,298.6905508779415,297.65178070321747
27,39.5,298.7270620479335,298.6716967103865,297.6458568339127
27,40.0,298.70242002277394,298.6339963998972,297.68782463465817
27,40.5,298.68291358176003,298.6462760910153,297.6866070836594
27,41.0,298.65370589949333,298.6285020895122,297.7011058363471
27,41.5,298.64120727883835,298.62875763569366,297.7155728506649
27,42.0,298.6249063558511,298.602244508985,297.73970607555276
27,42.5,298.636259487851,298.5761984219176,297.7332497227124
27,43.0,298.6144283188626,298.5731209486966,297.73589943551053
27,43.5,298.5868565465795,298.5421350022917,297.7680041670077
27,44.0,298.576584996532,298.5386568574086,297.755792222621
27,44.5,298.5611255879685,298.54520641606854,297.78433116074166
27,45.0,298.5480517494346,298.52481752624055,297.80999371002434
27,45.5,298.54941596889273,298.5252993030022,297.8143779183809
27,46.0,298.53019988812645,298.48552208010926,297.82916135988614
27,46.5,298.54249821326204,298.49220674378296,297.83479021732353
27,47.0,298.5231400315412,298.47963053768996,297.86224603477297
27,47.5,298.5130096740607,298.4840030665262,297.8415320880296
27,48.0,298.4962256458128,298.47152668091036,297.86039186792067
27,48.5,298.4751919781955,298.46186281287703,297.8607578959243
27,49.0,298.4756030598475,298.4617738682794,297.8831761095957
27,49.5,298.4566345712201,298.4338683382669,297.88120951684124
27,50.0,298.46720591243457,298.4423513968923,297.906986550103
27,50.5,298.44600030542955,298.41026405556545,297.89222571499647
27,51.0,298.4359014301324,298.40184946082724,297.91911090394143
27,51.5,298.4261269153322,298.41237708617297,297.91825363180914
27,52.0,298.4340875896179,298.38222574235596,297.9190636959423
27,52.5,298.39441908866917,298.3956495803173,297.9316687130895
27,53.0,298.4194468440027,298.3838023784247,297.9355090782452
27,53.5,298.3917385003208,298.3865871467108,297.942910349831
27,54.0,298.37229652061177,298.36855929875225,297.94354456676257
27,54.5,298.3718091869321,298.3631989759238,297.944673679314
27,55.0,298.3560053862193,298.36140957847164,297.95423448921525
27,55.5,298.372434890806,298.34355681057133,297.94647410765657
27,56.0,298.34909692214296,298.337169968632,297.977275330748
27,56.5,298.3549388734849,298.34320197863946,297.96188948751
27,57.0,298.3585518561348,298.33256212556853,297.9772898326915
27,57.5,298.3346266450349,298.3233457471729,297.99101658627313
27,58.0,298.33297720466834,298.3213165394284,297.99784921102247
27,58.5,298.3171051196808,298.3329722763325,297.9764815892339
27,59.0,298.3208998479626,298.3076309429714,297.99794059743766
27,59.5,298.3453274993458,298.30252299845455,298.00794981836253
27,60.0,298.3223249162657,298.28549405294126,298.00823224251144
28,0.5,293.6163734078435,293.22426239963386,293.1500729114745
28,1.0,294.1611975962715,293.52185480911646,293.14742323478004
28,1.5,294.668440715094,293.90589437786554,293.15877840112614
28,2.0,295.1896607418523,294.3587196686019,293.1706116204965
28,2.5,295.65191576027064,294.7831221126205,293.17553509576857
28,3.0,296.1030178100157,295.23217487896363,293.2013679976007
28,3.5,296.57218277362836,295.6674722765008,293.24780828332143
28,4.0,297.03040889892804,296.0761968140442,293.2900951878045
28,4.5,297.44186672758514,296.48568720010024,293.35003835372333
28,5.0,297.90698080399466,296.9078357574646,293.4345543384624
28,5.5,298.2976221185171,297.3180476532261,293.51671264144505
28,6.0,298.72295520005923,297.7126892944803,293.60331889452306
28,6.5,299.1200647725925,298.1064559555276,293.6868923395953
28,7.0,299.53726487730347,298.5091783567168,293.7703659666773
28,7.5,299.9348223485799,298.8953709108196,293.89999344513143
28,8.0,300.3155598992979,299.26938471334034,294.0096211151546
28,8.5,300.7482317724138,299.63454060664594,294.13719163893546
28,9.0,301.09998030900755,300.029827932882,294.2582288157825
28,9.5,301.4805899956992,300.38787967325004,294.39599181421755
28,10.0,301.8716499288446,300.76423763393774,294.52156022792786
28,10.5,301.79958780074566,301.04992874877524,294.6591134640691
28,11.0,301.59479564202593,301.0912103524718,294.8279047520214
28,11.5,301.4168704245862,301.0682773787057,294.95159146315086
28,12.0,301.2996961077315,300.9952423376493,295.1048864711559
28,12.5,301.16087909345214,300.9094275276998,295.2524576458265
28,13.0,301.07994368130346,300.8162969333489,295.3824585024481
28,13.5,300.95276099710236,300.7095087965821,295.5032732193998
28,14.0,300.8650059962667,300.6592120457146,295.6119996776787
28,14.5,300.7818839477931,300.57089401343313,295.7219376369754
28,15.0,300.69963047520145,300.4782007040696,295.8268565728534
28,15.5,300.6097835011119,300.40876046553205,295.909176074232
28,16.0,300.5483887812091,300.3481387594538,295.97238063913517
28,16.5,300.4645317683365,300.2844325941006,296.06592891206896
28,17.0,300.3908925061982,300.20703105337554,296.15382403410746
28,17.5,300.3021245852038,300.1567710731758,296.2119091000971
28,18.0,300.26402413353094,300.06939703104734,296.3018055639813
28,18.5,300.17408430691506,300.01779906920126,296.348879659104
28,19.0,300.1369008086263,299.95046585921904,296.4110834899783
28,19.5,300.0793530524392,299.9069141613918,296.47929858435515
28,20.0,300.0059416655766,299.87755461409006,296.52139465571037
28,20.5,299.95479210178837,299.831365495126,296.5777292357022
28,21.0,299.85917704495756,299.7631022625843,296.63546423420473
28,21.5,299.8353809736874,299.705928871896,296.6601882966925
28,22.0,299.79738836964856,299.6631789207611,296.71857538672003
28,22.5,299.74628538780934,299.6246778562193,296.77444704106176
28,23.0,299.6770869727793,299.5602761227912,296.80986382647785
28,23.5,299.64009864738495,299.5275034144822,296.86536116828484
28,24.0,299.57287331228844,299.50621243200163,296.8749277203651
28,24.5,299.55896293144974,299.4413083837604,296.9123870741981
28,25.0,299.49393955874547,299.405400760349,296.9742587884595
28,25.5,299.48331313334893,299.37533082379514,297.01123610743815
28,26.0,299.444321340709,299.34148131287907,297.0354633804313
28,26.5,299.3894433508037,299.296956540154,297.0750745372837
28,27.0,299.3622590371415,299.2696028055766,297.1111047551616
28,27.5,299.3188619992472,299.2415747442952,297.1270500070682
28,28.0,299.28852914666663,299.2227747741557,297.1586529297565
28,28.5,299.2407694780447,299.1705338512939,297.1971881381209
28,29.0,299.2256200225797,299.14096011684103,297.232975063095
28,29.5,299.17112476344874,299.12713592106667,297.2400264756912
28,30.0,299.1383361078334,299.07774138081186,297.27659961900673
28,30.5,299.12544218209797,299.04221730949604,297.30220165973526
28,31.0,299.09547346811826,299.03102106100346,297.33408942590114
28,31.5,299.0721039114198,299.01314265455784,297.35431700368594
28,32.0,299.0355245453166,298.9806338344395,297.372693729489
28,32.5,299.0343331131339,298.95145212779926,297.41366605212727
28,33.0,298.99133168181675,298.91407084674944,297.4181185800555
28,33.5,298.96707259994224,298.90481501271233,297.4422465150583
28,34.0,298.9424796470879,298.89526417151745,297.45025605625534
28,34.5,298.9270227383811,298.84879460580953,297.4794063332364
28,35.0,298.89994111368674,298.83754059551995,297.5114628658429
28,35.5,298.87646825261413,298.8155951747985,297.5286747691347
28,36.0,298.8579344221761,298.7925857289528,297.55005615268476
28,36.5,298.8114945014393,298.7827272717799,297.5676064088697
28,37.0,298.7916586043486,298.76594115523824,297.60046984446774
28,37.5,298.7891546980198,298.74765404943395,297.5890872926308
28,38.0,298.7689105040936,298.7159163235921,297.59683785363836
28,38.5,298.7582235882563,298.6921080418988,297.6185012388874
28,39.0,298.7347132676401,298.69458438092175,297.63746831578476
28,39.5,298.722952308491,298.6707879010595,297.6497974469539
28,40.0,298.6878153083422,298.67859606291313,297.67506498444425
28,40.5,298.68380303135484,298.6638888556739,297.7008078739832
28,41.0,298.65462577981344,298.6502325970492,297.7174092355229
28,41.5,298.65650294278066,298.6066442161807,297.720378089089
28,42.0,298.6189076048279,298.60788329577707,297.7496733963142
28,42.5,298.6266740765997,298.59745542187324,297.73723781372877
28,43.0,298.59443269382234,298.58328547976186,297.7366439451383
28,43.5,298.5916374737365,298.5595018512811,297.7753063947576
28,44.0,298.5911779898848,298.5635576847903,297.7578428595652
28,44.5,298.57165228961685,298.53885610625065,297.77979216646605
28,45.0,298.5404537593611,298.52857199188946,297.80332608945
28,45.5,298.5380890201336,298.50069588608943,297.80756316454534
28,46.0,298.5180614650795,298.51163865231376,297.8168282716002
28,46.5,298.504738950823,298.4920272406205,297.81677880334325
28,47.0,298.5118130650573,298.48903345129486,297.8380346659908
28,47.5,298.50551785409164,298.47679571769817,297.85745110919356
28,48.0,298.49391813527046,298.46660841899535,297.85661023031594
28,48.5,298.48544483704933,298.45498315565146,297.85683684184
28,49.0,298.4695060424934,298.45422576524516,297.86113271229055
28,49.5,298.45738899597785,298.4355602839909,297.87372931977217
28,50.0,298.44017245865666,298.4144486143448,297.8937214388327
28,50.5,298.43755671488157,298.42639567313796,297.9009698971741
28,51.0,298.42006434269314,298.40456818307575,297.8970345676783
28,51.5,298.41640453343666,298.39160700203115,297.89021464228387
28,52.0,298.41757419404865,298.3870507163986,297.92358843426996
28,52.5,298.4075785311321,298.3927552478267,297.91726721572115
28,53.0,298.431711246105,298.3818240584566,297.9397870591601
28,53.5,298.38014208242026,298.3545417891275,297.93178970660716
28,54.0,298.3851070231616,298.3653171789713,297.93573427295684
28,54.5,298.36509396313653,298.3743307987106,297.95322128346214
28,55.0,298.3686356000868,298.3518039718331,297.98116219271515
28,55.5,298.362427391529,298.34852854053764,297.97079585734724
28,56.0,298.36792865190876,298.35466194608017,297.97021804041475
28,56.5,298.3487555314307,298.34641257682307,297.97782964259557
28,57.0,298.3452964898326,298.3430725145364,297.961955144629
28,57.5,298.3370436346958,298.2996933502454,297.9733127321508
28,58.0,298.321647724158,298.3394796108098,297.964345955201
28,58.5,298.323617762062,298.3233906856084,298.01152684754805
28,59.0,298.3209640519013,298.3366758911791,298.01413293848145
28,59.5,298.32032552192715,298.2994199342796,298.00728055663023
28,60.0,298.3201350574968,298.2849339891314,298.00906323244965
29,0.5,293.58741675824183,293.2151643266105,293.1496473813843
29,1.0,294.16722266566813,293.5347445260812,293.1466939668861
29,1.5,294.70685504517996,293.91756249999156,293.16055734151485
29,2.0,295.1828716416666,294.32918620014425,293.1714857027288
29,2.5,295.6516401568047,294.80773465305697,293.1872499206875
29,3.0,296.1030225093915,295.2166826933507,293.19192036172234
29,3.5,296.5875709548113,295.6518441465848,293.2556301953047
29,4.0,297.01740248115846,296.094485029366,293.2890791219195
29,4.5,297.43693191522965,296.494502891966,293.34588787935684
29,5.0,297.8743781876345,296.90636937757347,293.422489712108
29,5.5,298.2932255542889,297.30227890280037,293.5124261472285
29,6.0,298.7207676562608,297.6994961574965,293.59788387392473
29,6.5,299.13432948646715,298.11043247697546,293.686020772604
29,7.0,299.53181660317375,298.5071711323506,293.8001405152236
29,7.5,299.9439302927624,298.89345038215475,293.90287411180293
29,8.0,300.3312428607259,299.2680349989389,294.011471200626
29,8.5,300.73059662657704,299.651283846292,294.13140853629596
29,9.0,301.1013617399169,300.0068920510749,294.2690420731539
29,9.5,301.51598787719234,300.40015461539144,294.3953740354141
29,10.0,301.85631468281633,300.7637082816317,294.51819793268606
29,10.5,301.77241195199457,301.0681537854003,294.68039225336696
29,11.0,301.5732682678449,301.11017462320655,294.8108750869095
29,11.5,301.4267728185509,301.05803986834013,294.9772092357644
29,12.0,301.2803616567279,300.9895897810547,295.0908532550518
29,12.5,301.1826384467143,300.8997780055465,295.2411054113966
29,13.0,301.0518735927946,300.81947035452566,295.36631568434143
29,13.5,300.9707295877283,300.72954957763886,295.48557051214686
29,14.0,300.85952549206183,300.63384176808216,295.6041031053661
29,14.5,300.77810302875963,300.55042635387576,295.73240327998036
29,15.0,300.70122581358135,300.4928629793896,295.81455939322814
29,15.5,300.6354332241846,300.4304692413443,295.8970087679041
29,16.0,300.52241793923395,300.34661999620135,295.9724663784999
29,16.5,300.4557961980203,300.2857677257068,296.054000618667
29,17.0,300.37720767190984,300.222038773481,296.14149570194905
29,17.5,300.30571989099803,300.15118373755996,296.2118431795928
29,18.0,300.2398807212558,300.0791797844597,296.2833639955243
29,18.5,300.1903556231142,300.03017674016263,296.3267896193813
29,19.0,300.1146448256541,299.9831802281934,296.40931418631425
29,19.5,300.08162422885266,299.9211871183165,296.4783284401176
29,20.0,300.0049748928119,299.8699562956729,296.53945156715713
29,20.5,299.9343718641999,299.80616201036327,296.5570220038657
29,21.0,299.8863391907667,299.75873282030454,296.61845907177235
29,21.5,299.8293125279419,299.7111258908597,296.66636866424113
29,22.0,299.7943673997788,299.6648819397442,296.7228855826192
29,22.5,299.7206524885605,299.6316240404711,296.7539577834292
29,23.0,299.675874692356,299.5524341940242,296.8260304574817
29,23.5,299.6371204065961,299.53353378928784,296.85112305488093
29,24.0,299.6050664352718,299.49106853750015,296.88945549105404
29,24.5,299.5671636057963,299.4380504730392,296.94521422921537
29,25.0,299.52657826466543,299.41960868150744,296.9664014470525
29,25.5,299.4773063701205,299.3679538853159,297.0065810693538
29,26.0,299.43166519673827,299.3350795637905,297.0298878977667
29,26.5,299.40213327707085,299.32169439969357,297.0573655726327
29,27.0,299.34560127166264,299.2789328982394,297.0975490690702
29,27.5,299.30258641426764,299.2412402183492,297.15705839751615
29,28.0,299.29047643849333,299.20696802526453,297.1720516229899
29,28.5,299.24218528810565,299.1701494948638,297.1980362247
29,29.0,299.21874202902563,299.16136686264815,297.21417043959417
29,29.5,299.18873288590976,299.11988307392124,297.2607985529646
29,30.0,299.1591166050485,299.07573754025515,297.26500216258296
29,30.5,299.1360393806499,299.04145981704147,297.2889734615555
29,31.0,299.10590665279733,299.03418695126675,297.32432096362186
29,31.5,299.07133089478594,299.00182221300815,297.3739488965056
29,32.0,299.0375994674143,298.96273398141807,297.397131507651
29,32.5,299.0165538173628,298.9567081460319,297.3966680250372
29,33.0,298.9837635277562,298.9258645088777,297.4167691646897
29,33.5,298.96277949293705,298.91070535442026,297.42876385828293
29,34.0,298.96668904254966,298.8873500244001,297.4669513398697
29,34.5,298.91881553670044,298.8550531364095,297.4881627195247
29,35.0,298.8986833897123,298.84631651490224,297.5141976676215
29,35.5,298.86499326712675,298.8144909712937,297.5345758247044
29,36.0,298.86077531529173,298.79523395592736,297.5420867636075
29,36.5,298.8373433720364,298.7749253276685,297.5676568647579
29,37.0,298.817200606401,298.77281784710374,297.57258631542635
29,37.5,298.7920641979403,298.74052005650543,297.6019363062388
29,38.0,298.7812291438781,298.7394088530339,297.60795977029085
29,38.5,298.76514234178217,298.726402727544,297.6336013540078
29,39.0,298.7373440878118,298.6845733051879,297.6482898473959
29,39.5,298.7159875355565,298.6466371383274,297.66022875257704
29,40.0,298.70921697093894,298.670658034549,297.6820737731494
29,40.5,298.6748692239933,298.6416240397402,297.672577334214
29,41.0,298.6608567443869,298.6216638349739,297.69136348261094
29,41.5,298.6521013600081,298.6101581441295,297.71263440733503
29,42.0,298.62027688456715,298.598041466696,297.713828040283
29,42.5,298.63146692834994,298.6017178276077,297.7367328991489
29,43.0,298.59949354875664,298.5773010498196,297.7492228326076
29,43.5,298.59075784145375,298.5758818170241,297.7778714519454
29,44.0,298.58009591701347,298.55570823695336,297.7776541405056
29,44.5,298.5697713579466,298.5357590491475,297.79763649245365
29,45.0,298.55347382883417,298.52338735860803,297.80114171431387
29,45.5,298.54413924810825,298.5216903081147,297.8032303066335
29,46.0,298.53247897401036,298.5133952589114,297.8200749673063
29,46.5,298.5172162262428,298.5045992846132,297.8358809670108
29,47.0,298.5029044887196,298.4817702775601,297.8500767031495
29,47.5,298.51072960989956,298.4761966392641,297.8460913836768
29,48.0,298.46846801904064,298.4706394573213,297.83993544471207
29,48.5,298.4773614173104,298.4516006411168,297.84796107806216
29,49.0,298.4649361562834,298.43501036756055,297.8703439707954
29,49.5,298.4643108130326,298.4294864986927,297.85844625059025
29,50.0,298.4363602239621,298.42659023411386,297.9077491459659
29,50.5,298.43695965818665,298.42732818846645,297.9035032068645
29,51.0,298.4322542292065,298.42524801328057,297.8986829685893
29,51.5,298.43555692481164,298.3912891483706,297.90122576056365
29,52.0,298.4200067750122,298.3912996996007,297.92966949759295
29,52.5,298.39692170989883,298.38634329906245,297.9151079181544
29,53.0,298.3961891985388,298.39073641681057,297.9227141667339
29,53.5,298.40246055192193,298.37058751407034,297.9316913436282
29,54.0,298.3743502617107,298.3648564150523,297.94675415163925
29,54.5,298.37854484156486,298.34851856068934,297.957897538781
29,55.0,298.37242225432124,298.3611510017021,297.96951192274906
29,55.5,298.36204049275096,298.34856931532596,297.9737552704255
29,56.0,298.38643736947444,298.3376915813571,297.968863584515
29,56.5,298.3491248822284,298.3358625519962,297.9844463469693
29,57.0,298.35170733742683,298.3441249586792,297.9727563071041
29,57.5,298.3336838031184,298.3173700172627,297.9663274757137
29,58.0,298.3409357215186,298.31372778411435,297.9827439331344
29,58.5,298.33884666174845,298.32954920572877,297.9861655034595
29,59.0,298.3189037786846,298.312818875319,297.9925392074719
29,59.5,298.3190402449409,298.3139407355545,297.99375862407567
29,60.0,298.3055927869257,298.3065860142879,298.003100985643
30,0.5,293.60913283040776,293.22091026048776,293.1462740152794
30,1.0,294.18656823629726,293.5344705349657,293.1700396048825
30,1.5,294.67167766165335,293.91593976378374,293.15230762285097
30,2.0,295.1686801354156,294.36146736164386,293.1670579553666
30,2.5,295.64937215887954,294.76677089453017,293.1710126407836
30,3.0,296.1282606347659,295.21910972998495,293.21067417457516
30,3.5,296.5717184231043,295.65259433056343,293.22802479520226
30,4.0,297.0108622269377,296.0955013673445,293.28803779900426
30,4.5,297.4616665838403,296.4842296841078,293.341355432338
30,5.0,297.89318474711865,296.91471267655,293.418133255857
30,5.5,298.3058133348682,297.3251299510584,293.5166195632783
30,6.0,298.71392289925177,297.70862959802037,293.5863559731914
30,6.5,299.13495889244336,298.10836110013366,293.69575719797734
30,7.0,299.53451609173203,298.50495932234793,293.8069365083754
30,7.5,299.9337496943597,298.8755802784007,293.9011997328593
30,8.0,300.3253308361352,299.268296577625,294.02713858633194
30,8.5,300.72922333519756,299.66384238870796,294.14379974870695
30,9.0,301.10743248296103,300.0304906991368,294.26610409401553
30,9.5,301.49589163009114,300.39398543228964,294.4037023686654
30,10.0,301.87532283150585,300.7632249468024,294.5503523651201
30,10.5,301.7860350596008,301.0542262301137,294.6655479493112
30,11.0,301.57846650219705,301.11782392822136,294.80608582819394
30,11.5,301.43928548813864,301.0619024203878,294.95110889382795
30,12.0,301.30221366465935,301.0054442218283,295.1148274346007
30,12.5,301.20572649604406,300.9162194855587,295.25420617359174
30,13.0,301.0740276593752,300.8218958521415,295.3679450918525
30,13.5,300.97608975887783,300.72085105836317,295.47396460185627
30,14.0,300.87594224841575,300.636238996025,295.6022234451344
30,14.5,300.7809249769147,300.56351774879175,295.72017614566806
30,15.0,300.69259249409413,300.49084154833974,295.81245846013746
30,15.5,300.61533528579247,300.39895317727803,295.9067293257596
30,16.0,300.5384097019599,300.35077344869626,295.98551921842056
30,16.5,300.46884325151103,300.2905093748061,296.0813551353775
30,17.0,300.38753376424063,300.2176754233373,296.1502922514078
30,17.5,300.3097897024694,300.14175529107393,296.22404469415784
30,18.0,300.2437619145895,300.07938066536434,296.28719515941697
30,18.5,300.1688855889288,300.03122218275394,296.3547551390218
30,19.0,300.13613752273216,299.96957646216407,296.41481671914653
30,19.5,300.05371936573476,299.92031862456304,296.45877039608473
30,20.0,300.0104895048543,299.8684910559707,296.5269537856372
30,20.5,299.94723747938605,299.82170637806917,296.5838815470644
30,21.0,299.8930435608965,299.74943512361267,296.6380244140267
30,21.5,299.83615651908957,299.7145293534472,296.6790720743337
30,22.0,299.7784887243631,299.66176056972995,296.7117758631566
30,22.5,299.7273549311212,299.6189581068716,296.7580423348122
30,23.0,299.7065688600484,299.5845500198343,296.80485634418187
30,23.5,299.644175478572,299.54295966497256,296.8525824692454
30,24.0,299.6094896448023,299.50584793776096,296.88946459293396
30,24.5,299.5686820724245,299.45602138695733,296.9180497712212
30,25.0,299.5086643734567,299.411790841434,296.9552647229501
30,25.5,299.47624341258035,299.37267010254084,296.98159281753976
30,26.0,299.4329441998567,299.3213023402601,297.0062011312609
30,26.5,299.3826148809176,299.316603931065,297.0697527750537
30,27.0,299.3551914780779,299.2656141776062,297.1268549891367
30,27.5,299.3269080523902,299.2405543195578,297.1531564343646
30,28.0,299.28111977016636,299.2099502211755,297.15593909938576
30,28.5,299.2489936403234,299.15934313999776,297.1967899093028
30,29.0,299.2176614277934,299.13213962606983,297.20928837839557
30,29.5,299.2086519090641,299.1273315966774,297.2385649496462
30,30.0,299.1382949200857,299.08613739455166,297.2666043693498
30,30.5,299.1316778982549,299.04965498318063,297.30238903920787
30,31.0,299.0950525101419,299.0272551011356,297.3280852387486
30,31.5,299.06297434502926,299.0132432733553,297.3569310070941
30,32.0,299.0392408631474,298.9863665078849,297.3847847292241
30,32.5,299.0221499589144,298.93776146675236,297.3978115850857
30,33.0,298.9969708678632,298.94489761891754,297.4238731745783
30,33.5,298.9666039533814,298.915060185475,297.4342293536216
30,34.0,298.9514347214784,298.8814078697609,297.45272606237194
30,34.5,298.9296819696426,298.84921855219403,297.4715528685444
30,35.0,298.90234469896143,298.8505281536586,297.5127945830908
30,35.5,298.8665861491056,298.82423429712304,297.52208967109027
30,36.0,298.85551899661954,298.7849847908784,297.52534978015586
30,36.5,298.8347326544012,298.77792726098113,297.5614656964834
30,37.0,298.80137076651795,298.7927698322536,297.56710449078696
30,37.5,298.77422089653226,298.74349079796013,297.613169669095
30,38.0,298.7506594867067,298.71826471528493,297.6072438738568
30,38.5,298.75312404471697,298.69848291258904,297.6358218287063
30,39.0,298.73749349576696,298.7096814863907,297.6553944644169
30,39.5,298.70531584337,298.68432468637013,297.6499914317945
30,40.0,298.7107315843633,298.6742873302554,297.6748888471434
30,40.5,298.6854326585519,298.64752561155467,297.6938160039415
30,41.0,298.6815308733422,298.64286589145854,297.7031681065173
30,41.5,298.6563397221368,298.6075621212956,297.71894601166366
30,42.0,298.6270271195327,298.6038155147188,297.7149643802241
30,42.5,298.62777378774723,298.59161643185047,297.7463419064916
30,43.0,298.61582379458,298.58952640674516,297.74810749361666
30,43.5,298.5899965158099,298.5662342611244,297.76826912631157
30,44.0,298.5678077829972,298.54451091834324,297.7854286919382
30,44.5,298.57038145037393,298.5394920947762,297.7940302817682
30,45.0,298.54690191524526,298.5105267986155,297.8016121643807
30,45.5,298.5560218352112,298.4928645332745,297.8150082623077
30,46.0,298.52900348353,298.51350441631917,297.82562190976773
30,46.5,298.538932546884,298.49088391889313,297.8435417152853
30,47.0,298.4893948466208,298.48177148968404,297.83780218289047
30,47.5,298.5012628266975,298.48275404749376,297.8490540542406
30,48.0,298.50380600246433,298.47876915707917,297.86573121924033
30,48.5,298.4705155257417,298.4607851709244,297.86023522453877
30,49.0,298.46803314164595,298.46564049620076,297.86025542216976
30,49.5,298.45609254102175,298.4425761007003,297.88675756734756
30,50.0,298.44406547550574,298.4320227231751,297.8877378644624
30,50.5,298.44440373801024,298.4231100052993,297.88545860043314
30,51.0,298.4203236105364,298.39980328270354,297.9100450579781
30,51.5,298.4237465008946,298.41440960651437,297.926633566654
30,52.0,298.4218448677211,298.3728184895399,297.90309088117033
30,52.5,298.40660565489367,298.3840593954603,297.93646753966306
30,53.0,298.39106192372617,298.38301854999315,297.9075257592125
30,53.5,298.4039018923813,298.3679709961901,297.93534793672666
30,54.0,298.3936605799861,298.36463617917104,297.96401843661596
30,54.5,298.36891941253555,298.3810322421231,297.9484063239044
30,55.0,298.3595723831963,298.3673571674002,297.9584845843731
30,55.5,298.3563790791902,298.34332502926384,297.9709342194438
30,56.0,298.3649325833013,298.33953636659714,297.95169111228205
30,56.5,298.3560079258125,298.3256876447555,297.97496207524017
30,57.0,298.3551105129576,298.33990494151993,297.98010843396344
30,57.5,298.33808531214004,298.3249214618418,298.0031593455908
30,58.0,298.3264108992236,298.3024797157164,297.9770978355415
30,58.5,298.33932725066404,298.3180345171722,297.99041271543774
30,59.0,298.3192489339176,298.31645091587484,297.9895755202817
30,59.5,298.3214527436516,298.31687460431914,297.99300825333114
30,60.0,298.2990463362334,298.3018349472421,298.01898610868943
