time_s,T_2mm_K,T_4mm_K,T_7mm_K,T_interface_left_K,T_interface_right_K,energy_input_J_m2,energy_stored_J_m2
0.0,293.15,293.15,293.15,293.15,293.15,0.0,0.0
0.1,293.19188112112727,293.152607789003,293.1500000281833,293.1511392840894,293.1502098479884,1000.0,1000.0000000000013
0.2,293.27198451544257,293.1614561692952,293.1500002772668,293.1557064523373,293.15113504568524,2000.0,2000.0000000000025
0.30000000000000004,293.37395722798504,293.17912320711633,293.1500014465803,293.1661372372972,293.153448679243,3000.0,3000.0000000000036
0.4,293.4858365608334,293.20659085500574,293.15000533157394,293.1841679699554,293.1578042463983,4000.0,4000.000000000003
0.5,293.6011044152328,293.2436429993503,293.15001560022415,293.21057721618433,293.1647108923822,5000.0,5000.000000000004
0.6000000000000001,293.7165919029604,293.2894156840591,293.1500386098168,293.24533538305235,293.1744921143961,6000.0,6000.000000000005
0.7000000000000001,293.83087500988245,293.34279501620426,293.1500840914788,293.28788739022326,293.1872997246479,7000.0,7000.000000000007
0.8,293.94339103163367,293.4026419629001,293.1501655655394,293.3374090393758,293.20315109153455,8000.0,8000.000000000009
0.9,294.05399143636646,293.467899619902,293.15030042132526,293.392986812026,293.2219694527209,9000.0,9000.000000000007
1.0,294.1627197322206,293.537634437305,293.15050966807087,293.45372519205324,293.24361825879885,10000.0,10000.000000000011
1.1,294.2697013120006,293.6110440951465,293.15081741758195,293.51880174489526,293.2679271666624,11000.0,11000.000000000013
1.2000000000000002,294.375089167228,293.687450060077,293.1512501866932,293.5874895005555,293.2947103194113,12000.0,12000.000000000013
1.3,294.479037784668,293.7662840924645,293.1518361114129,293.6591608488997,293.3237785137478,13000.0,13000.000000000022
1.4000000000000001,294.58169135760056,293.84707324101964,293.1526041527179,293.7332819946063,293.3549468935883,14000.0,14000.000000000022
1.5,294.6831792410157,293.9294254184779,293.15358335433825,293.8094032757519,293.3880395238833,15000.0,15000.000000000024
1.6,294.7836149975904,294.01301642117966,293.15480219180154,293.88714825548726,293.4228918611048,16000.0,16000.00000000003
1.7000000000000002,294.88309713696714,294.0975786507163,293.15628803328434,293.96620307160873,293.4593518447589,17000.0,17000.000000000036
1.8,294.9817105674798,294.1828915110084,293.15806671815585,294.04630672347025,293.4972801101875,18000.0,18000.000000000036
1.9000000000000001,295.07952826263454,294.2687733315091,293.1601622488155,294.127242540662,293.5365496610467,19000.0,19000.000000000036
2.0,295.1766128999043,294.3550746254257,293.1625965850258,294.2088308551004,293.57704522679126,20000.0,20000.000000000044
2.1,295.27301836344884,294.4416724890385,293.1653895266228,294.29092279303035,293.6186624530828,21000.0,21000.000000000047
2.2,295.36879107160115,294.52846596283285,293.1685586693839,294.3733950614208,293.6613070206763,22000.0,22000.000000000062
2.3000000000000003,295.46397112452235,294.6153721963401,293.17211941921266,294.4561455937267,293.70489375321404,23000.0,23000.000000000073
2.4000000000000004,295.5585932835779,294.7023232809327,293.17608505104647,294.53908992620154,293.74934575094915,24000.0,24000.00000000008
2.5,295.6526878004927,294.7892636358591,293.1804668005926,294.6221581888823,293.794593571926,25000.0,25000.00000000008
2.6,295.7462811159436,294.8761478515356,293.1852739788445,294.7052926103682,293.8405744719773,26000.0,26000.00000000009
2.7,295.839396446487,294.96293891028597,293.1905141011333,294.78844545027425,293.8872317083134,27000.0,27000.000000000095
2.8000000000000003,295.93205427692,295.0496067184193,293.1961930241365,294.87157728673026,293.9345139072896,28000.0,28000.0000000001
2.9000000000000004,296.02427277305355,295.13612689502463,293.2023150857233,294.9546555981393,293.98237449436317,29000.0,29000.00000000011
3.0,296.1160681277574,295.2224797724142,293.20888324376483,295.03765358857754,294.03077118273904,30000.0,30000.000000000124
3.1,296.20745485118823,295.3086495710636,293.21589921107466,295.1205492148105,294.0796655164079,31000.0,31000.000000000127
3.2,296.2984460143893,295.3946237184365,293.22336358448354,295.2033243801088,294.12902246294175,32000.0,32000.00000000014
3.3000000000000003,296.38905345395983,295.48039228647417,293.23127596672595,295.2859642660519,294.1788100513744,33000.0,33000.000000000146
3.4000000000000004,296.47928794422796,295.5659475269722,293.239635080339,295.36845677849567,294.22899905064037,34000.0,34000.00000000015
3.5,296.5691593422914,295.651283487727,293.2484388731783,295.45079208800934,294.27956268429966,35000.0,35000.00000000015
3.6,296.6586767103955,295.73639569534447,293.2576846154554,295.532962248507,294.330476377592,36000.0,36000.00000000019
3.7,296.74784841936895,295.82128089308287,293.2673689884232,295.6149608806196,294.381717533201,37000.0,37000.00000000018
3.8000000000000003,296.8366822362169,295.9059368241451,293.27748816499343,295.69678290869075,294.43326533245374,38000.0,38000.0000000002
3.9000000000000004,296.9251853984498,295.9903620525124,293.2880378826735,295.77842434220037,294.4851005590091,39000.0,39000.00000000021
4.0,297.01336467729624,296.07455581479917,293.2990135092797,295.8598820940167,294.53720544240906,40000.0,40000.000000000226
4.1000000000000005,297.10122643159036,296.15851789774695,293.3104101019186,295.9411538291874,294.5895635191507,41000.0,41000.00000000023
4.2,297.18877665382536,296.2422485369159,293.3222224597462,296.0222378390662,294.64215950920897,42000.0,42000.00000000024
4.3,297.2760210096186,296.32574833290533,293.33444517100963,296.10313293646925,294.694979206177,43000.0,43000.00000000023
4.4,297.36296487162605,296.40901818207635,293.34707265486657,296.18383836829474,294.74800937941086,44000.0,44000.00000000026
4.5,297.4496133487752,296.49205921927216,293.3600991984547,296.26435374265145,294.8012376867559,45000.0,45000.00000000028
4.6000000000000005,297.53597131154214,296.5748727704696,293.3735189896588,296.3446789680488,294.8546525966054,46000.0,46000.0000000003
4.7,297.62204341387906,296.65746031365154,293.3873261459936,296.4248142026203,294.9082433181935,47000.0,47000.00000000031
4.800000000000001,297.7078341123024,296.7398234464881,293.40151473998947,296.5047598116951,294.9619997391592,48000.0,48000.00000000032
4.9,297.79334768256746,296.82196385965534,293.41607882143956,296.5845163323235,295.0159123695346,49000.0,49000.00000000034
5.0,297.87858823428803,296.9038833148264,293.4310124368343,296.6640844435966,295.06997229141655,50000.0,50000.00000000036
5.1000000000000005,297.96355972380206,296.98558362653273,293.44630964628107,296.7434649417968,295.1241711136692,51000.0,51000.000000000386
5.2,298.04826596553653,297.067066647234,293.4619645381806,296.8226587195803,295.17850093108683,52000.0,52000.00000000038
5.300000000000001,298.1327106420865,297.1483342550466,293.47797124190345,296.9016667485256,295.23295428751464,53000.0,53000.00000000039
5.4,298.21689731318645,297.2293883436766,293.4943239386879,296.98049006449537,295.2875241424866,54000.0,54000.000000000415
5.5,298.30082942372826,297.3102308141806,293.51101687095706,297.0591297553514,295.3422038409924,55000.0,55000.00000000042
5.6000000000000005,298.3845103109544,297.39086356824146,293.52804435023427,297.13758695063837,295.3969870860332,56000.0,56000.00000000045
5.7,298.467943210935,297.4712885027005,293.54540076381477,297.2158628129178,295.4518679136651,57000.0,57000.000000000466
5.800000000000001,298.5511312644236,297.5515075051311,293.56308058033807,297.293958530485,295.50684067026566,58000.0,58000.000000000495
5.9,298.6340775221688,297.6315224502754,293.5810783543878,297.37187531124687,295.5618999917903,59000.0,59000.0000000005
6.0,298.7167849497515,297.7113351971964,293.5993887302326,297.44961437757524,295.6170407848124,60000.0,60000.00000000051
6.1000000000000005,298.7992564320036,297.7909475870228,293.61800644481036,297.5271769619793,295.6722582091635,61000.0,61000.000000000524
6.2,298.8814947770593,297.87036144118366,293.63692633004564,297.6045643034688,295.72754766201376,62000.0,62000.00000000055
6.300000000000001,298.96350272008124,297.9495785600494,293.6561433145813,297.68177764449825,295.7829047632476,63000.0,63000.00000000057
6.4,299.04528292669715,298.0286007219085,293.6756524249953,297.7588182284016,295.8383253420087,64000.0,64000.00000000059
6.5,299.12683799618037,298.10742968222,293.6954487865672,297.8356872972405,295.8938054243013,65000.0,65000.0000000006
6.6000000000000005,299.20817046439976,298.1860671730957,293.71552762365116,297.91238609000254,295.94934122154586,66000.0,66000.00000000061
6.7,299.2892828065651,298.2645149029689,293.73588425970377,297.98891584109526,296.004929120001,67000.0,67000.00000000065
6.800000000000001,299.37017743978606,298.3427745564186,293.7565141170146,298.06527777909076,296.0605656709707,68000.0,68000.00000000067
6.9,299.4508567254656,298.4208477941189,293.7774127161771,298.1414731256824,296.11624758172496,69000.0,69000.00000000068
7.0,299.5313229715408,298.498736252892,293.79857567533475,298.21750309482195,296.17197170707163,70000.0,70000.0000000007
7.1000000000000005,299.6115784345877,298.5764415458449,293.81999870923556,298.2933688920095,296.22773504151866,71000.0,71000.00000000073
7.2,299.69162532180053,298.65396526257314,293.8416776281212,298.36907171371314,296.2835347119788,72000.0,72000.00000000076
7.300000000000001,299.7714657928568,298.7313089694196,293.86360833647586,298.4446127468999,296.3393679709677,73000.0,73000.00000000076
7.4,299.8511019616783,298.8084742097757,293.88578683165633,298.51999316866005,296.39523219025534,74000.0,74000.00000000081
7.5,299.9305358980956,298.88546250441607,293.90820920242356,298.59521414591154,296.4511248549317,75000.0,75000.00000000084
7.6000000000000005,300.00976962942417,298.96227535186085,293.9308716273912,298.67027683517335,296.5070435578542,76000.0,76000.00000000084
7.7,300.08880514195914,299.03891422875597,293.9537703734079,298.745182382396,296.56298599444466,77000.0,77000.00000000086
7.800000000000001,300.16764438239426,299.1153805902695,293.9769017938854,298.81993192284244,296.6189499578094,78000.0,78000.00000000087
7.9,300.2462892591708,299.19167587049685,294.00026232708524,298.89452658101055,296.67493333415587,79000.0,79000.0000000009
8.0,300.3247416437614,299.2678014828731,294.02384849437334,298.96896747059156,296.7309340984843,80000.0,80000.00000000093
8.1,300.4030033718932,299.3437588205893,294.0476568984534,299.0432556944596,296.7869503105322,81000.0,81000.00000000093
8.200000000000001,300.48107624471396,299.4195492570087,294.07168422158475,299.11739234468627,296.8429801109536,82000.0,82000.00000000095
8.3,300.55896202990607,299.4951741460832,294.0959272237941,299.19137850257795,296.89902171771575,83000.0,83000.00000000097
8.4,300.63666246275005,299.5706348227663,294.1203827410858,299.2652152387313,296.95507342269735,84000.0,84000.00000000097
8.5,300.71417924714194,299.64593260342275,294.1450476836568,299.3389036131047,297.01113358847385,85000.0,85000.000000001
8.6,300.7915140565666,299.7210687862331,294.1699190341203,299.41244467510285,297.06720064527644,86000.0,86000.00000000102
8.700000000000001,300.86866853503045,299.7960446515922,294.1949938457435,299.4858394636717,297.1232730881138,87000.0,87000.00000000105
8.8,300.9456442979548,299.87086146250107,294.22026924070144,299.55908900740405,297.17934947404405,88000.0,88000.00000000106
8.9,301.0224429330324,299.9455204649523,294.2457424083508,299.6321943246509,297.2354284195876,89000.0,89000.0000000011
9.0,301.09906600105006,300.0200228883075,294.27141060352676,299.70515642364074,297.2915085982721,90000.0,90000.00000000108
9.1,301.175515036678,300.0943699456666,294.29727114486377,299.7779763026017,297.34758873829975,91000.0,91000.0000000011
9.200000000000001,301.25179154922796,300.1685628342302,294.3233214131434,299.85065494989,297.40366762032943,92000.0,92000.00000000115
9.3,301.3278970233825,300.24260273565307,294.3495588496702,299.9231933441195,297.4597440753676,93000.0,93000.00000000116
9.4,301.40383291989554,300.3164908163891,294.3759809546767,299.99559245429435,297.5158169827596,94000.0,94000.0000000012
9.5,301.4796006762672,300.39022822802923,294.40258528575964,300.0678532399431,297.5718852682757,95000.0,95000.00000000125
9.600000000000001,301.5552017073925,300.4638161076298,294.4293694563466,300.1399766512535,297.62794790228713,96000.0,96000.00000000128
9.700000000000001,301.6306374061868,300.5372555780333,294.45633113419495,300.2119636292086,297.68400389802525,97000.0,97000.00000000132
9.8,301.70590914418744,300.61054774818143,294.4834680399234,300.2838151057214,297.7400523099203,98000.0,98000.00000000132
9.9,301.7810182721346,300.6836937134191,294.51077794557614,300.3555320037708,297.79609223201425,99000.0,99000.00000000135
10.0,301.85596612053007,300.75669455579146,294.5382586732195,300.4271152375359,297.85212279644406,100000.0,100000.00000000137
10.100000000000001,301.8888728790498,300.8269435553293,294.5659080653887,300.49742642844006,297.9079333240029,100000.0,100000.00000000137
10.200000000000001,301.88339868725814,300.8908089660506,294.5937238474005,300.56417787339353,297.96301751700923,100000.0,100000.00000000141
10.3,301.8558977730649,300.9457137655633,294.6217032839695,300.62493472841925,298.01670152727735,100000.0,100000.00000000146
10.4,301.81833408914883,300.9906770329859,294.6498425884288,300.67796154283445,298.06833112769374,100000.0,100000.00000000146
10.5,301.77722697129917,301.0259159016581,294.6781361450844,300.7224806229251,298.11739647508716,100000.0,100000.00000000148
10.600000000000001,301.735746527502,301.0522953357189,294.7065756912251,300.7585224257621,298.1635734045845,100000.0,100000.00000000154
10.700000000000001,301.6953179748198,301.0709302247105,294.73514963141446,300.78664288792646,298.2067094654535,100000.0,100000.00000000153
10.8,301.6565052041342,301.08296058693725,294.76384262098463,300.80766705621113,298.24678667884496,100000.0,100000.00000000154
10.9,301.6194579178046,301.08944430109955,294.79263548512745,300.82250928991994,298.28388122368176,100000.0,100000.00000000162
11.0,301.5841337625932,301.09131588082005,294.82150546690025,300.8320659384587,298.3181290920081,100000.0,100000.00000000162
11.100000000000001,301.5504084853684,301.0893785992606,294.8504267435074,300.83716026225693,298.34970009466343,100000.0,100000.00000000164
11.200000000000001,301.51813021942223,301.0843119326647,294.8793711228184,300.8385200498742,298.378779580463,100000.0,100000.00000000166
11.3,301.4871455882999,301.0766850534607,294.9083088282255,300.83677372281494,298.40555626792246,100000.0,100000.00000000172
11.4,301.4573114948742,301.066971835838,294.93720929188066,300.83245588068803,298.4302145508007,100000.0,100000.00000000175
11.5,301.42849966648475,301.055565280261,294.96604189596985,300.8260169827282,298.45292992346646,100000.0,100000.00000000176
11.600000000000001,301.400597609284,301.0427904940801,294.9947766227531,300.81783425622575,298.4738665096293,100000.0,100000.0000000018
11.700000000000001,301.3735078692726,301.0289159700708,295.0233845928253,300.808222347058,298.4931759700739,100000.0,100000.00000000183
11.8,301.3471465808765,301.01416318953534,295.0518384857097,300.79744303287816,298.5109972891332,100000.0,100000.00000000189
11.9,301.32144180075977,300.99871469927575,295.0801128471819,300.78571375453515,298.52745710151345,100000.0,100000.00000000192
12.0,301.29633186931494,300.9827208535418,295.10818429412353,300.7732149440811,298.54267033413703,100000.0,100000.00000000195
12.100000000000001,301.2717639082183,300.9663054148789,295.1360316310222,300.76009623286296,298.5567410150873,100000.0,100000.00000000198
12.200000000000001,301.2476924932113,300.9495701931564,295.16363589333616,300.74648166522,298.56976315409884,100000.0,100000.00000000201
12.3,301.22407850670385,300.93259888088426,295.190980332566,300.73247405281234,298.5818216341622,100000.0,100000.00000000207
12.4,301.2008881586496,300.91546022057025,295.2180503566243,300.7181585983968,298.5929930772217,100000.0,100000.00000000207
12.5,301.1780921576344,300.898210618834,295.2448334373985,300.70360590492896,298.60334666243637,100000.0,100000.00000000211
12.600000000000001,301.15566501251897,300.8808963032587,295.27131899555457,300.6888744708688,298.6129448856448,100000.0,100000.00000000212
12.700000000000001,301.13358444574055,300.8635551017926,295.2974982708257,300.6740127578103,298.62184425525703,100000.0,100000.00000000218
12.8,301.111830901174,300.8462179108079,295.32336418436296,300.6590609030636,298.63009592398606,100000.0,100000.00000000221
12.9,301.09038713157344,300.82890990643904,295.34891119826955,300.6440521379753,298.6377462584085,100000.0,100000.00000000224
13.0,301.06923785273625,300.8116515442686,295.3741351761869,300.6290139626065,298.644837349853,100000.0,100000.00000000227
13.100000000000001,301.04836945347745,300.79445938451374,295.39903324777066,300.6139691187924,298.6514074709122,100000.0,100000.00000000226
13.200000000000001,301.0277697522274,300.7773467733234,295.4236036790486,300.5989363964005,298.657491482214,100000.0,100000.0000000023
13.3,301.00742779255256,300.7603244054089,295.44784574998425,300.5839313015991,298.6631211941222,100000.0,100000.00000000233
13.4,300.9873336711678,300.74340078878265,295.47175964004447,300.56896661096096,298.66832568789397,100000.0,100000.00000000239
13.5,300.967478393076,300.7265826287253,295.49534632216665,300.5540528310953,298.6731316005645,100000.0,100000.00000000244
13.600000000000001,300.947853749365,300.7098751450871,295.5186074652195,300.5391985800846,298.6775633775171,100000.0,100000.00000000242
13.700000000000001,300.92845221394026,300.6932823345521,295.54154534483075,300.5244109041777,298.6816434963548,100000.0,100000.00000000247
13.8,300.9092668560976,300.67680718745066,295.56416276229857,300.5096955408605,298.68539266535083,100000.0,100000.0000000025
13.9,300.89029126635387,300.6604518670272,295.5864629711966,300.4950571374941,298.68882999942036,100000.0,100000.00000000255
14.0,300.8715194933898,300.6442178576844,295.60844961121757,300.4804994331257,298.6919731762429,100000.0,100000.00000000256
14.100000000000001,300.8529459903133,300.62810608758616,295.6301266487609,300.46602540975795,298.69483857487387,100000.0,100000.00000000262
14.200000000000001,300.83456556875274,300.61211703006006,295.651498323757,300.45163741828156,298.69744139891714,100000.0,100000.00000000263
14.3,300.81637335953485,300.59625078746825,295.6725691022207,300.4373372833768,298.6997957860891,100000.0,100000.00000000266
14.4,300.79836477890865,300.5805071605744,295.69334363403937,300.42312639095127,298.7019149057902,100000.0,100000.0000000027
14.5,300.78053549944684,300.56488570591057,295.71382671552306,300.4090057610666,298.7038110461033,100000.0,100000.00000000275
14.600000000000001,300.7628814249008,300.54938578321014,295.7340232562686,300.39497610880244,298.7054956914692,100000.0,100000.00000000276
14.700000000000001,300.74539866839945,300.5340065946185,295.7539382499187,300.38103789508716,298.70697959213715,100000.0,100000.0000000028
14.8,300.7280835334856,300.5187472170926,295.7735767484292,300.3671913691776,298.7082728263534,100000.0,100000.00000000282
14.9,300.71093249756154,300.5036066291608,295.7929438394857,300.353436604185,298.7093848561329,100000.0,100000.00000000287
15.0,300.6939421973869,300.4885837330085,295.8120446267428,300.33977352680535,298.71032457735697,100000.0,100000.0000000029
15.100000000000001,300.67710941632686,300.4736773726918,295.83088421258753,300.32620194221784,298.7111003648467,100000.0,100000.00000000291
15.200000000000001,300.66043107309815,300.4588863491406,295.8494676831564,300.31272155495026,298.7117201129844,100000.0,100000.00000000294
15.3,300.6439042117984,300.4442094325017,295.86780009536113,300.29933198637735,298.71219127238413,100000.0,100000.00000000294
15.4,300.6275259930392,300.429645372275,295.88588646570224,300.2860327894054,298.7125208830525,100000.0,100000.00000000297
15.5,300.6112936860313,300.41519290562076,295.9037317606716,300.2728234608018,298.71271560442665,100000.0,100000.000000003
15.600000000000001,300.5952046614903,300.4008507641502,295.92134088856585,300.2597034515558,298.71278174263034,100000.0,100000.00000000306
15.700000000000001,300.5792563852568,300.3866176794578,295.9387186925511,300.246672175588,298.71272527524917,100000.0,100000.00000000306
15.8,300.56344641253554,300.3724923876113,295.95586994483494,300.2337290170757,298.7125518738878,100000.0,100000.00000000309
15.9,300.54777238267496,300.3584736327763,295.97279934181915,300.2208733366165,298.7122669247438,100000.0,100000.00000000311
16.0,300.53223201442023,300.34456017012457,295.98951150011794,300.20810447641657,298.7118755474042,100000.0,100000.00000000311
16.1,300.5168231015816,300.3307507681486,296.0060109533409,300.1954217646572,298.71138261204607,100000.0,100000.00000000314
16.2,300.50154350906803,300.3170442104837,296.02230214954886,300.1828245191721,298.7107927552036,100000.0,100000.00000000317
16.3,300.4863911692442,300.3034392973239,296.0383894493032,300.17031205054025,298.7101103942442,100000.0,100000.00000000322
16.400000000000002,300.47136407857465,300.28993484649993,296.05427712423585,300.1578836646907,298.70933974068026,100000.0,100000.00000000325
16.5,300.4564602945221,300.2765296942806,296.06996935607594,300.1455386650902,298.7084848124305,100000.0,100000.00000000327
16.6,300.44167793267394,300.263222695943,296.085470236077,300.1332763545819,298.7075494451305,100000.0,100000.0000000033
16.7,300.42701516407226,300.2500127261554,296.1007837647936,300.12109603692704,298.7065373025816,100000.0,100000.00000000335
16.8,300.4124702127275,300.2368986792031,296.11591385216275,300.1089970180955,298.7054518864196,100000.0,100000.0000000034
16.900000000000002,300.39804135329683,300.2238794690885,296.1308643178494,300.0969786073435,298.7042965450734,100000.0,100000.00000000345
17.0,300.3837269089122,300.21095402952574,296.1456388918226,300.0850401181103,298.70307448207774,100000.0,100000.00000000346
17.1,300.36952524914386,300.19812131385186,296.1602412151283,300.07318086876194,298.70178876379737,100000.0,100000.00000000349
17.2,300.355434788087,300.18538029486814,296.17467484083267,300.06140018320343,298.70044232661496,100000.0,100000.00000000352
17.3,300.34145398256146,300.17272996462737,296.18894323511097,300.04969739138113,298.6990379836276,100000.0,100000.00000000355
17.400000000000002,300.32758133041375,300.16016933417654,296.2030497784589,300.038071829689,298.69757843089457,100000.0,100000.0000000036
17.5,300.31381536891433,300.14769743326485,296.2169977670086,300.0265228412957,298.6960662532735,100000.0,100000.00000000364
17.6,300.3001546732411,300.1353133100248,296.2307904139306,300.01504977640155,298.69450392987886,100000.0,100000.00000000367
17.7,300.28659785504385,300.12301603063247,296.2444308509074,300.00365199243845,298.6928938391933,100000.0,100000.0000000037
17.8,300.273143561083,300.1108046789528,296.2579221296652,299.992328854218,298.69123826385993,100000.0,100000.00000000374
17.900000000000002,300.2597904719356,300.0986783561733,296.27126722355047,299.98107973403836,298.68953939518025,100000.0,100000.00000000375
18.0,300.2465373007677,300.08663618043124,296.2844690291434,299.9699040117543,298.6877993373405,100000.0,100000.0000000038
18.1,300.23338279216387,300.074677286436,296.2975303678961,299.9588010748158,298.68602011138785,100000.0,100000.00000000381
18.2,300.2203257210134,300.0628008250897,296.3104539877895,299.9477703182812,298.6842036589743,100000.0,100000.00000000384
18.3,300.2073648914481,300.05100596310814,296.32324256500084,299.936811144807,298.6823518458859,100000.0,100000.0000000039
18.400000000000002,300.19449913582827,300.0392918826436,296.33589870557495,299.92592296461925,298.6804664653734,100000.0,100000.00000000393
18.5,300.1817273137747,300.0276577809108,296.34842494709574,299.91510519546847,298.67854924129796,100000.0,100000.00000000397
18.6,300.1690483112425,300.0161028698172,296.3608237603504,299.90435726257147,298.6766018311051,100000.0,100000.00000000402
18.7,300.1564610396364,300.0046263755986,296.37309755098414,299.893678598541,298.67462582863897,100000.0,100000.00000000402
18.8,300.1439644349623,299.9932275384604,296.3852486611413,299.88306864330673,298.6726227668085,100000.0,100000.00000000406
18.900000000000002,300.1315574570157,299.9819056122257,296.3972793710891,299.8725268440275,298.6705941201139,100000.0,100000.00000000409
19.0,300.11923908860354,299.9706598639899,296.40919190082207,299.8620526549977,298.66854130704473,100000.0,100000.00000000413
19.1,300.1070083347973,299.95948957378266,296.42098841164443,299.85164553754805,298.66646569235644,100000.0,100000.00000000413
19.200000000000003,300.09486422221727,299.94839403423737,296.43267100772846,299.84130495994214,298.66436858923385,100000.0,100000.00000000416
19.3,300.08280579834457,299.9373725502679,296.44424173764804,299.83103039726933,298.66225126134907,100000.0,100000.00000000422
19.400000000000002,300.0708321308606,299.92642443875377,296.455702595884,299.8208213313359,298.66011492481965,100000.0,100000.00000000425
19.5,300.0589423070123,299.9155490282317,296.4670555243027,299.81067725055357,298.6579607500739,100000.0,100000.00000000425
19.6,300.0471354330019,299.90474565859665,296.47830241360475,299.80059764982695,298.6557898636287,100000.0,100000.00000000431
19.700000000000003,300.0354106333999,299.89401368080894,296.48944510474485,299.79058203044025,298.65360334978436,100000.0,100000.00000000435
19.8,300.02376705058,299.88335245661006,296.50048539032076,299.7806298999437,298.65140225224377,100000.0,100000.0000000044
19.900000000000002,300.0122038441755,299.87276135824584,296.51142501593233,299.77074077203986,298.64918757565624,100000.0,100000.0000000044
20.0,300.00072019055597,299.8622397681965,296.5222656815091,299.7609141664705,298.64696028709466,100000.0,100000.00000000442
20.1,299.9893152823229,299.8517870789152,296.5330090426073,299.751149608904,298.6447213174666,100000.0,100000.00000000444
20.200000000000003,299.97798832782314,299.8414026925726,296.54365671167636,299.7414466308234,298.64247156286444,100000.0,100000.00000000448
20.3,299.9667385506817,299.8310860208095,296.55421025929303,299.7318047694164,298.6402118858578,100000.0,100000.0000000045
20.400000000000002,299.9555651893494,299.8208364844957,296.56467121536684,299.72222356746533,298.63794311673064,100000.0,100000.00000000455
20.5,299.94446749666736,299.81065351349616,296.57504107031315,299.71270257323977,298.6356660546667,100000.0,100000.00000000457
20.6,299.93344473944745,299.8005365464437,296.58532127619713,299.7032413403902,298.63338146888594,100000.0,100000.00000000461
20.700000000000003,299.9224961980665,299.79048503051797,296.5955132478474,299.6938394278427,298.6310900997339,100000.0,100000.00000000466
20.8,299.91162116607535,299.7804984212311,296.60561836394,299.68449639969685,298.6287926597272,100000.0,100000.00000000469
20.900000000000002,299.9008189498212,299.7705761822192,296.61563796805365,299.67521182512394,298.6264898345562,100000.0,100000.00000000471
21.0,299.8900888680829,299.76071778504047,296.6255733696962,299.6659852782679,298.6241822840487,100000.0,100000.00000000474
21.1,299.879430251719,299.750922708978,296.6354258453026,299.65681633814785,298.62187064309455,100000.0,100000.00000000476
21.200000000000003,299.8688424433273,299.7411904408501,296.6451966392058,299.64770458856253,298.6195555225347,100000.0,100000.00000000485
21.3,299.8583247969167,299.73152047482415,296.6548869645796,299.638649617997,298.61723751001546,100000.0,100000.00000000486
21.400000000000002,299.8478766775891,299.72191231223746,296.6644980043562,299.6296510195308,298.6149171708097,100000.0,100000.00000000489
21.5,299.83749746123306,299.7123654614227,296.67403091211645,299.6207083907485,298.6125950486068,100000.0,100000.00000000492
21.6,299.8271865342266,299.7028794375383,296.68348681295515,299.611821333652,298.610271666273,100000.0,100000.00000000493
21.700000000000003,299.81694329315087,299.6934537624043,296.69286680432174,299.6029894545749,298.6079475265821,100000.0,100000.00000000499
21.8,299.8067671445126,299.68408796434267,296.7021719568357,299.5942123640989,298.60562311292006,100000.0,100000.00000000502
21.900000000000002,299.7966575044758,299.6747815780225,296.7114033150793,299.58548967697135,298.6032988899624,100000.0,100000.00000000505
22.0,299.7866137986025,299.6655341443093,296.720561898366,299.5768210120264,298.60097530432705,100000.0,100000.0000000051
22.1,299.7766354616019,299.65634521011964,296.72964870148746,299.56820599210636,298.59865278520357,100000.0,100000.00000000512
22.200000000000003,299.76672193708725,299.6472143282791,296.73866469543714,299.5596442439854,298.5963317449582,100000.0,100000.00000000517
22.3,299.75687267734133,299.6381410573849,296.74761082811335,299.55113539829586,298.5940125797188,100000.0,100000.00000000521
22.400000000000002,299.7470871430887,299.62912496167246,296.7564880250011,299.5426790894553,298.59169566993677,100000.0,100000.00000000521
22.5,299.737364803276,299.6201656108859,296.7652971898331,299.53427495559595,298.5893813809303,100000.0,100000.00000000527
22.6,299.72770513485864,299.6112625801523,296.7740392052318,299.52592263849584,298.5870700634071,100000.0,100000.00000000528
22.700000000000003,299.71810762259497,299.6024154498595,296.782714933331,299.5176217835114,298.58476205396954,100000.0,100000.0000000053
22.8,299.70857175884623,299.5936238055379,296.79132521637973,299.5093720395121,298.58245767560084,100000.0,100000.00000000533
22.900000000000002,299.6990970433835,299.58488723774525,296.79987087732695,299.50117305881616,298.58015723813526,100000.0,100000.00000000538
23.0,299.68968298320067,299.576205341955,296.8083527203893,299.49302449712866,298.57786103871064,100000.0,100000.00000000541
23.1,299.6803290923325,299.5675777184481,296.8167715316007,299.48492601348056,298.57556936220595,100000.0,100000.00000000547
23.200000000000003,299.67103489167965,299.5590039722075,296.82512807934603,299.47687727016955,298.5732824816632,100000.0,100000.0000000055
23.3,299.6617999088383,299.55048371281623,296.833423114878,299.46887793270236,298.57100065869497,100000.0,100000.00000000556
23.400000000000002,299.6526236779353,299.54201655435793,296.8416573728181,299.4609276697384,298.5687241438773,100000.0,100000.00000000556
23.5,299.64350573946854,299.53360211532083,296.84983157164277,299.45302615303524,298.56645317712946,100000.0,100000.00000000562
23.6,299.6344456401522,299.52524001850384,296.85794641415407,299.44517305739504,298.56418798808085,100000.0,100000.00000000562
23.700000000000003,299.6254429327669,299.51692989092624,296.86600258793607,299.4373680606122,298.5619287964246,100000.0,100000.00000000569
23.8,299.61649717601404,299.5086713637388,296.87400076579706,299.42961084342323,298.5596758122595,100000.0,100000.00000000572
23.900000000000002,299.60760793437555,299.5004640721387,296.88194160619855,299.421901089457,298.5574292364205,100000.0,100000.00000000573
24.0,299.59877477797676,299.4923076552859,296.8898257536705,299.4142384851864,298.5551892607975,100000.0,100000.00000000576
24.1,299.5899972824543,299.4842017562227,296.8976538392141,299.4066227198816,298.5529560686431,100000.0,100000.0000000058
24.200000000000003,299.5812750288278,299.47614602179476,296.90542648069174,299.39905348556454,298.55072983487094,100000.0,100000.00000000585
24.3,299.57260760337533,299.46814010257526,296.91314428320527,299.3915304769637,298.54851072634267,100000.0,100000.00000000586
24.400000000000002,299.563994597513,299.4601836527903,296.9208078394626,299.3840533914712,298.5462989021463,100000.0,100000.00000000586
24.5,299.55543560767757,299.45227633024746,296.9284177301322,299.3766219291002,298.5440945138641,100000.0,100000.00000000594
24.6,299.5469302352132,299.44441779626544,296.9359745241877,299.3692357924437,298.5418977058326,100000.0,100000.00000000594
24.700000000000003,299.53847808626153,299.4366077156061,296.943478779241,299.36189468663423,298.53970861539284,100000.0,100000.00000000595
24.8,299.5300787716544,299.42884575640863,296.9509310418652,299.35459831930433,298.53752737313295,100000.0,100000.00000000595
24.900000000000002,299.52173190681106,299.42113159012496,296.95833184790797,299.34734640054893,298.53535410312213,100000.0,100000.00000000602
25.0,299.5134371116367,299.4134648914576,296.96568172279456,299.3401386428873,298.533188923137,100000.0,100000.00000000604
25.1,299.5051940104257,299.40584533829883,296.97298118182164,299.33297476122743,298.5310319448804,100000.0,100000.00000000607
25.200000000000003,299.49700223176694,299.3982726116718,296.98023073044226,299.3258544728297,298.52888327419254,100000.0,100000.00000000608
25.3,299.4888614084514,299.390746395673,296.9874308645417,299.31877749727283,298.52674301125575,100000.0,100000.00000000613
25.400000000000002,299.4807711773836,299.38326637741665,296.99458207070484,299.3117435564203,298.52461125079157,100000.0,100000.00000000617
25.5,299.47273117949504,299.3758322469803,297.00168482647496,299.3047523743868,298.5224880822522,100000.0,100000.00000000617
25.6,299.4647410596599,299.3684436973522,297.0087396006054,299.2978036775065,298.52037359000445,100000.0,100000.0000000062
25.700000000000003,299.45680046661386,299.36110042437986,297.01574685330183,299.2908971943017,298.5182678535086,100000.0,100000.00000000623
25.8,299.4489090528747,299.3538021267204,297.022707036459,299.28403265545205,298.516170947491,100000.0,100000.00000000629
25.900000000000002,299.4410664746657,299.34654850579136,297.0296205938882,299.2772097937649,298.5140829421102,100000.0,100000.00000000634
26.0,299.43327239184066,299.3393392657242,297.03648796153914,299.270428344146,298.5120039031189,100000.0,100000.00000000634
26.1,299.42552646781166,299.33217411331805,297.04330956771423,299.2636880435712,298.5099338920194,100000.0,100000.00000000637
26.200000000000003,299.4178283694788,299.32505275799446,297.05008583327617,299.2569886310586,298.5078729662141,100000.0,100000.00000000643
26.3,299.4101777671614,299.3179749117546,297.05681717184973,299.25032984764135,298.5058211791516,100000.0,100000.00000000646
26.400000000000002,299.4025743345318,299.3109402891364,297.06350399001633,299.24371143634124,298.5037785804674,100000.0,100000.00000000646
26.5,299.39501774855074,299.30394860717337,297.0701466875038,299.2371331421429,298.50174521611973,100000.0,100000.00000000652
26.6,299.3875076894049,299.2969995853545,297.07674565736903,299.2305947119685,298.49972112852157,100000.0,100000.00000000655
26.700000000000003,299.38004384044564,299.290092945585,297.083301286176,299.2240958946529,298.4977063566677,100000.0,100000.00000000658
26.8,299.3726258881296,299.2832284121481,297.08981395416765,299.2176364409197,298.495700936258,100000.0,100000.0000000066
26.900000000000002,299.3652535219617,299.2764057116683,297.0962840354328,299.2112161033577,298.49370489981595,100000.0,100000.00000000664
27.0,299.35792643443875,299.2696245730746,297.10271189806787,299.2048346363976,298.49171827680414,100000.0,100000.00000000668
27.1,299.3506443209951,299.262884727566,297.10909790433334,299.19849179628994,298.48974109373523,100000.0,100000.00000000672
27.200000000000003,299.34340687994984,299.2561859085764,297.11544241080594,299.19218734108244,298.4877733742793,100000.0,100000.00000000674
27.3,299.3362138124552,299.24952785174173,297.12174576852567,299.18592103059905,298.4858151393682,100000.0,100000.0000000068
27.400000000000002,299.3290648224466,299.242910294867,297.1280083231384,299.17969262641844,298.4838664072956,100000.0,100000.00000000685
27.5,299.321959616594,299.2363329778945,297.1342304150345,299.1735018918538,298.4819271938144,100000.0,100000.00000000688
27.6,299.3148979042547,299.2297956428731,297.14041237948277,299.1673485919323,298.4799975122306,100000.0,100000.0000000069
27.700000000000003,299.30787939742686,299.22329803392773,297.14655454676006,299.1612324933757,298.4780773734942,100000.0,100000.00000000696
27.8,299.3009038107052,299.21683989723,297.1526572422779,299.15515336458066,298.47616678628674,100000.0,100000.00000000698
27.900000000000002,299.2939708612372,299.2104209809693,297.1587207867043,299.14911097560037,298.47426575710625,100000.0,100000.00000000698
28.0,299.28708026868037,299.20404103532513,297.16474549608205,299.1431050981255,298.4723742903495,100000.0,100000.00000000704
28.1,299.2802317551615,299.1976998124392,297.1707316819439,299.1371355054664,298.47049238839105,100000.0,100000.00000000704
28.200000000000003,299.27342504523597,299.1913970663893,297.1766796514236,299.13120197253534,298.4686200516602,100000.0,100000.0000000071
28.3,299.2666598658491,299.1851325531627,297.1825897073641,299.1253042758291,298.4667572787148,100000.0,100000.00000000712
28.400000000000002,299.25993594629733,299.1789060306311,297.188462148422,299.11944219341177,298.4649040663131,100000.0,100000.00000000716
28.5,299.2532530181918,299.17271725852544,297.194297269169,299.11361550489846,298.46306040948303,100000.0,100000.00000000719
28.6,299.24661081542195,299.16656599841207,297.20009536019074,299.1078239914387,298.461226301589,100000.0,100000.00000000723
28.700000000000003,299.24000907412005,299.16045201366876,297.205856708182,299.1020674357003,298.4594017343968,100000.0,100000.00000000725
28.8,299.2334475326274,299.15437506946154,297.2115815960391,299.09634562185397,298.45758669813597,100000.0,100000.0000000073
28.900000000000002,299.2269259314604,299.14833493272226,297.21727030295,299.0906583355577,298.45578118156044,100000.0,100000.00000000736
29.0,299.2204440132783,299.1423313721266,297.22292310448137,299.08500536394155,298.4539851720068,100000.0,100000.00000000738
29.1,299.2140015228513,299.136364158072,297.22854027266294,299.0793864955932,298.45219865545107,100000.0,100000.00000000744
29.200000000000003,299.2075982070297,299.1304330626572,297.2341220760695,299.07380152054327,298.4504216165629,100000.0,100000.00000000744
29.3,299.20123381471365,299.12453785966125,297.2396687799006,299.06825023025067,298.4486540387587,100000.0,100000.00000000748
29.400000000000002,299.19490809682384,299.1186783245233,297.2451806460574,299.0627324175894,298.4468959042524,100000.0,100000.0000000075
29.5,299.18862080627264,299.1128542343231,297.25065793321767,299.0572478768339,298.4451471941048,100000.0,100000.00000000754
29.6,299.1823716979362,299.1070653677617,297.2561008969085,299.0517964036464,298.4434078882713,100000.0,100000.00000000758
29.700000000000003,299.17616052862724,299.1013115051425,297.26150978957645,299.04637779506305,298.4416779656476,100000.0,100000.00000000761
29.8,299.16998705706834,299.0955924283527,297.2668848606563,299.0409918494813,298.4399574041147,100000.0,100000.00000000763
29.900000000000002,299.163851043866,299.0899079208455,297.27222635663725,299.0356383666471,298.43824618058136,100000.0,100000.00000000768
30.0,299.157752251485,299.0842577676222,297.27753452112717,299.03031714764205,298.43654427102587,100000.0,100000.0000000077
30.1,299.15169044422424,299.0786417552151,297.2828095949154,299.0250279948714,298.4348516505362,100000.0,100000.00000000776
30.200000000000003,299.1456653881919,299.07305967167025,297.28805181603343,299.0197707120518,298.4331682933487,100000.0,100000.00000000777
30.3,299.1396768512824,299.0675113065313,297.2932614198133,299.0145451041995,298.43149417288527,100000.0,100000.00000000781
30.400000000000002,299.1337246031529,299.0619964508229,297.2984386389454,299.0093509776184,298.42982926179025,100000.0,100000.00000000787
30.5,299.1278084152011,299.056514897035,297.30358370353383,299.0041881398888,298.4281735319646,100000.0,100000.0000000079
30.6,299.12192806054327,299.05106643910705,297.3086968411501,298.9990563998561,298.42652695460015,100000.0,100000.00000000793
30.700000000000003,299.11608331399236,299.0456508724129,297.3137782768854,298.99395556761925,298.42488950021186,100000.0,100000.00000000799
30.8,299.1102739520376,299.04026799374583,297.318828233402,298.9888854545203,298.4232611386698,100000.0,100000.00000000803
30.900000000000002,299.1044997528235,299.0349176013038,297.32384693098186,298.9838458731335,298.421641839229,100000.0,100000.00000000806
31.0,299.09876049612996,299.0295994946749,297.32883458757544,298.97883663725435,298.42003157055933,100000.0,100000.00000000808
31.1,299.09305596335275,299.02431347482366,297.33379141884734,298.97385756188976,298.41843030077354,100000.0,100000.00000000812
31.200000000000003,299.0873859374842,299.0190593440767,297.3387176382223,298.96890846324715,298.4168379974548,100000.0,100000.00000000815
31.3,299.0817502030946,299.01383690610965,297.3436134569287,298.9639891587248,298.4152546276833,100000.0,100000.00000000818
31.400000000000002,299.07614854631356,299.0086459659334,297.34847908404157,298.9590994669017,298.41368015806137,100000.0,100000.00000000824
31.5,299.07058075481234,299.0034863298814,297.35331472652376,298.95423920752773,298.41211455473865,100000.0,100000.00000000827
31.6,299.06504661778627,298.99835780559636,297.35812058926666,298.949408201514,298.41055778343565,100000.0,100000.0000000083
31.700000000000003,299.0595459259372,298.9932602020182,297.36289687512897,298.94460627092343,298.4090098094667,100000.0,100000.00000000832
31.8,299.0540784714574,298.98819332937126,297.36764378497537,298.93983323896117,298.4074705977622,100000.0,100000.00000000835
31.900000000000002,299.0486440480122,298.98315699915224,297.37236151771276,298.9350889299656,298.4059401128903,100000.0,100000.00000000838
32.0,299.04324245072445,298.9781510241185,297.377050270327,298.9303731693991,298.404418319077,100000.0,100000.00000000844
32.1,299.03787347615867,298.9731752182761,297.38171023791745,298.92568578383896,298.40290518022675,100000.0,100000.00000000847
32.2,299.0325369223053,298.96822939686825,297.38634161373136,298.9210266009686,298.40140065994126,100000.0,100000.00000000851
32.300000000000004,299.02723258856577,298.9633133763642,297.39094458919664,298.91639544956905,298.3999047215382,100000.0,100000.00000000856
32.4,299.02196027573746,298.9584269744481,297.39551935395406,298.91179215950984,298.39841732806923,100000.0,100000.00000000861
32.5,299.01671978599927,298.95357001000775,297.400066095889,298.9072165617411,298.3969384423373,100000.0,100000.00000000864
32.6,299.01151092289734,298.94874230312416,297.4045850011612,298.90266848828463,298.39546802691297,100000.0,100000.00000000867
32.7,299.006333491331,298.94394367506095,297.40907625423506,298.8981477722262,298.3940060441512,100000.0,100000.00000000872
32.800000000000004,299.001187297539,298.9391739482538,297.4135400379081,298.8936542477066,298.39255245620615,100000.0,100000.00000000873
32.9,298.9960721490861,298.93443294630043,297.41797653333924,298.8891877499144,298.39110722504665,100000.0,100000.00000000879
33.0,298.99098785485,298.9297204939502,297.42238592007567,298.88474811507757,298.3896703124704,100000.0,100000.00000000885
33.1,298.9859342250079,298.9250364170945,297.42676837608,298.8803351804557,298.388241680118,100000.0,100000.00000000889
33.2,298.98091107102437,298.920380542757,297.43112407775584,298.87594878433214,298.38682128948636,100000.0,100000.0000000089
33.300000000000004,298.97591820563866,298.91575269908384,297.4354531999729,298.87158876600654,298.3854091019415,100000.0,100000.00000000895
33.4,298.9709554428521,298.91115271533437,297.4397559160917,298.86725496578714,298.3840050787311,100000.0,100000.000000009
33.5,298.96602259791655,298.9065804218717,297.44403239798737,298.8629472249836,298.38260918099667,100000.0,100000.000000009
33.6,298.9611194873223,298.9020356501536,297.44828281607306,298.858665385899,298.38122136978495,100000.0,100000.00000000902
33.7,298.95624592878687,298.89751823272354,297.45250733932227,298.8544092918232,298.37984160605913,100000.0,100000.00000000908
33.800000000000004,298.9514017412427,298.8930280032017,297.45670613529126,298.8501787870253,298.3784698507096,100000.0,100000.00000000911
33.9,298.94658674482696,298.8885647962762,297.4608793701404,298.8459737167466,298.37710606456426,100000.0,100000.00000000914
34.0,298.94180076087,298.88412844769454,297.4650272086552,298.8417939271936,298.3757502083986,100000.0,100000.00000000917
34.1,298.93704361188463,298.879718794255,297.46914981426676,298.8376392655308,298.374402242945,100000.0,100000.00000000921
34.2,298.93231512155546,298.8753356737982,297.47324734907147,298.8335095798743,298.3730621289025,100000.0,100000.00000000924
34.300000000000004,298.9276151147284,298.8709789251991,297.4773199738507,298.82940471928464,298.3717298269453,100000.0,100000.0000000093
34.4,298.9229434174006,298.8666483883585,297.4813678480897,298.82532453375995,298.37040529773134,100000.0,100000.00000000928
34.5,298.91829985671006,298.86234390419514,297.4853911299958,298.8212688742299,298.3690885019107,100000.0,100000.00000000931
34.6,298.9136842609257,298.8580653146379,297.4893899765167,298.81723759254834,298.3677794001334,100000.0,100000.00000000936
34.7,298.9090964594378,298.8538124626175,297.4933645433579,298.81323054148754,298.3664779530571,100000.0,100000.0000000094
34.800000000000004,298.90453628274827,298.84958519205946,297.497314985,298.8092475747312,298.3651841213545,100000.0,100000.00000000943
34.9,298.90000356246065,298.84538334787584,297.50124145471506,298.8052885468683,298.3638978657203,100000.0,100000.00000000946
35.0,298.8954981312718,298.8412067759582,297.50514410458334,298.801353313387,298.36261914687776,100000.0,100000.00000000953
35.1,298.89101982296165,298.8370553231696,297.50902308550883,298.79744173066797,298.36134792558573,100000.0,100000.00000000955
35.2,298.88656847238485,298.83292883733793,297.51287854723523,298.7935536559785,298.36008416264445,100000.0,100000.00000000958
35.300000000000004,298.8821439154616,298.82882716724816,297.5167106383607,298.78968894746635,298.35882781890194,100000.0,100000.0000000096
35.4,298.87774598916883,298.82475016263544,297.5205195063531,298.7858474641539,298.3575788552593,100000.0,100000.00000000966
35.5,298.8733745315316,298.820697674178,297.52430529756396,298.78202906593174,298.35633723267665,100000.0,100000.00000000972
35.6,298.8690293816146,298.81666955349,297.5280681572432,298.778233613553,298.35510291217844,100000.0,100000.00000000978
35.7,298.86471037951355,298.8126656531148,297.53180822955255,298.7744609686277,298.3538758548583,100000.0,100000.00000000981
35.800000000000004,298.8604173663472,298.80868582651823,297.53552565757917,298.7707109936163,298.35265602188423,100000.0,100000.00000000987
35.9,298.85615018424915,298.80472992808154,297.5392205833488,298.76698355182464,298.35144337450294,100000.0,100000.0000000099
36.0,298.85190867635936,298.8007978130952,297.54289314783887,298.763278507398,298.3502378740448,100000.0,100000.00000000992
36.1,298.8476926868168,298.79688933775185,297.54654349099076,298.7595957253152,298.3490394819279,100000.0,100000.00000000997
36.2,298.8435020607513,298.79300435914007,297.5501717517224,298.75593507138336,298.3478481596621,100000.0,100000.00000001004
36.300000000000004,298.8393366442757,298.789142735238,297.55377806794036,298.7522964122323,298.34666386885317,100000.0,100000.00000001006
36.4,298.8351962844785,298.78530432490686,297.5573625765513,298.74867961530873,298.3454865712065,100000.0,100000.00000001008
36.5,298.83108082941635,298.7814889878846,297.56092541347414,298.7450845488713,298.34431622853083,100000.0,100000.00000001011
36.6,298.8269901281062,298.77769658477985,297.5644667136505,298.74151108198504,298.34315280274154,100000.0,100000.00000001016
36.7,298.8229240305186,298.7739269770658,297.56798661105665,298.73795908451575,298.341996255864,100000.0,100000.00000001016
36.800000000000004,298.81888238756994,298.7701800270738,297.57148523871365,298.734428427125,298.34084655003693,100000.0,100000.00000001022
36.9,298.8148650511156,298.76645559798794,297.5749627286982,298.730918981265,298.3397036475153,100000.0,100000.00000001024
37.0,298.81087187394274,298.76275355383837,297.5784192121531,298.727430619173,298.33856751067304,100000.0,100000.00000001029
37.1,298.80690270976356,298.75907375949595,297.58185481929735,298.72396321386645,298.3374381020061,100000.0,100000.00000001033
37.2,298.8029574132081,298.7554160806663,297.5852696794359,298.7205166391379,298.336315384135,100000.0,100000.00000001036
37.300000000000004,298.7990358398178,298.75178038388384,297.5886639209698,298.7170907695497,298.33519931980703,100000.0,100000.00000001042
37.4,298.7951378460384,298.7481665365064,297.5920376714053,298.7136854804293,298.33408987189915,100000.0,100000.00000001045
37.5,298.7912632892138,298.74457440670926,297.5953910573635,298.71030064786413,298.3329870034199,100000.0,100000.0000000105
37.6,298.78741202757897,298.74100386347976,297.59872420458953,298.70693614869634,298.33189067751135,100000.0,100000.00000001054
37.7,298.78358392025393,298.73745477661174,297.6020372379613,298.7035918605187,298.33080085745195,100000.0,100000.00000001058
37.800000000000004,298.779778827237,298.7339270166999,297.6053302814987,298.700267661669,298.3297175066576,100000.0,100000.00000001062
37.9,298.7759966093987,298.7304204551347,297.60860345837204,298.6969634312254,298.32864058868375,100000.0,100000.00000001065
38.0,298.7722371284756,298.7269349640966,297.61185689091025,298.6936790490021,298.32757006722767,100000.0,100000.00000001068
38.1,298.76850024706357,298.7234704165509,297.6150907006098,298.69041439554417,298.3265059061293,100000.0,100000.00000001074
38.2,298.76478582861256,298.72002668624265,297.61830500814256,298.68716935212285,298.32544806937335,100000.0,100000.00000001074
38.300000000000004,298.76109373741957,298.71660364769104,297.6214999333637,298.6839438007312,298.3243965210904,100000.0,100000.0000000108
38.400000000000006,298.7574238386235,298.7132011761846,297.6246755953198,298.6807376240792,298.32335122555884,100000.0,100000.00000001083
38.5,298.7537759981987,298.7098191477759,297.62783211225627,298.6775507055893,298.3223121472055,100000.0,100000.00000001086
38.6,298.7501500829494,298.7064574392763,297.63096960162557,298.6743829293919,298.32127925060735,100000.0,100000.00000001088
38.7,298.7465459605038,298.70311592825135,297.6340881800937,298.67123418032094,298.3202525004925,100000.0,100000.00000001094
38.800000000000004,298.74296349930825,298.69979449301536,297.6371879635487,298.66810434390885,298.31923186174123,100000.0,100000.00000001094
38.900000000000006,298.73940256862187,298.69649301262683,297.6402690671066,298.6649933063831,298.31821729938724,100000.0,100000.00000001097
39.0,298.7358630385107,298.69321136688313,297.64333160511944,298.6619009546609,298.31720877861807,100000.0,100000.00000001103
39.1,298.73234477984204,298.68994943631617,297.6463756911819,298.65882717634526,298.31620626477667,100000.0,100000.00000001107
39.2,298.7288476642794,298.68670710218703,297.64940143813794,298.6557718597206,298.3152097233616,100000.0,100000.00000001113
39.300000000000004,298.72537156427654,298.6834842464817,297.6524089580878,298.65273489374835,298.31421912002816,100000.0,100000.00000001118
39.400000000000006,298.72191635307246,298.6802807519058,297.6553983623946,298.64971616806304,298.31323442058886,100000.0,100000.0000000112
39.5,298.7184819046858,298.67709650188056,297.65836976169044,298.64671557296737,298.3122555910142,100000.0,100000.00000001123
39.6,298.7150680939098,298.6739313805376,297.6613232658834,298.6437329994287,298.3112825974332,100000.0,100000.00000001126
39.7,298.71167479630685,298.6707852727145,297.6642589841633,298.64076833907455,298.3103154061339,100000.0,100000.00000001129
39.800000000000004,298.7083018882034,298.6676580639504,297.6671770250083,298.6378214841884,298.309353983564,100000.0,100000.00000001132
39.900000000000006,298.7049492466848,298.66454964048125,297.67007749619063,298.63489232770576,298.3083982963308,100000.0,100000.00000001138
40.0,298.7016167495904,298.66145988923546,297.67296050478274,298.6319807632099,298.3074483112022,100000.0,100000.00000001141
40.1,298.69830427550824,298.65838869782925,297.67582615716327,298.62908668492815,298.3065039951068,100000.0,100000.00000001144
40.2,298.6950117037701,298.6553359545624,297.67867455902285,298.62620998772735,298.30556531513395,100000.0,100000.00000001147
40.300000000000004,298.69173891444666,298.6523015484139,297.6815058153697,298.6233505671102,298.3046322385344,100000.0,100000.00000001153
40.400000000000006,298.68848578834275,298.64928536903744,297.68432003053533,298.6205083192114,298.3037047327201,100000.0,100000.00000001155
40.5,298.6852522069921,298.6462873067572,297.6871173081802,298.61768314079336,298.30278276526474,100000.0,100000.0000000116
40.6,298.6820380526529,298.64330725256355,297.68989775129893,298.61487492924255,298.3018663039036,100000.0,100000.00000001164
40.7,298.6788432083027,298.6403450981087,297.69266146222606,298.61208358256556,298.3009553165338,100000.0,100000.00000001169
40.800000000000004,298.67566755763403,298.63740073570267,297.695408542641,298.60930899938523,298.30004977121433,100000.0,100000.00000001171
40.900000000000006,298.67251098504937,298.634474058309,297.6981390935737,298.60655107893683,298.29914963616613,100000.0,100000.00000001176
41.0,298.66937337565685,298.63156495954075,297.7008532154091,298.6038097210643,298.2982548797718,100000.0,100000.00000001179
41.1,298.6662546152655,298.628673333656,297.7035510078931,298.6010848262163,298.29736547057604,100000.0,100000.00000001182
41.2,298.6631545903804,298.62579907555414,297.70623257013705,298.5983762954428,298.29648137728503,100000.0,100000.00000001185
41.300000000000004,298.6600731881987,298.62294208077174,297.7088980006227,298.59568403039106,298.295602568767,100000.0,100000.0000000119
41.400000000000006,298.65701029660454,298.6201022454785,297.71154739720737,298.5930079333021,298.2947290140513,100000.0,100000.0000000119
41.5,298.65396580416535,298.6172794664732,297.71418085712844,298.5903479070069,298.29386068232907,100000.0,100000.00000001193
41.6,298.6509396001266,298.61447364117964,297.7167984770085,298.58770385492295,298.2929975429524,100000.0,100000.00000001199
41.7,298.647931574408,298.6116846676432,297.7194003528597,298.5850756810505,298.29213956543447,100000.0,100000.00000001202
41.800000000000004,298.644941617599,298.60891244452625,297.7219865800886,298.58246328996887,298.2912867194493,100000.0,100000.00000001205
41.900000000000006,298.6419696209543,298.60615687110476,297.7245572535004,298.57986658683313,298.29043897483155,100000.0,100000.00000001209
42.0,298.63901547639,298.6034178472644,297.72711246730415,298.57728547737037,298.28959630157584,100000.0,100000.00000001214
42.1,298.63607907647884,298.6006952734964,297.7296523151165,298.5747198678763,298.2887586698371,100000.0,100000.00000001218
42.2,298.63316031444646,298.5979890508942,297.7321768899666,298.5721696652117,298.28792604992987,100000.0,100000.00000001222
42.300000000000004,298.63025908416705,298.59529908114945,297.7346862843001,298.56963477679875,298.28709841232785,100000.0,100000.00000001225
42.400000000000006,298.6273752801591,298.5926252665483,297.7371805899836,298.567115110618,298.286275727664,100000.0,100000.00000001228
42.5,298.6245087975815,298.58996750996755,297.73965989830907,298.5646105752047,298.28545796672984,100000.0,100000.00000001231
42.6,298.6216595322293,298.58732571487144,297.7421242999978,298.56212107964535,298.2846451004751,100000.0,100000.00000001234
42.7,298.61882738052975,298.5846997853074,297.74457388520455,298.5596465335743,298.2838371000073,100000.0,100000.00000001238
42.800000000000004,298.61601223953846,298.5820896259029,297.74700874352203,298.5571868471707,298.28303393659155,100000.0,100000.00000001243
42.900000000000006,298.6132140069351,298.57949514186146,297.7494289639842,298.55474193115487,298.28223558165,100000.0,100000.00000001246
43.0,298.61043258101967,298.57691623895937,297.7518346350713,298.55231169678495,298.2814420067612,100000.0,100000.00000001251
43.1,298.60766786070843,298.5743528235422,297.75422584471283,298.5498960558538,298.2806531836599,100000.0,100000.00000001256
43.2,298.6049197455303,298.5718048025208,297.7566026802921,298.5474949206858,298.27986908423674,100000.0,100000.0000000126
43.300000000000004,298.60218813562267,298.5692720833683,297.7589652286499,298.5451082041331,298.2790896805372,100000.0,100000.00000001263
43.400000000000006,298.59947293172775,298.56675457411643,297.76131357608824,298.5427358195732,298.27831494476146,100000.0,100000.00000001267
43.5,298.59677403518873,298.564252183352,297.76364780837434,298.5403776809049,298.2775448492641,100000.0,100000.0000000127
43.6,298.5940913479461,298.5617648202137,297.76596801074413,298.5380337025458,298.27677936655317,100000.0,100000.00000001275
43.7,298.59142477253374,298.5592923943883,297.76827426790646,298.5357037994288,298.27601846929,100000.0,100000.00000001278
43.800000000000004,298.58877421207535,298.5568348161079,297.77056666404604,298.5333878869988,298.27526213028847,100000.0,100000.00000001283
43.900000000000006,298.58613957028075,298.5543919961457,297.7728452828277,298.5310858812102,298.27451032251446,100000.0,100000.00000001286
44.0,298.58352075144194,298.55196384581353,297.7751102073995,298.52879769852274,298.2737630190853,100000.0,100000.00000001286
44.1,298.58091766043003,298.54955027695803,297.7773615203969,298.52652325589975,298.2730201932695,100000.0,100000.00000001295
44.2,298.57833020269095,298.54715120195743,297.7795993039455,298.524262470804,298.2722818184858,100000.0,100000.00000001298
44.300000000000004,298.5757582842426,298.5447665337184,297.7818236396653,298.52201526119524,298.2715478683027,100000.0,100000.00000001301
44.400000000000006,298.57320181167063,298.5423961856728,297.78403460867355,298.51978154552677,298.270818316438,100000.0,100000.00000001304
44.5,298.5706606921252,298.54004007177434,297.7862322915886,298.517561242743,298.2700931367581,100000.0,100000.0000000131
44.6,298.5681348333177,298.5376981064954,297.7884167685329,298.5153542722759,298.26937230327746,100000.0,100000.00000001314
44.7,298.56562414351674,298.53537020482383,297.7905881191368,298.51316055404226,298.2686557901579,100000.0,100000.00000001321
44.800000000000004,298.5631285315452,298.5330562822601,297.7927464225414,298.5109800084408,298.26794357170803,100000.0,100000.00000001324
44.900000000000006,298.56064790677647,298.53075625481364,297.7948917574022,298.5088125563493,298.26723562238294,100000.0,100000.00000001329
45.0,298.5581821791312,298.5284700390001,297.79702420189204,298.5066581191214,298.266531916783,100000.0,100000.00000001334
45.1,298.5557312590739,298.5261975518382,297.79914383370476,298.504516618584,298.2658324296537,100000.0,100000.00000001339
45.2,298.5532950576095,298.52393871084644,297.8012507300579,298.5023879770343,298.2651371358848,100000.0,100000.00000001342
45.300000000000004,298.55087348628,298.52169343404034,297.8033449676964,298.5002721172368,298.26444601050986,100000.0,100000.00000001345
45.400000000000006,298.5484664571614,298.51946163992926,297.805426622895,298.49816896242083,298.2637590287054,100000.0,100000.00000001349
45.5,298.54607388286007,298.5172432475133,297.8074957714623,298.4960784362773,298.26307616579044,100000.0,100000.00000001355
45.6,298.5436956765097,298.51503817628037,297.80955248874295,298.49400046295614,298.26239739722587,100000.0,100000.00000001362
45.7,298.54133175176787,298.51284634620333,297.8115968496213,298.49193496706357,298.26172269861365,100000.0,100000.00000001365
45.800000000000004,298.53898202281323,298.51066767773693,297.81362892852405,298.48988187365916,298.2610520456962,100000.0,100000.00000001368
45.900000000000006,298.5366464043417,298.5085020918149,297.81564879942374,298.4878411082531,298.2603854143558,100000.0,100000.00000001371
46.0,298.5343248115638,298.5063495098468,297.81765653584097,298.4858125968037,298.259722780614,100000.0,100000.00000001374
46.1,298.5320171602011,298.50420985371557,297.81965221084806,298.48379626571443,298.25906412063097,100000.0,100000.00000001378
46.2,298.5297233664835,298.5020830457744,297.8216358970717,298.4817920418314,298.25840941070453,100000.0,100000.00000001381
46.300000000000004,298.5274433471458,298.49996900884355,297.82360766669575,298.47979985244035,298.2577586272698,100000.0,100000.00000001387
46.400000000000006,298.5251770194245,298.4978676662084,297.8255675914642,298.4778196252645,298.2571117468987,100000.0,100000.00000001391
46.5,298.5229243010551,298.49577894161547,297.82751574268406,298.47585128846146,298.2564687462988,100000.0,100000.00000001394
46.6,298.5206851102689,298.4937027592705,297.82945219122814,298.4738947706209,298.2558296023131,100000.0,100000.00000001397
46.7,298.5184593657899,298.4916390438354,297.8313770075379,298.4719500007617,298.255194291919,100000.0,100000.00000001403
46.800000000000004,298.51624698683156,298.4895877204253,297.8332902616262,298.4700169083296,298.25456279222783,100000.0,100000.00000001407
46.900000000000006,298.51404789309436,298.48754871460585,297.8351920230799,298.46809542319437,298.2539350804843,100000.0,100000.00000001409
47.0,298.5118620047623,298.48552195239085,297.837082361063,298.4661854756475,298.2533111340658,100000.0,100000.00000001412
47.1,298.5096892425003,298.48350736023895,297.83896134431876,298.4642869963993,298.2526909304813,100000.0,100000.00000001414
47.2,298.5075295274511,298.48150486505136,297.8408290411731,298.4623999165768,298.2520744473714,100000.0,100000.0000000142
47.300000000000004,298.50538278123224,298.4795143941691,297.84268551953653,298.4605241677209,298.25146166250704,100000.0,100000.00000001426
47.400000000000006,298.5032489259334,298.4775358753702,297.8445308469075,298.4586596817841,298.2508525537892,100000.0,100000.00000001429
47.5,298.50112788411343,298.47556923686716,297.8463650903744,298.4568063911278,298.25024709924793,100000.0,100000.00000001433
47.6,298.4990195787974,298.4736144073043,297.8481883166186,298.45496422851994,298.2496452770422,100000.0,100000.00000001438
47.7,298.49692393347374,298.471671315755,297.85000059191674,298.4531331271326,298.24904706545874,100000.0,100000.00000001445
47.800000000000004,298.49484087209174,298.4697398917194,297.8518019821437,298.4513130205395,298.2484524429114,100000.0,100000.0000000145
47.900000000000006,298.4927703190583,298.4678200651215,297.8535925527747,298.44950384271345,298.24786138794093,100000.0,100000.00000001452
48.0,298.4907121992354,298.4659117663069,297.855372368888,298.4477055280243,298.24727387921376,100000.0,100000.00000001458
48.1,298.4886664379374,298.4640149260398,297.8571414951675,298.44591801123613,298.24668989552174,100000.0,100000.00000001464
48.2,298.486632960928,298.46212947550106,297.8588999959051,298.4441412275051,298.2461094157813,100000.0,100000.00000001464
48.300000000000004,298.4846116944176,298.4602553462851,297.86064793500327,298.442375112377,298.2455324190327,100000.0,100000.00000001471
48.400000000000006,298.48260256506103,298.45839247039794,297.8623853759773,298.44061960178516,298.2449588844398,100000.0,100000.00000001476
48.5,298.4806054999541,298.45654078025404,297.8641123819581,298.43887463204754,298.24438879128877,100000.0,100000.0000000148
48.6,298.47862042663144,298.4547002086746,297.8658290156941,298.437140139865,298.24382211898796,100000.0,100000.00000001484
48.7,298.4766472730638,298.45287068888445,297.86753533955425,298.4354160623188,298.24325884706695,100000.0,100000.00000001487
48.800000000000004,298.4746859676551,298.45105215451014,297.86923141552984,298.43370233686807,298.242698955176,100000.0,100000.0000000149
48.900000000000006,298.47273643924007,298.44924453957685,297.8709173052373,298.4319989013478,298.2421424230855,100000.0,100000.00000001496
49.0,298.47079861708164,298.44744777850684,297.8725930699202,298.43030569396655,298.241589230685,100000.0,100000.00000001497
49.1,298.46887243086826,298.4456618061162,297.8742587704517,298.42862265330416,298.241039357983,100000.0,100000.00000001502
49.2,298.46695781071116,298.44388655761315,297.8759144673371,298.42694971830934,298.2404927851059,100000.0,100000.00000001506
49.300000000000004,298.4650546871421,298.4421219685952,297.87756022071574,298.42528682829777,298.2399494922976,100000.0,100000.00000001508
49.400000000000006,298.46316299111066,298.44036797504697,297.8791960903635,298.42363392294976,298.2394094599188,100000.0,100000.00000001512
49.5,298.4612826539817,298.438624513338,297.880822135695,298.4219909423078,298.2388726684462,100000.0,100000.00000001516
49.6,298.4594136075327,298.4368915202201,297.88243841576593,298.42035782677476,298.23833909847235,100000.0,100000.00000001522
49.7,298.4575557839519,298.4351689328255,297.884044989275,298.41873451711155,298.2378087307042,100000.0,100000.00000001525
49.800000000000004,298.4557091158346,298.4334566886639,297.8856419145667,298.41712095443495,298.23728154596324,100000.0,100000.00000001528
49.900000000000006,298.4538735361822,298.4317547256209,297.8872292496328,298.4155170802154,298.2367575251844,100000.0,100000.00000001531
50.0,298.45204897839835,298.4300629819553,297.8888070521152,298.4139228362752,298.23623664941573,100000.0,100000.00000001537
50.1,298.4502353762876,298.4283813962969,297.89037537930756,298.4123381647858,298.2357188998174,100000.0,100000.0000000154
50.2,298.44843266405223,298.4267099076443,297.8919342881578,298.4107630082664,298.23520425766156,100000.0,100000.00000001545
50.300000000000004,298.4466407762902,298.4250484553628,297.8934838352701,298.40919730958115,298.23469270433117,100000.0,100000.00000001548
50.400000000000006,298.4448596479928,298.42339697918203,297.895024076907,298.40764101193776,298.2341842213199,100000.0,100000.00000001553
50.5,298.44308921454194,298.4217554191936,297.89655506899163,298.4060940588849,298.2336787902309,100000.0,100000.00000001557
50.6,298.4413294117082,298.4201237158495,297.8980768671095,298.4045563943103,298.2331763927769,100000.0,100000.0000000156
50.7,298.4395801756482,298.41850180995914,297.8995895265111,298.40302796243896,298.23267701077907,100000.0,100000.00000001566
50.800000000000004,298.43784144290225,298.41688964268803,297.90109310211335,298.40150870783077,298.23218062616655,100000.0,100000.00000001572
50.900000000000006,298.4361131503923,298.41528715555467,297.9025876485022,298.3999985753786,298.23168722097597,100000.0,100000.00000001575
51.0,298.4343952354195,298.4136942904295,297.90407321993433,298.39849751030647,298.2311967773506,100000.0,100000.0000000158
51.1,298.43268763566164,298.41211098953175,297.90554987033926,298.3970054581673,298.23070927753986,100000.0,100000.00000001585
51.2,298.43099028917135,298.41053719542816,297.90701765332136,298.39552236484116,298.23022470389895,100000.0,100000.00000001589
51.300000000000004,298.4293031343734,298.4089728510304,297.90847662216186,298.3940481765331,298.2297430388878,100000.0,100000.00000001592
51.400000000000006,298.4276261100629,298.40741789959316,297.9099268298209,298.39258283977125,298.2292642650708,100000.0,100000.00000001596
51.5,298.4259591554025,298.405872284712,297.91136832893926,298.39112630140517,298.22878836511603,100000.0,100000.000000016
51.6,298.4243022099207,298.40433595032147,297.91280117184067,298.3896785086033,298.2283153217949,100000.0,100000.00000001605
51.7,298.42265521350953,298.40280884069284,297.91422541053345,298.3882394088517,298.2278451179812,100000.0,100000.00000001608
51.800000000000004,298.4210181064219,298.4012909004323,297.9156410967125,298.38680894995167,298.2273777366509,100000.0,100000.00000001612
51.900000000000006,298.41939082927,298.39978207447876,297.9170482817613,298.3853870800181,298.2269131608812,100000.0,100000.00000001615
52.0,298.4177733230231,298.3982823081019,297.918447016754,298.3839737474776,298.2264513738503,100000.0,100000.00000001621
52.1,298.41616552900473,298.3967915469002,297.9198373524567,298.3825689010663,298.2259923588365,100000.0,100000.00000001624
52.2,298.41456738889144,298.39530973679894,297.92121933933004,298.38117248982843,298.2255360992179,100000.0,100000.00000001627
52.300000000000004,298.4129788447101,298.3938368240483,297.92259302753064,298.3797844631141,298.22508257847153,100000.0,100000.0000000163
52.400000000000006,298.4113998388358,298.39237275522134,297.92395846691295,298.3784047705778,298.22463178017307,100000.0,100000.00000001634
52.5,298.40983031399026,298.39091747721204,297.9253157070316,298.37703336217623,298.2241836879961,100000.0,100000.00000001639
52.6,298.4082702132389,298.3894709372334,297.92666479714217,298.3756701881668,298.2237382857117,100000.0,100000.00000001641
52.7,298.40671947998953,298.3880330828154,297.9280057862044,298.3743151991055,298.22329555718756,100000.0,100000.00000001647
52.800000000000004,298.40517805799,298.38660386180345,297.9293387228828,298.3729683458455,298.2228554863877,100000.0,100000.0000000165
52.900000000000006,298.403645891326,298.3851832223561,297.930663655549,298.3716295795348,298.22241805737207,100000.0,100000.00000001653
53.0,298.40212292441925,298.3837711129432,297.9319806322836,298.3702988516151,298.2219832542954,100000.0,100000.0000000166
53.1,298.40060910202544,298.38236748234425,297.93328970087776,298.36897611381954,298.22155106140724,100000.0,100000.00000001663
53.2,298.399104369232,298.38097227964647,297.9345909088349,298.3676613181712,298.2211214630512,100000.0,100000.00000001666
53.300000000000004,298.3976086714565,298.37958545424283,297.93588430337246,298.3663544169814,298.2206944436642,100000.0,100000.00000001668
53.400000000000006,298.3961219544443,298.37820695583025,297.937169931424,298.3650553628476,298.22026998777625,100000.0,100000.00000001672
53.5,298.39464416426665,298.3768367344078,297.9384478396405,298.36376410865216,298.21984808000985,100000.0,100000.00000001675
53.6,298.393175247319,298.37547474027497,297.93971807439215,298.3624806075603,298.21942870507917,100000.0,100000.00000001682
53.7,298.39171515031853,298.3741209240295,297.94098068177027,298.3612048130186,298.2190118477898,100000.0,100000.00000001684
53.800000000000004,298.39026382030283,298.3727752365662,297.9422357075888,298.3599366787531,298.2185974930381,100000.0,100000.00000001687
53.900000000000006,298.3888212046274,298.37143762907465,297.94348319738606,298.3586761587678,298.2181856258108,100000.0,100000.00000001691
54.0,298.38738725096414,298.3701080530376,297.94472319642637,298.3574232073429,298.2177762311843,100000.0,100000.00000001695
54.1,298.38596190729925,298.36878646022916,297.94595574970185,298.35617777903315,298.21736929432416,100000.0,100000.00000001701
54.2,298.3845451219314,298.3674728027132,297.94718090193385,298.3549398286663,298.2169648004846,100000.0,100000.00000001704
54.300000000000004,298.38313684346986,298.3661670328414,297.9483986975749,298.3537093113412,298.21656273500827,100000.0,100000.00000001707
54.400000000000006,298.3817370208326,298.36486910325175,297.94960918080994,298.35248618242656,298.2161630833251,100000.0,100000.00000001711
54.5,298.3803456032443,298.3635789668665,297.9508123955583,298.351270397559,298.2157658309525,100000.0,100000.00000001717
54.6,298.37896254023485,298.3622965768908,297.9520083854751,298.3500619126415,298.21537096349425,100000.0,100000.00000001723
54.7,298.3775877816371,298.3610218868108,297.953197193953,298.3488606838419,298.21497846664033,100000.0,100000.00000001724
54.800000000000004,298.37622127758544,298.35975485039194,297.95437886412367,298.3476666675913,298.2145883261664,100000.0,100000.00000001727
54.900000000000006,298.37486297851365,298.3584954216774,297.95555343885934,298.3464798205824,298.2142005279331,100000.0,100000.00000001732
55.0,298.3735128351533,298.3572435549864,297.95672096077453,298.34530009976794,298.21381505788577,100000.0,100000.00000001736
55.1,298.3721707985319,298.35599920491245,297.95788147222754,298.3441274623592,298.21343190205386,100000.0,100000.0000000174
55.2,298.370836819971,298.35476232632175,297.9590350153218,298.34296186582446,298.21305104655033,100000.0,100000.00000001743
55.300000000000004,298.36951085108467,298.3535328743516,297.96018163190774,298.3418032678873,298.2126724775714,100000.0,100000.00000001748
55.400000000000006,298.3681928437775,298.3523108044087,297.96132136358426,298.34065162652524,298.21229618139574,100000.0,100000.00000001754
55.5,298.366882750243,298.3510960721676,297.96245425169997,298.33950689996806,298.21192214438435,100000.0,100000.00000001756
55.6,298.365580522962,298.3498886335689,297.963580337355,298.3383690466966,298.2115503529797,100000.0,100000.00000001761
55.7,298.36428611470035,298.3486884448181,297.96469966140234,298.3372380254407,298.2111807937055,100000.0,100000.00000001764
55.800000000000004,298.36299947850785,298.3474954623833,297.9658122644495,298.3361137951782,298.2108134531663,100000.0,100000.00000001768
55.900000000000006,298.36172056771636,298.34630964299436,297.9669181868597,298.3349963151333,298.2104483180466,100000.0,100000.00000001772
56.0,298.3604493359378,298.3451309436409,297.9680174687537,298.33388554477506,298.21008537511074,100000.0,100000.00000001772
56.1,298.35918573706294,298.34395932157076,297.9691101500111,298.33278144381575,298.2097246112025,100000.0,100000.00000001775
56.2,298.3579297252592,298.34279473428865,297.9701962702717,298.3316839722098,298.20936601324416,100000.0,100000.00000001781
56.300000000000004,298.35668125496954,298.34163713955434,297.97127586893697,298.3305930901519,298.20900956823664,100000.0,100000.00000001784
56.400000000000006,298.35544028091044,298.3404864953813,297.97234898517183,298.32950875807603,298.2086552632584,100000.0,100000.00000001788
56.5,298.3542067580702,298.33934276003527,297.9734156579055,298.3284309366535,298.2083030854655,100000.0,100000.00000001791
56.6,298.3529806417076,298.3382058920324,297.9744759258335,298.3273595867918,298.2079530220911,100000.0,100000.00000001796
56.7,298.3517618873501,298.3370758501382,297.97552982741854,298.32629466963334,298.2076050604444,100000.0,100000.000000018
56.800000000000004,298.3505504507924,298.3359525933656,297.9765774008924,298.3252361465538,298.20725918791106,100000.0,100000.00000001804
56.900000000000006,298.34934628809435,298.33483608097373,297.9776186842569,298.32418397916064,298.20691539195207,100000.0,100000.00000001807
57.0,298.34814935557984,298.3337262724664,297.9786537152857,298.323138129292,298.2065736601038,100000.0,100000.00000001812
57.1,298.34695960983527,298.3326231275906,297.9796825315253,298.32209855901516,298.206233979977,100000.0,100000.00000001816
57.2,298.3457770077074,298.33152660633505,297.9807051702966,298.3210652306252,298.205896339257,100000.0,100000.00000001819
57.300000000000004,298.34460150630247,298.33043666892866,297.9817216686963,298.32003810664355,298.2055607257025,100000.0,100000.00000001825
57.400000000000006,298.3434330629841,298.32935327583925,297.9827320635982,298.3190171498166,298.2052271271461,100000.0,100000.00000001828
57.5,298.342271635372,298.328276387772,297.98373639165425,298.31800232311474,298.2048955314928,100000.0,100000.00000001832
57.6,298.34111718134056,298.3272059656682,297.9847346892967,298.3169935897304,298.20456592672053,100000.0,100000.00000001834
57.7,298.33996965901696,298.32614197070336,297.98572699273836,298.31599091307714,298.2042383008791,100000.0,100000.0000000184
57.800000000000004,298.3388290267799,298.32508436428645,297.9867133379748,298.31499425678817,298.20391264208985,100000.0,100000.00000001842
57.900000000000006,298.33769524325794,298.3240331080581,297.98769376078513,298.31400358471524,298.2035889385455,100000.0,100000.0000000185
58.0,298.3365682673284,298.3229881638891,297.98866829673364,298.313018860927,298.2032671785095,100000.0,100000.00000001851
58.1,298.33544805811516,298.32194949387934,297.98963698117075,298.3120400497078,298.2029473503157,100000.0,100000.00000001854
58.2,298.3343345749878,298.32091706035646,297.9905998492346,298.31106711555657,298.20262944236765,100000.0,100000.00000001855
58.300000000000004,298.33322777755996,298.31989082587404,297.9915569358524,298.31010002318544,298.2023134431389,100000.0,100000.00000001863
58.400000000000006,298.3321276256875,298.3188707532106,297.9925082757411,298.3091387375183,298.20199934117164,100000.0,100000.00000001864
58.5,298.3310340794677,298.31785680536836,297.99345390340955,298.3081832236898,298.20168712507706,100000.0,100000.00000001868
58.6,298.32994709923724,298.3168489455714,297.99439385315884,298.3072334470438,298.2013767835345,100000.0,100000.00000001874
58.7,298.3288666455711,298.3158471372649,297.99532815908435,298.3062893731323,298.2010683052913,100000.0,100000.0000000188
58.800000000000004,298.3277926792809,298.3148513441133,297.99625685507635,298.30535096771433,298.20076167916216,100000.0,100000.00000001882
58.900000000000006,298.3267251614137,298.3138615299996,297.99717997482185,298.30441819675417,298.2004568940289,100000.0,100000.00000001884
59.0,298.3256640532504,298.3128776590231,297.9980975518051,298.3034910264207,298.20015393884,100000.0,100000.00000001889
59.1,298.32460931630453,298.31189969549933,297.9990096193095,298.302569423086,298.19985280261034,100000.0,100000.00000001896
59.2,298.3235609123206,298.31092760395757,297.9999162104184,298.301653353324,298.19955347442055,100000.0,100000.00000001899
59.300000000000004,298.3225188032729,298.3099613491404,298.0008173580163,298.3007427839092,298.1992559434168,100000.0,100000.000000019
59.400000000000006,298.3214829513639,298.309000896002,298.0017130947905,298.2998376818157,298.19896019881037,100000.0,100000.00000001905
59.5,298.3204533190235,298.3080462097069,298.00260345323153,298.298938014216,298.1986662298771,100000.0,100000.0000000191
59.6,298.31942986890664,298.307097255629,298.0034884656351,298.2980437484796,298.1983740259575,100000.0,100000.00000001912
59.7,298.31841256389293,298.30615399935004,298.00436816410263,298.29715485217207,298.1980835764557,100000.0,100000.00000001918
59.800000000000004,298.31740136708464,298.3052164066584,298.0052425805429,298.29627129305345,298.1977948708395,100000.0,100000.00000001924
59.900000000000006,298.31639624180576,298.3042844435479,298.0061117466731,298.2953930390776,298.1975078986399,100000.0,100000.00000001928
60.0,298.31539715160045,298.30335807621657,298.0069756940197,298.2945200583909,298.1972226494507,100000.0,100000.00000001932
60.1,298.3144040602318,298.3024372710654,298.0078344539199,298.29365231933065,298.1969391129281,100000.0,100000.00000001934
60.2,298.3134169316804,298.30152199469717,298.0086880575227,298.29278979042454,298.19665727879027,100000.0,100000.00000001938
60.300000000000004,298.3124357301434,298.3006122139151,298.00953653578995,298.2919324403891,298.19637713681726,100000.0,100000.00000001941
60.400000000000006,298.31146042003263,298.2997078957218,298.0103799194975,298.2910802381288,298.19609867685034,100000.0,100000.00000001947
60.5,298.3104909659737,298.29880900731814,298.01121823923654,298.29023315273486,298.19582188879167,100000.0,100000.00000001953
60.6,298.3095273328048,298.2979155161016,298.01205152541434,298.28939115348385,298.1955467626041,100000.0,100000.00000001953
60.7,298.3085694855751,298.2970273896659,298.01287980825543,298.2885542098371,298.1952732883106,100000.0,100000.0000000196
60.800000000000004,298.3076173895437,298.296144595799,298.0137031178032,298.28772229143914,298.19500145599403,100000.0,100000.00000001965
60.900000000000006,298.3066710101782,298.2952671024823,298.0145214839202,298.2868953681167,298.19473125579685,100000.0,100000.00000001967
61.0,298.30573031315384,298.29439487788954,298.01533493628983,298.286073409878,298.19446267792046,100000.0,100000.00000001973
61.1,298.30479526435164,298.2935278903856,298.0161435044172,298.28525638691093,298.1941957126253,100000.0,100000.00000001975
61.2,298.3038658298577,298.2926661085252,298.01694721763,298.2844442695828,298.19393035023,100000.0,100000.0000000198
61.300000000000004,298.30294197596163,298.29180950105206,298.01774610508016,298.2836370284385,298.19366658111153,100000.0,100000.00000001985
61.400000000000006,298.3020236691557,298.2909580368974,298.01854019574427,298.2828346342,298.19340439570436,100000.0,100000.00000001989
61.5,298.30111087613307,298.290111685179,298.01932951842485,298.28203705776497,298.1931437845007,100000.0,100000.00000001992
61.6,298.300203563787,298.28927041520024,298.02011410175163,298.2812442702058,298.1928847380493,100000.0,100000.00000001998
61.7,298.29930169920976,298.28843419644863,298.0208939741822,298.2804562427686,298.1926272469562,100000.0,100000.00000002
61.800000000000004,298.298405249691,298.28760299859493,298.0216691640034,298.2796729468723,298.1923713018834,100000.0,100000.00000002005
61.900000000000006,298.2975141827168,298.2867767914921,298.02243969933215,298.27889435410714,298.19211689354904,100000.0,100000.00000002008
62.0,298.2966284659684,298.28595554517415,298.0232056081163,298.27812043623413,298.1918640127271,100000.0,100000.00000002011
62.1,298.2957480673214,298.28513922985485,298.02396691813635,298.27735116518386,298.1916126502468,100000.0,100000.00000002018
62.2,298.2948729548441,298.2843278159269,298.02472365700544,298.2765865130553,298.19136279699234,100000.0,100000.0000000202
62.300000000000004,298.29400309679636,298.2835212739608,298.02547585217104,298.27582645211515,298.19111444390273,100000.0,100000.00000002026
62.400000000000006,298.2931384616289,298.28271957470383,298.02622353091596,298.2750709547965,298.1908675819714,100000.0,100000.00000002029
62.5,298.2922790179819,298.2819226890787,298.02696672035904,298.27431999369793,298.19062220224566,100000.0,100000.00000002033
62.6,298.29142473468363,298.281130588183,298.0277054474561,298.2735735415827,298.1903782958268,100000.0,100000.00000002037
62.7,298.29057558074965,298.2803432432876,298.0284397390015,298.27283157137754,298.1901358538693,100000.0,100000.0000000204
62.800000000000004,298.2897315253815,298.279560625836,298.02916962162817,298.2720940561717,298.1898948675808,100000.0,100000.00000002045
62.900000000000006,298.28889253796575,298.27878270744316,298.0298951218095,298.27136096921595,298.1896553282217,100000.0,100000.00000002049
63.0,298.2880585880728,298.27800945989446,298.0306162658597,298.27063228392177,298.18941722710485,100000.0,100000.00000002052
63.1,298.28722964545557,298.2772408551448,298.03133307993505,298.2699079738604,298.1891805555953,100000.0,100000.00000002058
63.2,298.2864056800489,298.27647686531725,298.0320455900346,298.2691880127616,298.18894530511,100000.0,100000.0000000206
63.300000000000004,298.28558666196795,298.2757174627024,298.03275382200144,298.26847237451284,298.18871146711706,100000.0,100000.00000002066
63.400000000000006,298.28477256150734,298.27496261975733,298.03345780152347,298.2677610331585,298.18847903313616,100000.0,100000.00000002068
63.5,298.2839633491401,298.27421230910426,298.03415755413425,298.2670539628987,298.18824799473776,100000.0,100000.00000002072
63.6,298.2831589955166,298.27346650353,298.034853105214,298.2663511380886,298.18801834354286,100000.0,100000.00000002074
63.7,298.2823594714632,298.27272517598465,298.03554447999045,298.26565253323724,298.1877900712229,100000.0,100000.00000002078
63.800000000000004,298.28156474798186,298.2719882995807,298.03623170354007,298.2649581230068,298.18756316949913,100000.0,100000.00000002081
63.900000000000006,298.28077479624824,298.27125584759216,298.0369148007886,298.26426788221147,298.1873376301427,100000.0,100000.00000002087
64.0,298.27998958761134,298.27052779345354,298.03759379651206,298.2635817858167,298.1871134449739,100000.0,100000.0000000209
64.10000000000001,298.27920909359204,298.26980411075886,298.0382687153377,298.2628998089384,298.18689060586223,100000.0,100000.00000002094
64.2,298.27843328588233,298.2690847732606,298.038939581745,298.2622219268418,298.1866691047262,100000.0,100000.00000002098
64.3,298.27766213634413,298.2683697548688,298.0396064200664,298.26154811494047,298.18644893353246,100000.0,100000.00000002101
64.4,298.27689561700834,298.2676590296504,298.040269254488,298.26087834879587,298.18623008429614,100000.0,100000.00000002107
64.5,298.27613370007373,298.2669525718278,298.04092810905104,298.26021260411613,298.1860125490803,100000.0,100000.00000002111
64.60000000000001,298.27537635790605,298.26625035577825,298.04158300765204,298.25955085675525,298.1857963199954,100000.0,100000.00000002113
64.7,298.27462356303704,298.2655523560329,298.0422339740443,298.258893082712,298.18558138919957,100000.0,100000.00000002117
64.8,298.27387528816325,298.2648585472759,298.0428810318383,298.2582392581295,298.1853677488979,100000.0,100000.00000002123
64.9,298.2731315061452,298.26416890434314,298.0435242045028,298.25758935929406,298.1851553913421,100000.0,100000.00000002127
65.0,298.2723921900064,298.2634834022218,298.04416351536565,298.25694336263433,298.18494430883055,100000.0,100000.00000002129
65.10000000000001,298.27165731293246,298.26280201604936,298.0447989876146,298.25630124472053,298.184734493708,100000.0,100000.00000002133
65.2,298.2709268482697,298.2621247211123,298.0454306442982,298.2556629822635,298.18452593836486,100000.0,100000.00000002139
65.3,298.27020076952476,298.2614514928457,298.0460585083266,298.25502855211414,298.1843186352374,100000.0,100000.00000002142
65.4,298.26947905036326,298.26078230683197,298.0466826024723,298.2543979312619,298.18411257680725,100000.0,100000.00000002151
65.5,298.26876166460886,298.26011713880035,298.047302949371,298.25377109683484,298.1839077556012,100000.0,100000.00000002152
65.60000000000001,298.2680485862425,298.2594559646256,298.0479195715227,298.25314802609813,298.18370416419083,100000.0,100000.00000002157
65.7,298.2673397894013,298.25879876032747,298.0485324912921,298.25252869645345,298.18350179519246,100000.0,100000.0000000216
65.8,298.2666352483777,298.2581455020696,298.0491417309097,298.2519130854382,298.1833006412665,100000.0,100000.00000002168
65.9,298.26593493761845,298.25749616615883,298.0497473124725,298.2513011707248,298.18310069511773,100000.0,100000.0000000217
66.0,298.2652388317238,298.2568507290443,298.0503492579448,298.2506929301193,298.18290194949446,100000.0,100000.00000002174
66.10000000000001,298.26454690544654,298.25620916731634,298.05094758915897,298.25008834156165,298.1827043971886,100000.0,100000.00000002177
66.2,298.26385913369086,298.2555714577062,298.0515423278163,298.2494873831236,298.1825080310354,100000.0,100000.00000002183
66.3,298.2631754915118,298.25493757708443,298.05213349548785,298.24889003300905,298.1823128439131,100000.0,100000.00000002187
66.4,298.2624959541142,298.2543075024608,298.0527211136151,298.2482962695526,298.1821188287426,100000.0,100000.00000002192
66.5,298.26182049685167,298.2536812109829,298.0533052035107,298.2477060712188,298.1819259784875,100000.0,100000.00000002196
66.60000000000001,298.26114909522585,298.25305867993575,298.0538857863594,298.24711941660166,298.18173428615347,100000.0,100000.00000002199
66.7,298.2604817248856,298.2524398867405,298.05446288321883,298.2465362844238,298.18154374478814,100000.0,100000.00000002202
66.8,298.2598183616257,298.25182480895404,298.05503651502,298.2459566535354,298.1813543474811,100000.0,100000.00000002209
66.9,298.25915898138663,298.2512134242679,298.0556067025684,298.24538050291375,298.18116608736307,100000.0,100000.00000002212
67.0,298.2585035602531,298.25060571050784,298.05617346654435,298.24480781166227,298.18097895760644,100000.0,100000.00000002216
67.10000000000001,298.2578520744533,298.2500016456323,298.0567368275044,298.24423855900994,298.1807929514242,100000.0,100000.00000002224
67.2,298.2572045003585,298.2494012077325,298.05729680588115,298.24367272431044,298.18060806207035,100000.0,100000.00000002225
67.3,298.2565608144817,298.248804375031,298.057853421985,298.2431102870415,298.18042428283934,100000.0,100000.00000002228
67.4,298.25592099347676,298.248211125881,298.0584066960041,298.2425512268038,298.1802416070657,100000.0,100000.00000002234
67.5,298.25528501413794,298.24762143876603,298.0589566480054,298.2419955233208,298.1800600281241,100000.0,100000.00000002237
67.60000000000001,298.2546528533987,298.2470352922985,298.0595032979354,298.2414431564376,298.1798795394292,100000.0,100000.0000000224
67.7,298.25402448833097,298.2464526652193,298.06004666562103,298.24089410612015,298.1797001344348,100000.0,100000.00000002244
67.8,298.25339989614463,298.2458735363971,298.06058677076976,298.24034835245504,298.1795218066343,100000.0,100000.00000002247
67.9,298.252779054186,298.2452978848272,298.061123632971,298.23980587564813,298.17934454955986,100000.0,100000.00000002253
68.0,298.25216193993776,298.24472568963137,298.0616572716965,298.2392666560242,298.17916835678295,100000.0,100000.00000002256
68.10000000000001,298.25154853101753,298.2441569300564,298.0621877063011,298.23873067402627,298.1789932219131,100000.0,100000.0000000226
68.2,298.25093880517755,298.24359158547395,298.0627149560233,298.2381979102147,298.1788191385986,100000.0,100000.00000002261
68.3,298.2503327403034,298.2430296353794,298.06323903998623,298.23766834526657,298.1786461005257,100000.0,100000.00000002266
68.4,298.2497303144137,298.24247105939116,298.06375997719806,298.23714195997496,298.1784741014186,100000.0,100000.00000002273
68.5,298.24913150565885,298.2419158372502,298.0642777865531,298.2366187352484,298.1783031350391,100000.0,100000.00000002274
68.60000000000001,298.2485362923205,298.2413639488191,298.06479248683183,298.23609865210983,298.17813319518655,100000.0,100000.00000002279
68.7,298.2479446528108,298.2408153740813,298.06530409670216,298.2355816916964,298.17796427569755,100000.0,100000.00000002283
68.8,298.2473565656714,298.24027009314034,298.0658126347199,298.23506783525835,298.17779637044555,100000.0,100000.00000002288
68.9,298.24677200957285,298.23972808621943,298.0663181193296,298.2345570641584,298.1776294733409,100000.0,100000.0000000229
69.0,298.2461909633137,298.2391893336603,298.0668205688646,298.23404935987145,298.17746357833056,100000.0,100000.00000002293
69.10000000000001,298.24561340582,298.238653815923,298.06732000154864,298.2335447039835,298.1772986793976,100000.0,100000.00000002298
69.2,298.24503931614413,298.2381215135846,298.06781643549584,298.23304307819103,298.1771347705616,100000.0,100000.00000002302
69.3,298.2444686734642,298.237592407339,298.0683098887115,298.2325444643005,298.1769718458777,100000.0,100000.00000002306
69.4,298.24390145708355,298.2370664779959,298.068800379093,298.23204884422756,298.1768098994368,100000.0,100000.00000002308
69.5,298.2433376464297,298.23654370648023,298.0692879244299,298.23155619999653,298.17664892536544,100000.0,100000.00000002312
69.60000000000001,298.2427772210537,298.2360240738316,298.0697725424053,298.2310665137396,298.1764889178253,100000.0,100000.00000002317
69.7,298.24222016062924,298.23550756120324,298.070254250596,298.2305797676963,298.176329871013,100000.0,100000.00000002318
69.8,298.2416664449524,298.2349941498618,298.07073306647317,298.2300959442127,298.17617177916037,100000.0,100000.00000002324
69.9,298.2411160539401,298.2344838211862,298.0712090074033,298.22961502574094,298.17601463653335,100000.0,100000.00000002325
70.0,298.2405689676303,298.23397655666713,298.0716820906483,298.2291369948385,298.17585843743274,100000.0,100000.00000002328
70.10000000000001,298.2400251661805,298.23347233790673,298.0721523333667,298.2286618341676,298.17570317619345,100000.0,100000.00000002331
70.2,298.2394846298675,298.2329711466173,298.07261975261395,298.2281895264946,298.17554884718425,100000.0,100000.00000002334
70.3,298.2389473390865,298.23247296462097,298.0730843653429,298.22772005468926,298.1753954448079,100000.0,100000.0000000234
70.4,298.23841327435036,298.23197777384917,298.07354618840475,298.2272534017242,298.17524296350064,100000.0,100000.00000002346
70.5,298.237882416289,298.23148555634174,298.07400523854955,298.2267895506744,298.17509139773216,100000.0,100000.0000000235
70.60000000000001,298.23735474564864,298.2309962942463,298.07446153242677,298.2263284847163,298.1749407420055,100000.0,100000.00000002354
70.7,298.236830243291,298.23050996981783,298.07491508658586,298.2258701871274,298.17479099085637,100000.0,100000.00000002356
70.8,298.23630889019296,298.23002656541763,298.0753659174769,298.2254146412857,298.17464213885364,100000.0,100000.00000002363
70.9,298.2357906674454,298.22954606351306,298.0758140414513,298.22496183066886,298.17449418059846,100000.0,100000.00000002366
71.0,298.23527555625276,298.2290684466767,298.076259474762,298.2245117388539,298.1743471107248,100000.0,100000.00000002369
71.10000000000001,298.2347635379324,298.2285936975859,298.07670223356484,298.2240643495163,298.1742009238984,100000.0,100000.00000002372
71.2,298.2342545939139,298.22812179902166,298.0771423339182,298.22361964642965,298.17405561481735,100000.0,100000.00000002376
71.3,298.2337487057381,298.2276527338688,298.07757979178416,298.22317761346494,298.17391117821137,100000.0,100000.0000000238
71.4,298.233245855057,298.2271864851147,298.07801462302916,298.22273823459005,298.17376760884207,100000.0,100000.00000002385
71.5,298.23274602363256,298.22672303584886,298.07844684342405,298.222301493869,298.17362490150225,100000.0,100000.00000002387
71.60000000000001,298.23224919333643,298.2262623692624,298.07887646864526,298.22186737546156,298.1734830510161,100000.0,100000.00000002392
71.7,298.23175534614876,298.2258044686473,298.079303514275,298.2214358636227,298.1733420522388,100000.0,100000.00000002397
71.8,298.23126446415824,298.22534931739585,298.0797279958019,298.2210069427018,298.17320190005665,100000.0,100000.00000002398
71.9,298.230776529561,298.22489689900016,298.08014992862155,298.2205805971423,298.17306258938635,100000.0,100000.00000002403
72.0,298.23029152466,298.2244471970513,298.08056932803714,298.220156811481,298.17292411517536,100000.0,100000.00000002407
72.10000000000001,298.22980943186457,298.2240001952391,298.08098620926,298.2197355703475,298.1727864724013,100000.0,100000.0000000241
72.2,298.22933023368955,298.22355587735103,298.08140058741014,298.21931685846374,298.172649656072,100000.0,100000.00000002414
72.3,298.22885391275486,298.22311422727216,298.0818124775167,298.21890066064344,298.17251366122537,100000.0,100000.00000002416
72.4,298.22838045178463,298.22267522898414,298.0822218945187,298.2184869617915,298.17237848292893,100000.0,100000.00000002421
72.5,298.227909833607,298.22223886656485,298.0826288532653,298.21807574690325,298.17224411628,100000.0,100000.00000002426
72.60000000000001,298.22744204115287,298.2218051241879,298.08303336851657,298.21766700106446,298.17211055640524,100000.0,100000.00000002429
72.7,298.2269770574559,298.2213739861217,298.0834354549441,298.2172607094501,298.17197779846055,100000.0,100000.00000002436
72.8,298.22651486565144,298.2209454367293,298.0838351271311,298.2168568573244,298.17184583763094,100000.0,100000.00000002439
72.9,298.22605544897624,298.2205194604676,298.0842323995736,298.21645543004,298.1717146691303,100000.0,100000.00000002442
73.0,298.22559879076755,298.2200960418867,298.0846272866802,298.2160564130375,298.1715842882014,100000.0,100000.00000002448
73.10000000000001,298.2251448744629,298.2196751656296,298.0850198027731,298.21565979184476,298.17145469011535,100000.0,100000.00000002449
73.2,298.22469368359896,298.21925681643154,298.0854099620887,298.21526555207674,298.1713258701718,100000.0,100000.00000002456
73.3,298.2242452018115,298.21884097911925,298.08579777877776,298.21487367943473,298.1711978236986,100000.0,100000.00000002462
73.4,298.2237994128345,298.21842763861076,298.086183266906,298.2144841597058,298.1710705460516,100000.0,100000.00000002465
73.5,298.2233563004995,298.2180167799145,298.08656644045493,298.2140969787624,298.17094403261467,100000.0,100000.00000002468
73.60000000000001,298.2229158487352,298.21760838812895,298.0869473133218,298.21371212256184,298.17081827879923,100000.0,100000.00000002474
73.7,298.2224780415668,298.21720244844204,298.08732589932066,298.2133295771457,298.1706932800443,100000.0,100000.00000002475
73.8,298.22204286311535,298.2167989461308,298.08770221218253,298.2129493286393,298.17056903181634,100000.0,100000.00000002481
73.9,298.2216102975973,298.21639786656044,298.0880762655559,298.21257136325147,298.1704455296089,100000.0,100000.00000002485
74.0,298.22118032932394,298.2159991951843,298.0884480730075,298.21219566727365,298.17032276894287,100000.0,100000.00000002491
74.10000000000001,298.2207529427005,298.21560291754264,298.0888176480225,298.21182222707967,298.17020074536566,100000.0,100000.00000002494
74.2,298.2203281222263,298.21520901926306,298.089185004005,298.21145102912516,298.1700794544517,100000.0,100000.00000002497
74.3,298.2199058524932,298.214817486059,298.08955015427875,298.21108205994716,298.16995889180185,100000.0,100000.00000002503
74.4,298.21948611818596,298.2144283037301,298.0899131120875,298.2107153061634,298.16983905304346,100000.0,100000.00000002504
74.5,298.2190689040811,298.2140414581608,298.0902738905954,298.2103507544721,298.16971993383004,100000.0,100000.0000000251
74.60000000000001,298.2186541950467,298.2136569353207,298.0906325028876,298.20998839165117,298.1696015298414,100000.0,100000.00000002515
74.7,298.21824197604155,298.2132747212635,298.09098896197077,298.20962820455804,298.16948383678283,100000.0,100000.00000002516
74.8,298.2178322321148,298.21289480212647,298.09134328077323,298.2092701801291,298.1693668503861,100000.0,100000.00000002523
74.9,298.21742494840544,298.2125171641304,298.091695472146,298.2089143053791,298.169250566408,100000.0,100000.00000002526
75.0,298.21702011014156,298.2121417935786,298.0920455488627,298.20856056740075,298.16913498063104,100000.0,100000.00000002529
75.10000000000001,298.2166177026401,298.21176867685676,298.0923935236204,298.2082089533642,298.1690200888631,100000.0,100000.00000002533
75.2,298.21621771130606,298.21139780043217,298.0927394090397,298.2078594505168,298.1689058869372,100000.0,100000.00000002535
75.3,298.21582012163196,298.2110291508535,298.0930832176658,298.2075120461824,298.1687923707112,100000.0,100000.00000002538
75.4,298.21542491919774,298.2106627147502,298.09342496196825,298.20716672776086,298.168679536068,100000.0,100000.00000002541
75.5,298.21503208966965,298.2102984788319,298.09376465434184,298.20682348272777,298.1685673789154,100000.0,100000.00000002545
75.60000000000001,298.2146416188001,298.209936429888,298.09410230710694,298.20648229863394,298.16845589518533,100000.0,100000.00000002548
75.7,298.214253492427,298.2095765547873,298.09443793251,298.20614316310497,298.16834508083457,100000.0,100000.00000002551
75.8,298.2138676964734,298.20921884047755,298.09477154272383,298.20580606384067,298.16823493184387,100000.0,100000.00000002555
75.9,298.21348421694677,298.2088632739847,298.09510314984817,298.2054709886147,298.1681254442182,100000.0,100000.00000002557
76.0,298.2131030399387,298.20850984241264,298.09543276591023,298.2051379252742,298.1680166139866,100000.0,100000.00000002561
76.10000000000001,298.2127241516241,298.2081585329427,298.0957604028648,298.20480686173926,298.167908437202,100000.0,100000.00000002567
76.2,298.21234753826116,298.2078093328332,298.09608607259514,298.2044777860024,298.1678009099408,100000.0,100000.00000002568
76.3,298.2119731861902,298.2074622294189,298.09640978691294,298.20415068612846,298.16769402830306,100000.0,100000.00000002573
76.4,298.21160108183403,298.20711721011077,298.09673155755905,298.2038255502537,298.1675877884125,100000.0,100000.00000002576
76.5,298.2112312116966,298.20677426239513,298.0970513962039,298.2035023665857,298.1674821864156,100000.0,100000.00000002579
76.60000000000001,298.21086356236316,298.20643337383353,298.0973693144477,298.20318112340306,298.1673772184825,100000.0,100000.00000002583
76.7,298.2104981204992,298.2060945320624,298.0976853238211,298.20286180905435,298.167272880806,100000.0,100000.00000002589
76.80000000000001,298.2101348728505,298.20575772479214,298.0979994357856,298.20254441195834,298.1671691696019,100000.0,100000.00000002593
76.9,298.20977380624254,298.205422939807,298.0983116617336,298.2022289206034,298.1670660811087,100000.0,100000.00000002595
77.0,298.20941490757957,298.20509016496464,298.0986220129894,298.2019153235468,298.1669636115875,100000.0,100000.00000002599
77.10000000000001,298.2090581638447,298.2047593881956,298.09893050080916,298.20160360941475,298.1668617573218,100000.0,100000.00000002602
77.2,298.20870356209906,298.2044305975029,298.0992371363815,298.20129376690153,298.1667605146174,100000.0,100000.00000002605
77.30000000000001,298.20835108948165,298.20410378096165,298.0995419308278,298.2009857847696,298.16665987980235,100000.0,100000.00000002608
77.4,298.20800073320856,298.2037789267183,298.09984489520275,298.2006796518486,298.16655984922676,100000.0,100000.0000000261
77.5,298.2076524805726,298.20345602299085,298.10014604049456,298.2003753570353,298.16646041926253,100000.0,100000.00000002615
77.60000000000001,298.207306318943,298.20313505806774,298.10044537762565,298.20007288929327,298.1663615863035,100000.0,100000.0000000262
77.7,298.2069622357648,298.20281602030786,298.1007429174525,298.1997722376522,298.16626334676505,100000.0,100000.00000002622
77.80000000000001,298.2066202185583,298.2024988981401,298.1010386707668,298.19947339120773,298.1661656970842,100000.0,100000.00000002627
77.9,298.20628025491897,298.2021836800626,298.1013326482953,298.199176339121,298.16606863371914,100000.0,100000.00000002631
78.0,298.20594233251643,298.20187035464267,298.1016248607002,298.19888107061814,298.16597215314954,100000.0,100000.00000002634
78.10000000000001,298.2056064390947,298.20155891051627,298.1019153185799,298.19858757499003,298.16587625187617,100000.0,100000.00000002638
78.2,298.20527256247107,298.2012493363876,298.1022040324691,298.1982958415918,298.1657809264207,100000.0,100000.0000000264
78.30000000000001,298.20494069053615,298.2009416210286,298.1024910128391,298.1980058598425,298.165686173326,100000.0,100000.00000002646
78.4,298.2046108112533,298.2006357532788,298.1027762700984,298.1977176192249,298.16559198915513,100000.0,100000.0000000265
78.5,298.204282912658,298.2003317220446,298.10305981459317,298.19743110928465,298.16549837049223,100000.0,100000.00000002654
78.60000000000001,298.2039569828577,298.2000295162991,298.1033416566073,298.1971463196302,298.16540531394196,100000.0,100000.00000002657
78.7,298.2036330100312,298.19972912508143,298.10362180636304,298.19686323993255,298.16531281612913,100000.0,100000.00000002663
78.80000000000001,298.2033109824282,298.1994305374967,298.10390027402104,298.19658185992466,298.1652208736989,100000.0,100000.00000002667
78.9,298.2029908883691,298.1991337427155,298.10417706968116,298.1963021694011,298.16512948331666,100000.0,100000.0000000267
79.0,298.20267271624436,298.1988387299732,298.1044522033825,298.19602415821777,298.1650386416678,100000.0,100000.00000002675
79.10000000000001,298.2023564545142,298.19854548856995,298.10472568510403,298.1957478162913,298.1649483454575,100000.0,100000.00000002679
79.2,298.2020420917079,298.1982540078702,298.10499752476466,298.1954731335992,298.1648585914108,100000.0,100000.00000002683
79.30000000000001,298.201729616424,298.1979642773022,298.10526773222375,298.19520010017885,298.1647693762724,100000.0,100000.00000002686
79.4,298.20141901732916,298.1976762863576,298.10553631728146,298.1949287061276,298.16468069680667,100000.0,100000.00000002692
79.5,298.2011102831582,298.1973900245913,298.1058032896793,298.1946589416021,298.1645925497971,100000.0,100000.00000002695
79.60000000000001,298.20080340271363,298.1971054816207,298.10606865909995,298.1943907968184,298.1645049320468,100000.0,100000.00000002698
79.7,298.2004983648652,298.1968226471258,298.1063324351683,298.19412426205105,298.1644178403779,100000.0,100000.00000002704
79.80000000000001,298.20019515854943,298.1965415108483,298.10659462745116,298.19385932763294,298.1643312716317,100000.0,100000.00000002707
79.9,298.1998937727692,298.1962620625918,298.1068552454582,298.1935959839553,298.16424522266834,100000.0,100000.00000002712
80.0,298.19959419659364,298.1959842922208,298.1071142986416,298.1933342214668,298.164159690367,100000.0,100000.00000002714
80.10000000000001,298.19929641915724,298.1957081896609,298.10737179639705,298.19307403067353,298.1640746716255,100000.0,100000.00000002718
80.2,298.19900042966,298.195433744898,298.1076277480639,298.1928154021386,298.16399016336015,100000.0,100000.00000002724
80.30000000000001,298.1987062173665,298.19516094797837,298.1078821629252,298.1925583264818,298.1639061625061,100000.0,100000.00000002727
80.4,298.198413771606,298.1948897890077,298.10813505020843,298.1923027943792,298.16382266601664,100000.0,100000.00000002731
80.5,298.1981230817717,298.1946202581514,298.1083864190855,298.19204879656286,298.1637396708633,100000.0,100000.00000002734
80.60000000000001,298.1978341373205,298.19435234563383,298.10863627867343,298.19179632382054,298.16365717403613,100000.0,100000.00000002739
80.7,298.19754692777275,298.19408604173805,298.1088846380344,298.1915453669951,298.16357517254295,100000.0,100000.00000002743
80.80000000000001,298.19726144271146,298.1938213368053,298.10913150617625,298.1912959169848,298.16349366340955,100000.0,100000.00000002744
80.9,298.1969776717824,298.19355822123515,298.1093768920525,298.19104796474215,298.1634126436798,100000.0,100000.0000000275
81.0,298.1966956046935,298.1932966854845,298.1096208045633,298.19080150127417,298.1633321104151,100000.0,100000.00000002753
81.10000000000001,298.19641523121436,298.19303672006765,298.109863252555,298.1905565176418,298.1632520606946,100000.0,100000.00000002759
81.2,298.196136541176,298.192778315556,298.11010424482106,298.19031300495976,298.163172491615,100000.0,100000.00000002762
81.30000000000001,298.1958595244707,298.19252146257736,298.1103437901021,298.190070954396,298.1630934002904,100000.0,100000.00000002765
81.4,298.19558417105117,298.19226615181583,298.11058189708615,298.18983035717156,298.16301478385213,100000.0,100000.0000000277
81.5,298.1953104709307,298.1920123740116,298.1108185744091,298.1895912045602,298.162936639449,100000.0,100000.00000002774
81.60000000000001,298.19503841418236,298.19176011996035,298.11105383065524,298.18935348788807,298.16285896424665,100000.0,100000.00000002778
81.7,298.1947679909389,298.1915093805131,298.11128767435684,298.1891171985333,298.16278175542794,100000.0,100000.00000002782
81.80000000000001,298.19449919139225,298.1912601465756,298.11152011399554,298.188882327926,298.16270501019244,100000.0,100000.00000002785
81.9,298.1942320057933,298.19101240910845,298.1117511580014,298.1886488675476,298.1626287257569,100000.0,100000.00000002791
82.0,298.19396642445156,298.1907661591263,298.11198081475436,298.18841680893064,298.1625528993543,100000.0,100000.00000002797
82.10000000000001,298.1937024377345,298.190521387698,298.1122090925839,298.1881861436585,298.1624775282347,100000.0,100000.000000028
82.2,298.1934400360675,298.1902780859459,298.11243599976945,298.1879568633653,298.16240260966435,100000.0,100000.00000002803
82.30000000000001,298.19317920993365,298.1900362450457,298.11266154454063,298.18772895973507,298.16232814092604,100000.0,100000.00000002809
82.4,298.19291994987293,298.1897958562258,298.1128857350779,298.18750242450204,298.1622541193188,100000.0,100000.00000002813
82.5,298.1926622464821,298.1895569107677,298.11310857951236,298.18727724945,298.16218054215796,100000.0,100000.00000002817
82.60000000000001,298.19240609041464,298.18931940000505,298.11333008592646,298.1870534264119,298.162107406775,100000.0,100000.00000002823
82.7,298.19215147237986,298.1890833153235,298.113550262354,298.18683094727004,298.1620347105173,100000.0,100000.00000002826
82.80000000000001,298.19189838314304,298.1888486481604,298.11376911678065,298.1866098039552,298.1619624507482,100000.0,100000.00000002832
82.9,298.1916468135248,298.18861539000466,298.113986657144,298.18638998844665,298.161890624847,100000.0,100000.00000002835
83.0,298.191396754401,298.1883835323962,298.1142028913341,298.186171492772,298.16181923020866,100000.0,100000.00000002838
83.10000000000001,298.1911481967022,298.1881530669257,298.1144178271936,298.18595430900655,298.16174826424356,100000.0,100000.00000002843
83.2,298.1909011314134,298.1879239852343,298.114631472518,298.1857384292732,298.16167772437797,100000.0,100000.00000002846
83.30000000000001,298.19065554957365,298.1876962790136,298.11484383505604,298.1855238457421,298.1616076080535,100000.0,100000.00000002852
83.4,298.19041144227606,298.1874699400047,298.11505492250996,298.1853105506307,298.161537912727,100000.0,100000.00000002855
83.5,298.19016880066704,298.18724495999857,298.1152647425357,298.18509853620276,298.16146863587073,100000.0,100000.00000002858
83.60000000000001,298.1899276159461,298.1870213308354,298.1154733027432,298.1848877947688,298.1613997749721,100000.0,100000.00000002864
83.7,298.1896878793658,298.1867990444043,298.1156806106969,298.1846783186854,298.16133132753356,100000.0,100000.00000002865
83.80000000000001,298.18944958223096,298.1865780926432,298.1158866739156,298.1844701003551,298.1612632910725,100000.0,100000.0000000287
83.9,298.18921271589886,298.1863584675382,298.116091499873,298.1842631322258,298.1611956631214,100000.0,100000.00000002875
84.0,298.1889772717784,298.1861401611239,298.116295095998,298.1840574067911,298.16112844122745,100000.0,100000.00000002878
84.10000000000001,298.1887432413305,298.18592316548234,298.11649746967487,298.18385291658956,298.16106162295256,100000.0,100000.00000002884
84.2,298.1885106160668,298.1857074727434,298.11669862824357,298.1836496542044,298.16099520587323,100000.0,100000.00000002887
84.30000000000001,298.1882793875503,298.18549307508397,298.11689857899984,298.1834476122634,298.1609291875806,100000.0,100000.00000002893
84.4,298.1880495473946,298.1852799647281,298.1170973291959,298.18324678343885,298.1608635656803,100000.0,100000.00000002897
84.5,298.1878210872635,298.1850681339465,298.11729488604,298.18304716044673,298.16079833779224,100000.0,100000.00000002902
84.60000000000001,298.18759399887097,298.1848575750562,298.1174912566976,298.18284873604694,298.1607335015507,100000.0,100000.00000002905
84.7,298.18736827398067,298.1846482804204,298.1176864482907,298.1826515030428,298.160669054604,100000.0,100000.0000000291
84.80000000000001,298.18714390440584,298.1844402424481,298.1178804678989,298.1824554542807,298.1606049946148,100000.0,100000.00000002916
84.9,298.1869208820087,298.18423345359406,298.11807332255904,298.1822605826504,298.1605413192597,100000.0,100000.00000002919
85.0,298.1866991987004,298.1840279063582,298.1182650192658,298.1820668810838,298.16047802622927,100000.0,100000.00000002922
85.10000000000001,298.18647884644076,298.1838235932854,298.1184555649719,298.18187434255566,298.1604151132279,100000.0,100000.0000000293
85.2,298.1862598172378,298.18362050696555,298.1186449665882,298.18168296008264,298.16035257797375,100000.0,100000.00000002931
85.30000000000001,298.1860421031475,298.18341864003276,298.1188332309842,298.18149272672366,298.1602904181987,100000.0,100000.00000002932
85.4,298.18582569627347,298.1832179851656,298.11902036498805,298.18130363557896,298.16022863164847,100000.0,100000.0000000294
85.5,298.18561058876685,298.1830185350863,298.11920637538697,298.18111567979037,298.16016721608185,100000.0,100000.0000000294
85.60000000000001,298.1853967728259,298.1828202825612,298.11939126892736,298.180928852541,298.1601061692715,100000.0,100000.00000002945
85.7,298.18518424069583,298.1826232203997,298.1195750523152,298.18074314705467,298.16004548900327,100000.0,100000.00000002947
85.80000000000001,298.1849729846681,298.1824273414545,298.11975773221616,298.1805585565961,298.15998517307634,100000.0,100000.00000002951
85.9,298.1847629970806,298.18223263862143,298.1199393152558,298.1803750744703,298.1599252193031,100000.0,100000.00000002954
86.0,298.18455427031745,298.1820391048386,298.12011980802004,298.18019269402254,298.1598656255091,100000.0,100000.00000002958
86.10000000000001,298.1843467968081,298.1818467330868,298.1202992170552,298.180011408638,298.1598063895329,100000.0,100000.00000002963
86.2,298.1841405690279,298.1816555163888,298.12047754886834,298.17983121174166,298.159747509226,100000.0,100000.00000002966
86.30000000000001,298.1839355794969,298.18146544780933,298.1206548099273,298.17965209679795,298.159688982453,100000.0,100000.0000000297
86.4,298.1837318207804,298.18127652045484,298.12083100666126,298.1794740573104,298.15963080709116,100000.0,100000.00000002974
86.5,298.18352928548836,298.1810887274731,298.12100614546074,298.1792970868218,298.15957298103046,100000.0,100000.00000002977
86.60000000000001,298.1833279662749,298.18090206205295,298.12118023267783,298.1791211789136,298.1595155021735,100000.0,100000.0000000298
86.7,298.1831278558382,298.18071651742423,298.1213532746265,298.17894632720567,298.15945836843576,100000.0,100000.00000002986
86.80000000000001,298.1829289469207,298.1805320868574,298.1215252775829,298.1787725253563,298.1594015777449,100000.0,100000.0000000299
86.9,298.1827312323079,298.1803487636633,298.1216962477854,298.1785997670618,298.1593451280413,100000.0,100000.00000002993
87.0,298.1825347048291,298.18016654119293,298.12186619143495,298.17842804605664,298.15928901727744,100000.0,100000.00000002996
87.10000000000001,298.18233935735617,298.17998541283725,298.1220351146953,298.1782573561123,298.15923324341844,100000.0,100000.00000003
87.2,298.1821451828042,298.179805372027,298.12220302369303,298.17808769103823,298.1591778044412,100000.0,100000.00000003004
87.30000000000001,298.1819521741306,298.1796264122321,298.12236992451824,298.1779190446808,298.159122698335,100000.0,100000.00000003011
87.4,298.181760324335,298.1794485269619,298.1225358232241,298.1777514109232,298.1590679231014,100000.0,100000.00000003014
87.5,298.18156962645935,298.1792717097647,298.1227007258277,298.1775847836856,298.15901347675356,100000.0,100000.00000003017
87.60000000000001,298.1813800735871,298.17909595422736,298.1228646383099,298.17741915692454,298.1589593573169,100000.0,100000.00000003018
87.7,298.1811916588433,298.1789212539755,298.12302756661575,298.177254524633,298.1589055628284,100000.0,100000.00000003024
87.80000000000001,298.1810043753944,298.17874760267284,298.1231895166544,298.1770908808397,298.15885209133705,100000.0,100000.00000003027
87.9,298.18081821644773,298.1785749940212,298.12335049429964,298.17692821960964,298.1587989409035,100000.0,100000.0000000303
88.0,298.1806331752515,298.1784034217602,298.12351050539013,298.17676653504304,298.1587461096001,100000.0,100000.00000003033
88.10000000000001,298.1804492450944,298.178232879667,298.12366955572924,298.1766058212759,298.15869359551056,100000.0,100000.00000003036
88.2,298.18026641930544,298.1780633615564,298.12382765108555,298.17644607247917,298.15864139673033,100000.0,100000.00000003038
88.30000000000001,298.1800846912536,298.1778948612799,298.1239847971931,298.17628728285894,298.1585895113662,100000.0,100000.00000003043
88.4,298.17990405434796,298.17772737272617,298.1241409997515,298.17612944665603,298.15853793753627,100000.0,100000.00000003044
88.5,298.1797245020367,298.1775608898207,298.1242962644259,298.17597255814576,298.15848667337,100000.0,100000.00000003049
88.60000000000001,298.17954602780793,298.17739540652514,298.1244505968478,298.17581661163814,298.1584357170082,100000.0,100000.00000003053
88.7,298.1793686251883,298.1772309168376,298.12460400261466,298.1756616014769,298.15838506660265,100000.0,100000.00000003057
88.80000000000001,298.1791922877437,298.1770674147922,298.12475648729037,298.1755075220401,298.1583347203163,100000.0,100000.00000003062
88.9,298.1790170090784,298.17690489445874,298.12490805640533,298.1753543677393,298.15828467632315,100000.0,100000.00000003065
89.0,298.1788427828353,298.17674334994297,298.12505871545693,298.17520213301987,298.1582349328081,100000.0,100000.0000000307
89.10000000000001,298.1786696026953,298.17658277538555,298.12520846990947,298.17505081236027,298.15818548796705,100000.0,100000.00000003072
89.2,298.1784974623773,298.1764231649628,298.12535732519433,298.17490040027224,298.15813634000665,100000.0,100000.00000003079
89.30000000000001,298.1783263556381,298.17626451288567,298.12550528671034,298.1747508913005,298.15808748714437,100000.0,100000.00000003082
89.4,298.17815627627147,298.17610681340005,298.12565235982413,298.17460228002244,298.15803892760835,100000.0,100000.00000003085
89.5,298.177987218109,298.17595006078625,298.1257985498697,298.1744545610481,298.15799065963733,100000.0,100000.00000003088
89.60000000000001,298.17781917501907,298.175794249359,298.12594386214926,298.17430772901986,298.15794268148073,100000.0,100000.00000003092
89.7,298.1776521409069,298.1756393734672,298.12608830193335,298.1741617786122,298.15789499139845,100000.0,100000.00000003097
89.80000000000001,298.17748610971427,298.1754854274935,298.1262318744605,298.17401670453154,298.15784758766074,100000.0,100000.000000031
89.9,298.1773210754194,298.17533240585465,298.12637458493793,298.1738725015163,298.1578004685483,100000.0,100000.00000003105
90.0,298.1771570320366,298.1751803030005,298.1265164385418,298.17372916433635,298.15775363235224,100000.0,100000.0000000311
90.10000000000001,298.17699397361616,298.1750291134144,298.1266574404169,298.173586687793,298.1577070773738,100000.0,100000.00000003114
90.2,298.1768318942442,298.1748788316129,298.1267975956773,298.1734450667186,298.15766080192446,100000.0,100000.00000003114
90.30000000000001,298.17667078804203,298.1747294521454,298.1269369094063,298.1733042959768,298.1576148043259,100000.0,100000.00000003121
90.4,298.17651064916663,298.1745809695941,298.12707538665666,298.1731643704619,298.15756908290973,100000.0,100000.00000003124
90.5,298.1763514718099,298.1744333785735,298.12721303245087,298.17302528509896,298.15752363601774,100000.0,100000.00000003129
90.60000000000001,298.1761932501985,298.1742866737307,298.12734985178116,298.17288703484354,298.1574784620017,100000.0,100000.00000003129
90.7,298.176035978594,298.17414084974484,298.1274858496099,298.17274961468127,298.157433559223,100000.0,100000.00000003134
90.80000000000001,298.1758796512922,298.1739959013271,298.1276210308697,298.1726130196281,298.15738892605316,100000.0,100000.00000003137
90.9,298.17572426262325,298.17385182322005,298.12775540046334,298.17247724472986,298.1573445608734,100000.0,100000.00000003142
91.0,298.17556980695133,298.17370861019845,298.12788896326435,298.17234228506214,298.1573004620746,100000.0,100000.00000003146
91.10000000000001,298.17541627867456,298.1735662570678,298.1280217241168,298.17220813573,298.1572566280572,100000.0,100000.00000003149
91.2,298.1752636722245,298.1734247586652,298.12815368783606,298.172074791868,298.1572130572317,100000.0,100000.00000003153
91.30000000000001,298.1751119820663,298.1732841098586,298.1282848592082,298.17194224863994,298.1571697480175,100000.0,100000.00000003158
91.4,298.1749612026982,298.1731443055469,298.12841524299074,298.1718105012384,298.15712669884397,100000.0,100000.0000000316
91.5,298.1748113286517,298.1730053406593,298.12854484391244,298.1716795448852,298.15708390814973,100000.0,100000.00000003164
91.60000000000001,298.17466235449086,298.1728672101558,298.128673666674,298.1715493748306,298.1570413743828,100000.0,100000.0000000317
91.7,298.1745142748126,298.17272990902654,298.1288017159477,298.1714199863534,298.1569990960005,100000.0,100000.00000003172
91.80000000000001,298.17436708424617,298.1725934322916,298.1289289963777,298.1712913747608,298.1569570714694,100000.0,100000.00000003177
91.9,298.1742207774531,298.17245777500125,298.1290555125803,298.17116353538825,298.1569152992654,100000.0,100000.00000003181
92.0,298.17407534912695,298.17232293223526,298.1291812691443,298.171036463599,298.1568737778734,100000.0,100000.00000003184
92.10000000000001,298.1739307939931,298.1721888991029,298.12930627063065,298.17091015478445,298.1568325057874,100000.0,100000.00000003188
92.2,298.17378710680885,298.172055670743,298.1294305215731,298.1707846043633,298.1567914815106,100000.0,100000.00000003193
92.30000000000001,298.1736442823626,298.17192324232343,298.1295540264781,298.17065980778204,298.156750703555,100000.0,100000.00000003199
92.4,298.17350231547437,298.17179160904124,298.1296767898251,298.1705357605144,298.1567101704417,100000.0,100000.00000003201
92.5,298.1733612009949,298.17166076612205,298.1297988160666,298.1704124580612,298.1566698807006,100000.0,100000.00000003203
92.60000000000001,298.1732209338064,298.17153070882034,298.1299201096284,298.1702898959504,298.15662983287024,100000.0,100000.00000003207
92.7,298.1730815088213,298.1714014324191,298.13004067490976,298.1701680697369,298.1565900254983,100000.0,100000.00000003213
92.80000000000001,298.1729429209829,298.17127293222956,298.13016051628335,298.1700469750021,298.156550457141,100000.0,100000.00000003219
92.9,298.17280516526455,298.1711452035911,298.13027963809583,298.16992660735394,298.1565111263632,100000.0,100000.00000003222
93.0,298.1726682366702,298.17101824187114,298.1303980446676,298.16980696242683,298.1564720317384,100000.0,100000.00000003226
93.10000000000001,298.1725321302334,298.17089204246486,298.13051574029316,298.16968803588134,298.1564331718487,100000.0,100000.0000000323
93.2,298.17239684101776,298.17076660079516,298.1306327292413,298.16956982340406,298.15639454528457,100000.0,100000.00000003233
93.30000000000001,298.17226236411636,298.17064191231236,298.130749015755,298.16945232070765,298.1563561506452,100000.0,100000.0000000324
93.4,298.172128694652,298.17051797249405,298.130864604052,298.1693355235303,298.15631798653794,100000.0,100000.00000003242
93.5,298.1719958277764,298.17039477684517,298.13097949832445,298.1692194276358,298.1562800515787,100000.0,100000.00000003248
93.60000000000001,298.17186375867084,298.1702723208974,298.1310937027395,298.1691040288137,298.1562423443915,100000.0,100000.00000003254
93.7,298.17173248254505,298.1701506002094,298.13120722143935,298.16898932287836,298.1562048636089,100000.0,100000.00000003257
93.80000000000001,298.17160199463797,298.1700296103665,298.1313200585412,298.1688753056695,298.15616760787134,100000.0,100000.0000000326
93.9,298.1714722902167,298.1699093469805,298.13143221813743,298.1687619730519,298.1561305758277,100000.0,100000.00000003264
94.0,298.17134336457707,298.16978980568945,298.131543704296,298.16864932091505,298.15609376613475,100000.0,100000.0000000327
94.10000000000001,298.17121521304307,298.16967098215787,298.13165452106057,298.1685373451732,298.15605717745757,100000.0,100000.00000003274
94.2,298.1710878309668,298.16955287207594,298.13176467245023,298.16842604176503,298.156020808469,100000.0,100000.00000003277
94.30000000000001,298.1709612137281,298.16943547116,298.1318741624601,298.1683154066537,298.15598465785,100000.0,100000.00000003283
94.4,298.1708353567348,298.1693187751521,298.13198299506143,298.1682054358264,298.1559487242895,100000.0,100000.00000003284
94.5,298.17071025542214,298.16920277981956,298.13209117420126,298.1680961252948,298.1559130064841,100000.0,100000.0000000329
94.60000000000001,298.17058590525266,298.16908748095557,298.1321987038033,298.1679874710943,298.1558775031384,100000.0,100000.00000003295
94.7,298.17046230171644,298.16897287437814,298.1323055877674,298.167879469284,298.1558422129647,100000.0,100000.000000033
94.80000000000001,298.1703394403305,298.1688589559308,298.1324118299704,298.1677721159467,298.1558071346832,100000.0,100000.00000003302
94.9,298.1702173166386,298.1687457214815,298.1325174342654,298.16766540718896,298.1557722670214,100000.0,100000.00000003305
95.0,298.1700959262116,298.1686331669237,298.13262240448273,298.16755933914044,298.15573760871484,100000.0,100000.00000003309
95.10000000000001,298.16997526464667,298.16852128817493,298.1327267444294,298.16745390795415,298.1557031585064,100000.0,100000.00000003315
95.2,298.1698553275676,298.1684100811774,298.13283045788995,298.16734910980625,298.1556689151467,100000.0,100000.0000000332
95.30000000000001,298.16973611062417,298.1682995418979,298.13293354862583,298.1672449408957,298.1556348773937,100000.0,100000.00000003321
95.4,298.1696176094928,298.16818966632707,298.13303602037604,298.16714139744454,298.1556010440129,100000.0,100000.00000003324
95.5,298.1694998198753,298.16808045048003,298.1331378768572,298.16703847569715,298.1555674137772,100000.0,100000.00000003327
95.60000000000001,298.16938273749963,298.1679718903954,298.1332391217635,298.1669361719208,298.15553398546683,100000.0,100000.00000003331
95.7,298.16926635811933,298.16786398213594,298.1333397587671,298.16683448240485,298.1555007578694,100000.0,100000.00000003337
95.80000000000001,298.16915067751336,298.1677567217879,298.13343979151796,298.16673340346136,298.1554677297798,100000.0,100000.00000003338
95.9,298.1690356914862,298.16765010546095,298.13353922364416,298.166632931424,298.1554349,100000.0,100000.00000003341
96.0,298.1689213958673,298.16754412928833,298.1336380587521,298.16653306264897,298.15540226733947,100000.0,100000.00000003345
96.10000000000001,298.16880778651125,298.1674387894262,298.13373630042634,298.16643379351393,298.1553698306145,100000.0,100000.00000003351
96.2,298.16869485929755,298.1673340820542,298.1338339522301,298.1663351204186,298.15533758864876,100000.0,100000.00000003359
96.30000000000001,298.16858261013044,298.1672300033745,298.1339310177051,298.16623703978416,298.15530554027276,100000.0,100000.00000003361
96.4,298.1684710349388,298.16712654961236,298.1340275003718,298.16613954805325,298.1552736843242,100000.0,100000.00000003366
96.5,298.1683601296759,298.1670237170155,298.1341234037296,298.16604264169,298.15524201964763,100000.0,100000.0000000337
96.60000000000001,298.1682498903191,298.1669215018544,298.13421873125674,298.1659463171797,298.1552105450947,100000.0,100000.00000003373
96.7,298.16814031287026,298.16681990042173,298.13431348641086,298.1658505710287,298.15517925952383,100000.0,100000.00000003376
96.80000000000001,298.16803139335514,298.1667189090324,298.1344076726284,298.1657553997644,298.1551481618002,100000.0,100000.00000003382
96.9,298.1679231278233,298.16661852402376,298.1345012933255,298.165660799935,298.155117250796,100000.0,100000.00000003388
97.0,298.16781551234794,298.16651874175477,298.1345943518978,298.1655667681094,298.1550865253902,100000.0,100000.0000000339
97.10000000000001,298.16770854302604,298.1664195586064,298.1346868517204,298.16547330087724,298.1550559844683,100000.0,100000.00000003396
97.2,298.1676022159779,298.1663209709814,298.1347787961482,298.1653803948485,298.1550256269226,100000.0,100000.00000003402
97.30000000000001,298.1674965273471,298.16622297530415,298.1348701885159,298.1652880466536,298.1549954516521,100000.0,100000.00000003405
97.4,298.1673914733004,298.16612556802033,298.1349610321382,298.165196252943,298.1549654575624,100000.0,100000.00000003408
97.5,298.16728705002765,298.16602874559715,298.13505133031003,298.1651050103876,298.15493564356564,100000.0,100000.00000003414
97.60000000000001,298.1671832537414,298.16593250452286,298.1351410863063,298.165014315678,298.1549060085804,100000.0,100000.00000003417
97.7,298.1670800806771,298.16583684130694,298.1352303033825,298.16492416552484,298.1548765515319,100000.0,100000.00000003423
97.80000000000001,298.1669775270928,298.1657417524797,298.13531898477436,298.1648345566585,298.1548472713518,100000.0,100000.00000003426
97.9,298.1668755892689,298.16564723459237,298.1354071336984,298.1647454858288,298.1548181669781,100000.0,100000.00000003431
98.0,298.16677426350816,298.1655532842169,298.1354947533516,298.16465694980525,298.1547892373552,100000.0,100000.00000003434
98.10000000000001,298.1666735461357,298.1654598979458,298.1355818469118,298.1645689453768,298.1547604814338,100000.0,100000.0000000344
98.2,298.16657343349857,298.16536707239203,298.135668417538,298.1644814693516,298.15473189817106,100000.0,100000.00000003443
98.30000000000001,298.1664739219657,298.1652748041888,298.1357544683699,298.1643945185569,298.1547034865302,100000.0,100000.00000003446
98.4,298.16637500792785,298.16518308998974,298.13584000252854,298.1643080898391,298.1546752454808,100000.0,100000.0000000345
98.5,298.1662766877977,298.16509192646845,298.1359250231161,298.1642221800635,298.15464717399857,100000.0,100000.00000003452
98.60000000000001,298.166178958009,298.1650013103183,298.13600953321634,298.1641367861143,298.15461927106537,100000.0,100000.00000003453
98.7,298.1660818150174,298.164911238253,298.1360935358942,298.1640519048942,298.15459153566917,100000.0,100000.00000003459
98.80000000000001,298.16598525529946,298.16482170700556,298.1361770341965,298.1639675333247,298.15456396680406,100000.0,100000.00000003465
98.9,298.16588927535304,298.16473271332876,298.13626003115166,298.16388366834576,298.1545365634701,100000.0,100000.00000003469
99.0,298.16579387169713,298.1646442539949,298.1363425297698,298.1638003069156,298.1545093246735,100000.0,100000.00000003475
99.10000000000001,298.16569904087146,298.1645563257957,298.1364245330432,298.1637174460108,298.1544822494262,100000.0,100000.00000003478
99.2,298.16560477943665,298.1644689255419,298.13650604394604,298.16363508262606,298.15445533674625,100000.0,100000.00000003481
99.30000000000001,298.1655110839738,298.16438205006375,298.1365870654346,298.1635532137741,298.1544285856577,100000.0,100000.00000003484
99.4,298.1654179510848,298.1642956962103,298.13666760044737,298.1634718364857,298.15440199518997,100000.0,100000.00000003488
99.5,298.1653253773917,298.16420986084955,298.13674765190547,298.16339094780926,298.15437556437894,100000.0,100000.00000003495
99.60000000000001,298.16523335953696,298.16412454086833,298.1368272227122,298.1633105448111,298.1543492922659,100000.0,100000.000000035
99.7,298.16514189418314,298.1640397331721,298.13690631575355,298.163230624575,298.15432317789805,100000.0,100000.00000003504
99.80000000000001,298.16505097801297,298.1639554346851,298.1369849338981,298.16315118420243,298.1542972203281,100000.0,100000.00000003507
99.9,298.16496060772886,298.1638716423497,298.1370630799973,298.1630722208121,298.15427141861466,100000.0,100000.0000000351
100.0,298.16487078005326,298.163788353127,298.1371407568855,298.16299373154004,298.15424577182193,100000.0,100000.00000003513
100.10000000000001,298.16478149172815,298.16370556399613,298.1372179673799,298.16291571353946,298.15422027901974,100000.0,100000.00000003519
100.2,298.16469273951515,298.1636232719543,298.13729471428087,298.16283816398084,298.1541949392834,100000.0,100000.00000003522
100.30000000000001,298.16460452019527,298.16354147401694,298.137371000372,298.1627610800515,298.154169751694,100000.0,100000.00000003524
100.4,298.1645168305689,298.1634601672173,298.1374468284201,298.16268445895565,298.1541447153379,100000.0,100000.0000000353
100.5,298.1644296674556,298.16337934860644,298.13752220117533,298.16260829791423,298.1541198293071,100000.0,100000.00000003533
100.60000000000001,298.1643430276939,298.16329901525313,298.13759712137147,298.16253259416504,298.15409509269904,100000.0,100000.00000003539
100.7,298.1642569081417,298.16321916424374,298.1376715917258,298.16245734496243,298.1540705046164,100000.0,100000.00000003542
100.80000000000001,298.1641713056754,298.16313979268216,298.13774561493926,298.162382547577,298.1540460641676,100000.0,100000.00000003548
100.9,298.1640862171902,298.1630608976897,298.1378191936966,298.16230819929604,298.15402177046604,100000.0,100000.0000000355
101.0,298.1640016396001,298.16298247640486,298.13789233066655,298.16223429742297,298.1539976226306,100000.0,100000.00000003556
101.10000000000001,298.1639175698375,298.1629045259833,298.13796502850164,298.16216083927736,298.1539736197856,100000.0,100000.00000003558
101.2,298.16383400485324,298.1628270435979,298.1380372898386,298.16208782219513,298.1539497610604,100000.0,100000.00000003561
101.30000000000001,298.1637509416166,298.1627500264384,298.13810911729826,298.16201524352783,298.1539260455896,100000.0,100000.00000003565
101.4,298.1636683771149,298.1626734717115,298.13818051348574,298.16194310064316,298.1539024725132,100000.0,100000.00000003571
101.5,298.1635863083535,298.16259737664063,298.13825148099056,298.1618713909246,298.1538790409761,100000.0,100000.00000003574
101.60000000000001,298.163504732356,298.1625217384659,298.13832202238655,298.1618001117712,298.15385575012857,100000.0,100000.00000003575
101.7,298.16342364616355,298.1624465544438,298.1383921402323,298.16172926059784,298.15383259912574,100000.0,100000.00000003578
101.80000000000001,298.16334304683534,298.1623718218477,298.1384618370709,298.1616588348347,298.153809587128,100000.0,100000.00000003583
101.9,298.163262931448,298.16229753796705,298.13853111543017,298.16158883192753,298.1537867133008,100000.0,100000.0000000359
102.0,298.1631832970959,298.1622237001076,298.13859997782276,298.16151924933746,298.1537639768144,100000.0,100000.00000003594
102.10000000000001,298.1631041408907,298.1621503055913,298.1386684267463,298.1614500845408,298.15374137684427,100000.0,100000.00000003599
102.2,298.16302545996155,298.1620773517562,298.13873646468335,298.16138133502886,298.15371891257064,100000.0,100000.00000003603
102.30000000000001,298.16294725145474,298.16200483595634,298.1388040941016,298.1613129983082,298.1536965831788,100000.0,100000.00000003607
102.4,298.16286951253363,298.1619327555617,298.1388713174538,298.16124507190034,298.1536743878589,100000.0,100000.00000003612
102.5,298.1627922403788,298.16186110795786,298.13893813717823,298.1611775533417,298.153652325806,100000.0,100000.00000003616
102.60000000000001,298.1627154321876,298.1617898905463,298.13900455569836,298.16111044018334,298.1536303962197,100000.0,100000.0000000362
102.7,298.1626390851743,298.161719100744,298.13907057542315,298.1610437299912,298.15360859830486,100000.0,100000.00000003625
102.80000000000001,298.16256319656975,298.1616487359835,298.13913619874694,298.16097742034566,298.1535869312707,100000.0,100000.00000003628
102.9,298.1624877636217,298.1615787937127,298.13920142805,298.1609115088418,298.1535653943316,100000.0,100000.00000003635
103.0,298.16241278359416,298.16150927139483,298.13926626569804,298.16084599308914,298.1535439867062,100000.0,100000.00000003635
103.10000000000001,298.16233825376764,298.16144016650844,298.13933071404267,298.1607808707113,298.15352270761827,100000.0,100000.0000000364
103.2,298.1622641714391,298.1613714765472,298.13939477542147,298.16071613934645,298.15350155629585,100000.0,100000.00000003644
103.30000000000001,298.16219053392166,298.1613031990196,298.1394584521578,298.16065179664685,298.153480531972,100000.0,100000.00000003648
103.4,298.1621173385444,298.16123533144946,298.1395217465612,298.1605878402789,298.1534596338839,100000.0,100000.00000003651
103.5,298.1620445826527,298.16116787137514,298.1395846609272,298.16052426792277,298.1534388612739,100000.0,100000.00000003654
103.60000000000001,298.1619722636077,298.1611008163501,298.1396471975378,298.1604610772729,298.1534182133885,100000.0,100000.0000000366
103.7,298.1619003787865,298.1610341639421,298.1397093586611,298.1603982660374,298.1533976894787,100000.0,100000.00000003661
103.80000000000001,298.1618289255819,298.1609679117338,298.13977114655154,298.1603358319381,298.1533772888002,100000.0,100000.00000003667
103.9,298.1617579014023,298.16090205732235,298.13983256345034,298.1602737727106,298.1533570106131,100000.0,100000.00000003669
104.0,298.16168730367184,298.1608365983192,298.13989361158474,298.1602120861041,298.15333685418193,100000.0,100000.00000003676
104.10000000000001,298.16161712982984,298.16077153235017,298.1399542931691,298.1601507698812,298.1533168187756,100000.0,100000.00000003679
104.2,298.1615473773312,298.1607068570555,298.14001461040436,298.16008982181813,298.15329690366747,100000.0,100000.00000003682
104.30000000000001,298.1614780436462,298.1606425700894,298.14007456547796,298.1600292397042,298.15327710813517,100000.0,100000.00000003687
104.4,298.1614091262599,298.16057866912024,298.1401341605645,298.1599690213423,298.1532574314609,100000.0,100000.00000003689
104.5,298.1613406226729,298.1605151518303,298.1401933978255,298.15990916454837,298.1532378729308,100000.0,100000.00000003693
104.60000000000001,298.1612725304007,298.160452015916,298.1402522794094,298.15984966715126,298.15321843183557,100000.0,100000.00000003698
104.7,298.16120484697353,298.1603892590874,298.1403108074518,298.1597905269932,298.1531991074702,100000.0,100000.00000003702
104.80000000000001,298.1611375699365,298.1603268790684,298.14036898407545,298.1597317419292,298.15317989913365,100000.0,100000.00000003706
104.9,298.1610706968497,298.1602648735965,298.1404268113904,298.1596733098272,298.15316080612934,100000.0,100000.00000003714
105.0,298.1610042252877,298.1602032404227,298.14048429149386,298.1596152285679,298.1531418277647,100000.0,100000.00000003715
105.10000000000001,298.16093815283944,298.1601419773118,298.1405414264708,298.15955749604467,298.1531229633516,100000.0,100000.00000003718
105.2,298.16087247710874,298.16008108204176,298.14059821839334,298.1595001101637,298.1531042122057,100000.0,100000.00000003721
105.30000000000001,298.16080719571346,298.1600205524039,298.14065466932124,298.15944306884364,298.1530855736469,100000.0,100000.00000003727
105.4,298.16074230628595,298.159960386203,298.140710781302,298.1593863700157,298.1530670469992,100000.0,100000.00000003731
105.5,298.16067780647273,298.1599005812568,298.14076655637075,298.1593300116233,298.1530486315907,100000.0,100000.00000003735
105.60000000000001,298.16061369393447,298.15984113539616,298.1408219965503,298.15927399162246,298.1530303267535,100000.0,100000.00000003741
105.7,298.1605499663458,298.1597820464651,298.14087710385155,298.1592183079814,298.15301213182363,100000.0,100000.00000003746
105.80000000000001,298.16048662139536,298.1597233123207,298.1409318802731,298.1591629586805,298.1529940461412,100000.0,100000.0000000375
105.9,298.1604236567858,298.1596649308324,298.1409863278018,298.15910794171225,298.1529760690503,100000.0,100000.00000003757
106.0,298.16036107023336,298.1596068998829,298.1410404484122,298.15905325508135,298.1529581998989,100000.0,100000.0000000376
106.10000000000001,298.16029885946807,298.1595492173675,298.1410942440673,298.15899889680423,298.1529404380388,100000.0,100000.00000003763
106.2,298.1602370222337,298.15949188119396,298.14114771671825,298.1589448649094,298.1529227828259,100000.0,100000.00000003767
106.30000000000001,298.1601755562873,298.159434889283,298.14120086830445,298.15889115743727,298.1529052336199,100000.0,100000.00000003769
106.4,298.16011445939967,298.15937823956733,298.1412537007536,298.15883777243977,298.1528877897842,100000.0,100000.00000003775
106.5,298.16005372935484,298.1593219299924,298.141306215982,298.1587847079808,298.15287045068624,100000.0,100000.00000003779
106.60000000000001,298.1599933639502,298.15926595851596,298.1413584158943,298.1587319621356,298.15285321569695,100000.0,100000.00000003783
106.7,298.1599333609964,298.1592103231079,298.1414103023837,298.1586795329913,298.15283608419145,100000.0,100000.0000000379
106.80000000000001,298.15987371831704,298.1591550217504,298.14146187733206,298.15862741864623,298.15281905554826,100000.0,100000.0000000379
106.9,298.1598144337491,298.1591000524378,298.14151314261,298.1585756172102,298.1528021291499,100000.0,100000.00000003795
107.0,298.15975550514224,298.1590454131763,298.1415641000769,298.1585241268046,298.1527853043823,100000.0,100000.000000038
107.10000000000001,298.15969693035925,298.15899110198416,298.14161475158085,298.15847294556175,298.15276858063527,100000.0,100000.00000003804
107.2,298.1596387072757,298.1589371168916,298.14166509895904,298.1584220716254,298.1527519573023,100000.0,100000.00000003808
107.30000000000001,298.1595808337797,298.15888345594067,298.14171514403745,298.1583715031504,298.1527354337806,100000.0,100000.00000003813
107.4,298.1595233077725,298.1588301171852,298.14176488863126,298.1583212383027,298.1527190094707,100000.0,100000.00000003814
107.5,298.1594661271675,298.15877709869045,298.14181433454456,298.1582712752592,298.1527026837769,100000.0,100000.00000003821
107.60000000000001,298.15940928989085,298.1587243985336,298.1418634835708,298.1582216122078,298.1526864561071,100000.0,100000.00000003823
107.7,298.1593527938811,298.15867201480324,298.1419123374925,298.15817224734724,298.15267032587286,100000.0,100000.00000003827
107.80000000000001,298.1592966370892,298.15861994559947,298.1419608980816,298.15812317888714,298.15265429248905,100000.0,100000.0000000383
107.9,298.15924081747846,298.15856818903376,298.14200916709933,298.1580744050478,298.1526383553741,100000.0,100000.00000003836
108.0,298.1591853330242,298.158516743229,298.14205714629634,298.15802592406027,298.1526225139501,100000.0,100000.0000000384
108.10000000000001,298.1591301817142,298.15846560631917,298.14210483741283,298.1579777341661,298.15260676764245,100000.0,100000.00000003842
108.2,298.15907536154805,298.1584147764497,298.14215224217855,298.1579298336176,298.15259111588,100000.0,100000.00000003845
108.30000000000001,298.1590208705376,298.158364251777,298.14219936231274,298.1578822206773,298.1525755580951,100000.0,100000.0000000385
108.4,298.15896670670634,298.15831403046855,298.1422461995245,298.1578348936185,298.15256009372354,100000.0,100000.00000003853
108.5,298.1589128680898,298.15826411070293,298.14229275551247,298.15778785072456,298.1525447222044,100000.0,100000.00000003856
108.60000000000001,298.1588593527356,298.1582144906695,298.1423390319653,298.1577410902894,298.15252944298015,100000.0,100000.00000003864
108.7,298.1588061587024,298.15816516856864,298.1423850305614,298.1576946106169,298.1525142554966,100000.0,100000.00000003868
108.80000000000001,298.15875328406116,298.15811614261156,298.142430752969,298.1576484100214,298.15249915920305,100000.0,100000.00000003871
108.9,298.158700726894,298.15806741101994,298.1424762008465,298.15760248682716,298.15248415355177,100000.0,100000.00000003875
109.0,298.15864848529475,298.1580189720265,298.1425213758422,298.15755683936874,298.1524692379987,100000.0,100000.0000000388
109.10000000000001,298.15859655736875,298.1579708238743,298.1425662795946,298.1575114659903,298.1524544120027,100000.0,100000.00000003884
109.2,298.15854494123255,298.1579229648171,298.14261091373226,298.15746636504645,298.15243967502613,100000.0,100000.00000003888
109.30000000000001,298.158493635014,298.15787539311907,298.14265527987413,298.1574215349012,298.15242502653456,100000.0,100000.00000003893
109.4,298.15844263685244,298.1578281070548,298.1426993796292,298.1573769739287,298.1524104659966,100000.0,100000.00000003896
109.5,298.1583919448981,298.1577811049093,298.1427432145971,298.1573326805127,298.1523959928842,100000.0,100000.000000039
109.60000000000001,298.1583415573124,298.15773438497786,298.1427867863675,298.15728865304686,298.15238160667235,100000.0,100000.00000003906
109.7,298.1582914722679,298.15768794556595,298.1428300965208,298.15724488993425,298.15236730683944,100000.0,100000.0000000391
109.80000000000001,298.15824168794796,298.1576417849893,298.14287314662784,298.15720138958756,298.1523530928667,100000.0,100000.00000003912
109.9,298.15819220254707,298.15759590157364,298.14291593825,298.1571581504291,298.1523389642386,100000.0,100000.0000000392
110.0,298.1581430142703,298.1575502936548,298.1429584729393,298.15711517089073,298.15232492044277,100000.0,100000.00000003922
110.10000000000001,298.1580941213338,298.1575049595788,298.1430007522384,298.15707244941353,298.1523109609698,100000.0,100000.00000003926
110.2,298.15804552196414,298.1574598977012,298.1430427776807,298.15702998444795,298.1522970853134,100000.0,100000.00000003932
110.30000000000001,298.15799721439873,298.1574151063877,298.14308455079055,298.15698777445397,298.15228329297037,100000.0,100000.00000003935
110.4,298.1579491968854,298.1573705840138,298.14312607308295,298.1569458179006,298.1522695834404,100000.0,100000.00000003938
110.5,298.1579014676827,298.1573263289647,298.1431673460639,298.1569041132661,298.15225595622627,100000.0,100000.0000000394
110.60000000000001,298.15785402505946,298.1572823396353,298.1432083712303,298.1568626590379,298.15224241083376,100000.0,100000.00000003945
110.7,298.157806867295,298.1572386144301,298.1432491500701,298.1568214537125,298.1522289467716,100000.0,100000.0000000395
110.80000000000001,298.157759992679,298.15719515176335,298.1432896840623,298.15678049579543,298.15221556355135,100000.0,100000.00000003952
110.9,298.1577133995113,298.15715195005856,298.14332997467716,298.15673978380113,298.1522022606878,100000.0,100000.00000003958
111.0,298.15766708610204,298.1571090077489,298.14337002337584,298.15669931625297,298.15218903769835,100000.0,100000.00000003961
111.10000000000001,298.15762105077135,298.1570663232769,298.143409831611,298.1566590916834,298.1521758941033,100000.0,100000.00000003965
111.2,298.15757529184975,298.1570238950944,298.1434494008263,298.1566191086334,298.15216282942623,100000.0,100000.00000003968
111.30000000000001,298.1575298076775,298.15698172166265,298.14348873245694,298.15657936565276,298.1521498431931,100000.0,100000.00000003971
111.4,298.15748459660495,298.1569398014519,298.1435278279295,298.1565398613001,298.1521369349329,100000.0,100000.00000003977
111.5,298.1574396569924,298.1568981329418,298.14356668866196,298.15650059414264,298.15212410417763,100000.0,100000.0000000398
111.60000000000001,298.1573949872098,298.1568567146212,298.1436053160636,298.1564615627562,298.1521113504617,100000.0,100000.00000003984
111.7,298.15735058563706,298.1568155449877,298.14364371153556,298.1564227657251,298.15209867332266,100000.0,100000.00000003987
111.80000000000001,298.1573064506638,298.15677462254826,298.1436818764704,298.1563842016423,298.1520860723007,100000.0,100000.00000003992
111.9,298.1572625806893,298.1567339458186,298.14371981225224,298.156345869109,298.1520735469388,100000.0,100000.00000003999
112.0,298.1572189741224,298.1566935133234,298.143757520257,298.1563077667349,298.15206109678275,100000.0,100000.00000004002
112.10000000000001,298.15717562938147,298.1566533235962,298.14379500185237,298.1562698931382,298.1520487213809,100000.0,100000.00000004006
112.2,298.1571325448946,298.15661337517935,298.14383225839777,298.15623224694514,298.15203642028433,100000.0,100000.0000000401
112.30000000000001,298.15708971909896,298.156573666624,298.14386929124447,298.1561948267904,298.15202419304705,100000.0,100000.00000004012
112.4,298.1570471504414,298.15653419648993,298.1439061017355,298.1561576313167,298.15201203922555,100000.0,100000.00000004018
112.5,298.15700483737794,298.1564949633456,298.1439426912061,298.15612065917503,298.15199995837895,100000.0,100000.00000004022
112.60000000000001,298.156962778374,298.15645596576803,298.1439790609833,298.15608390902446,298.15198795006916,100000.0,100000.00000004025
112.7,298.1569209719041,298.1564172023428,298.1440152123862,298.1560473795321,298.15197601386063,100000.0,100000.00000004031
112.80000000000001,298.15687941645194,298.1563786716641,298.14405114672593,298.156011069373,298.1519641493204,100000.0,100000.00000004037
112.9,298.1568381105103,298.1563403723343,298.14408686530584,298.15597497723024,298.1519523560182,100000.0,100000.0000000404
113.0,298.15679705258117,298.15630230296443,298.1441223694213,298.15593910179484,298.15194063352635,100000.0,100000.00000004043
113.10000000000001,298.1567562411753,298.15626446217374,298.1441576603603,298.1559034417656,298.1519289814196,100000.0,100000.00000004047
113.2,298.1567156748125,298.15622684858965,298.14419273940246,298.1558679958492,298.1519173992753,100000.0,100000.00000004051
113.30000000000001,298.1566753520215,298.15618946084817,298.1442276078203,298.15583276275987,298.1519058866735,100000.0,100000.00000004054
113.4,298.15663527133984,298.15615229759305,298.1442622668784,298.15579774121994,298.15189444319657,100000.0,100000.00000004057
113.5,298.1565954313138,298.15611535747655,298.14429671783387,298.15576292995917,298.1518830684294,100000.0,100000.00000004063
113.60000000000001,298.15655583049846,298.15607863915886,298.1443309619361,298.1557283277149,298.1518717619596,100000.0,100000.00000004069
113.7,298.15651646745744,298.15604214130826,298.1443650004271,298.1556939332322,298.15186052337697,100000.0,100000.00000004072
113.80000000000001,298.1564773407632,298.156005862601,298.14439883454156,298.1556597452636,298.1518493522739,100000.0,100000.00000004076
113.9,298.1564384489966,298.1559698017211,298.1444324655065,298.1556257625692,298.1518382482454,100000.0,100000.0000000408
114.0,298.15639979074695,298.15593395736096,298.1444658945417,298.1555919839163,298.1518272108885,100000.0,100000.00000004086
114.10000000000001,298.1563613646123,298.1558983282203,298.14449912285966,298.1555584080799,298.151816239803,100000.0,100000.00000004089
114.2,298.1563231691989,298.155862913007,298.1445321516655,298.1555250338423,298.1518053345909,100000.0,100000.0000000409
114.30000000000001,298.15628520312146,298.15582771043654,298.14456498215714,298.1554918599929,298.15179449485686,100000.0,100000.00000004098
114.4,298.15624746500305,298.1557927192322,298.1445976155253,298.1554588853286,298.1517837202075,100000.0,100000.000000041
114.5,298.1562099534748,298.1557579381248,298.1446300529535,298.15542610865344,298.1517730102522,100000.0,100000.00000004102
114.60000000000001,298.15617266717624,298.1557233658529,298.14466229561845,298.1553935287785,298.15176236460246,100000.0,100000.00000004107
114.7,298.15613560475504,298.1556890011626,298.14469434468936,298.1553611445224,298.1517517828722,100000.0,100000.0000000411
114.80000000000001,298.156098764867,298.15565484280756,298.1447262013287,298.15532895471034,298.15174126467764,100000.0,100000.00000004115
114.9,298.15606214617605,298.1556208895488,298.1447578666918,298.1552969581749,298.15173080963723,100000.0,100000.00000004121
115.0,298.15602574735385,298.1555871401549,298.1447893419272,298.15526515375564,298.1517204173718,100000.0,100000.00000004125
115.10000000000001,298.15598956708044,298.1555535934019,298.14482062817655,298.15523354029904,298.15171008750445,100000.0,100000.0000000413
115.2,298.1559536040435,298.1555202480729,298.1448517265745,298.1552021166584,298.1516998196605,100000.0,100000.00000004136
115.30000000000001,298.1559178569387,298.1554871029586,298.1448826382489,298.1551708816942,298.15168961346757,100000.0,100000.00000004139
115.4,298.1558823244695,298.1554541568569,298.144913364321,298.1551398342734,298.15167946855547,100000.0,100000.00000004143
115.5,298.1558470053472,298.15542140857275,298.14494390590517,298.15510897327005,298.15166938455627,100000.0,100000.00000004147
115.60000000000001,298.1558118982908,298.1553888569184,298.14497426410907,298.1550782975648,298.15165936110424,100000.0,100000.00000004149
115.7,298.155777002027,298.1553565007134,298.14500444003386,298.15504780604505,298.1516493978358,100000.0,100000.00000004153
115.80000000000001,298.15574231529007,298.1553243387841,298.14503443477395,298.1550174976049,298.1516394943896,100000.0,100000.00000004159
115.9,298.1557078368221,298.15529236996406,298.14506424941726,298.15498737114507,298.15162965040645,100000.0,100000.00000004163
116.0,298.15567356537247,298.1552605930937,298.14509388504507,298.154957425573,298.15161986552937,100000.0,100000.00000004166
116.10000000000001,298.15563949969817,298.1552290070206,298.14512334273223,298.1549276598025,298.15161013940343,100000.0,100000.00000004168
116.2,298.15560563856377,298.1551976105991,298.14515262354723,298.15489807275407,298.15160047167586,100000.0,100000.00000004173
116.30000000000001,298.15557198074106,298.1551664026905,298.1451817285521,298.15486866335453,298.15159086199606,100000.0,100000.00000004176
116.4,298.1555385250093,298.1551353821628,298.1452106588023,298.1548394305372,298.1515813100154,100000.0,100000.00000004182
116.5,298.15550527015523,298.1551045478912,298.1452394153472,298.15481037324196,298.15157181538757,100000.0,100000.0000000419
116.60000000000001,298.1554722149725,298.1550738987571,298.1452679992297,298.15478149041485,298.1515623777681,100000.0,100000.00000004191
116.7,298.15543935826247,298.1550434336491,298.1452964114866,298.15475278100826,298.15155299681476,100000.0,100000.00000004197
116.80000000000001,298.1554066988332,298.1550131514621,298.1453246531484,298.154724243981,298.15154367218724,100000.0,100000.000000042
116.9,298.15537423550035,298.1549830510977,298.1453527252393,298.15469587829807,298.1515344035475,100000.0,100000.00000004206
117.0,298.15534196708643,298.15495313146437,298.1453806287776,298.1546676829306,298.15152519055914,100000.0,100000.00000004211
117.10000000000001,298.15530989242103,298.1549233914769,298.14540836477516,298.154639656856,298.15151603288825,100000.0,100000.00000004213
117.2,298.15527801034096,298.1548938300567,298.1454359342381,298.1546117990579,298.1515069302026,100000.0,100000.00000004217
117.30000000000001,298.1552463196898,298.15486444613146,298.1454633381662,298.1545841085257,298.1514978821719,100000.0,100000.0000000422
117.4,298.1552148193182,298.15483523863554,298.14549057755346,298.1545565842552,298.1514888884681,100000.0,100000.00000004224
117.5,298.1551835080836,298.15480620650965,298.14551765338786,298.15452922524815,298.15147994876514,100000.0,100000.00000004226
117.60000000000001,298.15515238485045,298.1547773487007,298.1455445666513,298.1545020305122,298.15147106273855,100000.0,100000.00000004232
117.7,298.1551214484899,298.1547486641622,298.14557131832004,298.15447499906116,298.1514622300662,100000.0,100000.00000004233
117.80000000000001,298.1550906978799,298.1547201518536,298.14559790936426,298.15444812991444,298.1514534504277,100000.0,100000.00000004239
117.9,298.1550601319052,298.1546918107409,298.1456243407484,298.1544214220976,298.1514447235046,100000.0,100000.00000004242
118.0,298.1550297494572,298.15466363979624,298.14565061343114,298.154394874642,298.1514360489804,100000.0,100000.00000004246
118.10000000000001,298.1549995494338,298.1546356379978,298.1456767283653,298.1543684865847,298.1514274265404,100000.0,100000.0000000425
118.2,298.1549695307399,298.15460780433,298.1457026864981,298.15434225696873,298.151418855872,100000.0,100000.00000004254
118.30000000000001,298.1549396922866,298.1545801377832,298.145728488771,298.15431618484274,298.1514103366643,100000.0,100000.0000000426
118.4,298.1549100329917,298.1545526373542,298.1457541361198,298.154290269261,298.15140186860833,100000.0,100000.00000004264
118.5,298.15488055177957,298.1545253020455,298.14577962947476,298.15426450928373,298.15139345139687,100000.0,100000.00000004267
118.60000000000001,298.15485124758084,298.1544981308656,298.14580496976055,298.15423890397653,298.1513850847247,100000.0,100000.0000000427
118.7,298.1548221193327,298.154471122829,298.1458301578961,298.15421345241083,298.1513767682884,100000.0,100000.00000004272
118.80000000000001,298.1547931659788,298.1544442769563,298.1458551947951,298.1541881536634,298.15136850178635,100000.0,100000.00000004278
118.9,298.15476438646886,298.1544175922738,298.1458800813655,298.15416300681676,298.1513602849186,100000.0,100000.00000004283
119.0,298.15473577975916,298.15439106781344,298.14590481850996,298.1541380109588,298.1513521173873,100000.0,100000.00000004286
119.10000000000001,298.1547073448122,298.15436470261346,298.1459294071257,298.15411316518293,298.15134399889615,100000.0,100000.00000004287
119.2,298.15467908059657,298.1543384957175,298.1459538481045,298.1540884685881,298.15133592915066,100000.0,100000.0000000429
119.30000000000001,298.1546509860872,298.1543124461751,298.14597814233286,298.1540639202786,298.1513279078582,100000.0,100000.00000004296
119.4,298.1546230602652,298.1542865530414,298.14600229069185,298.1540395193639,298.1513199347278,100000.0,100000.00000004299
119.5,298.1545953021175,298.15426081537737,298.1460262940573,298.1540152649592,298.1513120094703,100000.0,100000.000000043
119.60000000000001,298.1545677106376,298.1542352322494,298.1460501532999,298.1539911561847,298.15130413179827,100000.0,100000.00000004304
119.7,298.15454028482463,298.1542098027297,298.14607386928486,298.153967192166,298.15129630142604,100000.0,100000.00000004307
119.80000000000001,298.154513023684,298.154184525896,298.1460974428725,298.15394337203406,298.1512885180695,100000.0,100000.00000004313
119.9,298.1544859262268,298.15415940083153,298.14612087491764,298.15391969492475,298.1512807814464,100000.0,100000.00000004316
120.0,298.1544589914703,298.15413442662486,298.14614416627023,298.1538961599795,298.1512730912762,100000.0,100000.0000000432
120.10000000000001,298.1544322184377,298.1541096023704,298.14616731777505,298.1538727663447,298.1512654472799,100000.0,100000.00000004325
120.2,298.1544056061578,298.1540849271677,298.14619033027174,298.1538495131717,298.15125784918035,100000.0,100000.00000004329
120.30000000000001,298.1543791536655,298.1540604001218,298.1462132045949,298.15382639961734,298.15125029670185,100000.0,100000.0000000433
120.4,298.1543528600014,298.15403602034314,298.14623594157433,298.1538034248432,298.1512427895705,100000.0,100000.00000004335
120.5,298.1543267242118,298.15401178694754,298.1462585420345,298.15378058801605,298.1512353275142,100000.0,100000.00000004341
120.60000000000001,298.1543007453488,298.15398769905596,298.1462810067952,298.1537578883076,298.15122791026215,100000.0,100000.00000004345
120.7,298.1542749224701,298.15396375579485,298.1463033366712,298.1537353248945,298.15122053754527,100000.0,100000.00000004351
120.80000000000001,298.15424925463924,298.15393995629586,298.1463255324724,298.15371289695855,298.1512132090963,100000.0,100000.00000004354
120.9,298.15422374092526,298.15391629969565,298.14634759500376,298.15369060368613,298.15120592464933,100000.0,100000.00000004357
121.0,298.1541983804027,298.1538927851363,298.14636952506555,298.1536684442688,298.1511986839403,100000.0,100000.0000000436
121.10000000000001,298.15417317215184,298.15386941176496,298.14639132345303,298.1536464179028,298.15119148670647,100000.0,100000.00000004366
121.2,298.1541481152584,298.15384617873383,298.14641299095695,298.15362452378923,298.15118433268685,100000.0,100000.0000000437
121.30000000000001,298.15412320881353,298.1538230852003,298.1464345283631,298.1536027611341,298.151177221622,100000.0,100000.00000004373
121.4,298.1540984519139,298.1538001303269,298.14645593645264,298.15358112914805,298.15117015325393,100000.0,100000.00000004374
121.5,298.15407384366165,298.1537773132809,298.14647721600204,298.15355962704643,298.1511631273263,100000.0,100000.00000004377
121.60000000000001,298.15404938316425,298.15375463323494,298.146498367783,298.15353825404947,298.1511561435844,100000.0,100000.00000004383
121.7,298.1540250695345,298.15373208936626,298.1465193925628,298.15351700938197,298.15114920177473,100000.0,100000.00000004389
121.80000000000001,298.1540009018906,298.1537096808573,298.146540291104,298.1534958922734,298.1511423016457,100000.0,100000.00000004392
121.9,298.1539768793559,298.1536874068952,298.1465610641644,298.15347490195785,298.15113544294695,100000.0,100000.00000004398
122.0,298.1539530010594,298.1536652666723,298.1465817124976,298.15345403767407,298.15112862542975,100000.0,100000.000000044
122.10000000000001,298.1539292661348,298.1536432593855,298.1466022368524,298.1534332986652,298.1511218488468,100000.0,100000.00000004403
122.2,298.1539056737213,298.15362138423654,298.1466226379732,298.1534126841792,298.1511151129524,100000.0,100000.00000004408
122.30000000000001,298.15388222296326,298.15359964043216,298.14664291660006,298.15339219346833,298.1511084175022,100000.0,100000.00000004412
122.4,298.15385891301014,298.1535780271836,298.1466630734683,298.15337182578946,298.15110176225335,100000.0,100000.00000004415
122.5,298.15383574301654,298.15355654370705,298.14668310930904,298.15335158040386,298.15109514696445,100000.0,100000.00000004418
122.60000000000001,298.153812712142,298.15353518922336,298.146703024849,298.1533314565771,298.1510885713956,100000.0,100000.00000004425
122.7,298.1537898195513,298.15351396295796,298.1467228208105,298.15331145357953,298.1510820353083,100000.0,100000.0000000443
122.80000000000001,298.15376706441407,298.15349286414096,298.14674249791153,298.1532915706855,298.15107553846553,100000.0,100000.00000004433
122.9,298.15374444590515,298.15347189200713,298.1467620568657,298.153271807174,298.1510690806316,100000.0,100000.00000004435
123.0,298.153721963204,298.1534510457959,298.1467814983825,298.1532521623281,298.1510626615723,100000.0,100000.00000004441
123.10000000000001,298.1536996154954,298.1534303247512,298.1468008231669,298.15323263543536,298.1510562810549,100000.0,100000.00000004444
123.2,298.1536774019686,298.15340972812146,298.14682003191996,298.15321322578757,298.1510499388478,100000.0,100000.00000004447
123.30000000000001,298.15365532181806,298.1533892551596,298.14683912533826,298.1531939326807,298.15104363472113,100000.0,100000.00000004451
123.4,298.1536333742429,298.1533689051231,298.1468581041143,298.1531747554151,298.1510373684462,100000.0,100000.00000004453
123.5,298.15361155844715,298.1533486772739,298.1468769689365,298.15315569329505,298.15103113979575,100000.0,100000.00000004459
123.60000000000001,298.15358987363953,298.1533285708785,298.14689572048906,298.1531367456294,298.1510249485439,100000.0,100000.00000004459
123.7,298.1535683190335,298.1533085852074,298.146914359452,298.1531179117308,298.151018794466,100000.0,100000.00000004463
123.80000000000001,298.1535468938475,298.1532887195359,298.1469328865014,298.15309919091624,298.15101267733894,100000.0,100000.00000004467
123.9,298.1535255973042,298.15326897314344,298.14695130230916,298.1530805825067,298.1510065969408,100000.0,100000.00000004469
124.0,298.1535044286314,298.1532493453139,298.1469696075433,298.15306208582723,298.15100055305106,100000.0,100000.00000004475
124.10000000000001,298.1534833870611,298.1532298353353,298.1469878028677,298.153043700207,298.1509945454506,100000.0,100000.00000004476
124.2,298.1534624718304,298.15321044250004,298.1470058889423,298.15302542497915,298.1509885739214,100000.0,100000.00000004483
124.30000000000001,298.1534416821805,298.1531911661049,298.147023866423,298.15300725948094,298.1509826382469,100000.0,100000.00000004488
124.4,298.1534210173576,298.15317200545053,298.1470417359619,298.1529892030534,298.1509767382119,100000.0,100000.00000004494
124.5,298.153400476612,298.1531529598421,298.1470594982071,298.15297125504173,298.1509708736023,100000.0,100000.00000004497
124.60000000000001,298.15338005919875,298.15313402858885,298.1470771538028,298.152953414795,298.1509650442056,100000.0,100000.00000004501
124.7,298.15335976437746,298.1531152110041,298.14709470338937,298.15293568166607,298.1509592498101,100000.0,100000.00000004504
124.80000000000001,298.15333959141185,298.15309650640546,298.1471121476033,298.15291805501175,298.1509534902058,100000.0,100000.00000004507
124.9,298.1533195395705,298.1530779141144,298.1471294870773,298.15290053419284,298.15094776518373,100000.0,100000.00000004511
125.0,298.1532996081259,298.15305943345675,298.1471467224402,298.15288311857387,298.1509420745364,100000.0,100000.00000004515
125.10000000000001,298.1532797963553,298.1530410637621,298.1471638543172,298.152865807523,298.1509364180572,100000.0,100000.00000004517
125.2,298.1532601035401,298.15302280436424,298.1471808833296,298.1528486004127,298.15093079554117,100000.0,100000.00000004521
125.30000000000001,298.15324052896614,298.15300465460086,298.14719781009507,298.15283149661866,298.1509252067842,100000.0,100000.00000004529
125.4,298.1532210719234,298.1529866138138,298.14721463522744,298.15281449552054,298.1509196515838,100000.0,100000.00000004531
125.5,298.15320173170613,298.1529686813486,298.14723135933707,298.15279759650184,298.15091412973834,100000.0,100000.00000004537
125.60000000000001,298.15318250761294,298.1529508565551,298.14724798303047,298.1527807989495,298.1509086410476,100000.0,100000.0000000454
125.7,298.1531633989466,298.15293313878647,298.1472645069106,298.15276410225437,298.1509031853125,100000.0,100000.00000004543
125.80000000000001,298.153144405014,298.1529155274004,298.1472809315766,298.1527475058109,298.1508977623351,100000.0,100000.00000004549
125.9,298.15312552512637,298.15289802175795,298.14729725762436,298.1527310090172,298.1508923719188,100000.0,100000.00000004549
126.0,298.1531067585988,298.1528806212243,298.147313485646,298.15271461127475,298.1508870138681,100000.0,100000.00000004555
126.10000000000001,298.1530881047508,298.15286332516837,298.14732961623,298.15269831198896,298.1508816879886,100000.0,100000.00000004555
126.2,298.15306956290567,298.15284613296274,298.1473456499615,298.15268211056866,298.1508763940872,100000.0,100000.0000000456
126.30000000000001,298.15305113239094,298.15282904398396,298.147361587422,298.1526660064262,298.1508711319718,100000.0,100000.00000004566
126.4,298.1530328125382,298.15281205761215,298.14737742918953,298.15264999897755,298.1508659014517,100000.0,100000.0000000457
126.5,298.153014602683,298.1527951732313,298.1473931758386,298.15263408764207,298.1508607023371,100000.0,100000.00000004572
126.60000000000001,298.15299650216485,298.15277839022895,298.1474088279404,298.1526182718427,298.1508555344394,100000.0,100000.0000000458
126.7,298.15297851032733,298.15276170799655,298.14742438606265,298.1526025510059,298.1508503975712,100000.0,100000.00000004584
126.80000000000001,298.1529606265177,298.15274512592885,298.1474398507695,298.15258692456126,298.15084529154626,100000.0,100000.0000000459
126.9,298.1529428500876,298.15272864342455,298.147455222622,298.1525713919423,298.15084021617923,100000.0,100000.00000004593
127.0,298.1529251803921,298.1527122598858,298.14747050217755,298.1525559525855,298.1508351712862,100000.0,100000.00000004595
127.10000000000001,298.15290761679046,298.1526959747184,298.1474856899904,298.1525406059308,298.15083015668404,100000.0,100000.00000004601
127.2,298.1528901586455,298.15267978733175,298.1475007866114,298.15252535142184,298.15082517219105,100000.0,100000.00000004604
127.30000000000001,298.1528728053242,298.1526636971387,298.147515792588,298.1525101885052,298.1508202176263,100000.0,100000.00000004607
127.4,298.15285555619704,298.1526477035556,298.1475307084645,298.152495116631,298.15081529281014,100000.0,100000.00000004612
127.5,298.15283841063854,298.1526318060025,298.14754553478195,298.15248013525246,298.15081039756393,100000.0,100000.00000004614
127.60000000000001,298.1528213680267,298.1526160039027,298.14756027207807,298.15246524382627,298.15080553171015,100000.0,100000.00000004619
127.7,298.15280442774355,298.1526002966832,298.1475749208872,298.1524504418125,298.1508006950724,100000.0,100000.00000004623
127.80000000000001,298.1527875891745,298.15258468377425,298.14758948174097,298.1524357286741,298.1507958874751,100000.0,100000.00000004625
127.9,298.1527708517091,298.15256916460953,298.14760395516714,298.1524211038775,298.15079110874393,100000.0,100000.0000000463
128.0,298.15275421473996,298.15255373862624,298.1476183416909,298.1524065668923,298.15078635870566,100000.0,100000.00000004633
128.1,298.15273767766394,298.15253840526486,298.147632641834,298.1523921171912,298.150781637188,100000.0,100000.00000004639
128.20000000000002,298.1527212398811,298.1525231639693,298.14764685611493,298.15237775425015,298.1507769440196,100000.0,100000.00000004639
128.3,298.15270490079524,298.1525080141867,298.14766098504936,298.1523634775482,298.15077227903026,100000.0,100000.00000004645
128.4,298.1526886598139,298.1524929553677,298.1476750291497,298.1523492865676,298.1507676420509,100000.0,100000.00000004648
128.5,298.15267251634793,298.152477986966,298.1476889889254,298.15233518079356,298.1507630329132,100000.0,100000.00000004652
128.6,298.152656469812,298.1524631084388,298.1477028648826,298.15232115971463,298.15075845145003,100000.0,100000.00000004657
128.70000000000002,298.1526405196238,298.15244831924645,298.14771665752477,298.1523072228221,298.1507538974953,100000.0,100000.0000000466
128.8,298.152624665205,298.1524336188525,298.147730367352,298.15229336961056,298.1507493708838,100000.0,100000.00000004664
128.9,298.1526089059806,298.15241900672385,298.14774399486157,298.15227959957764,298.15074487145125,100000.0,100000.00000004668
129.0,298.152593241379,298.15240448233055,298.1477575405478,298.15226591222387,298.15074039903465,100000.0,100000.00000004671
129.1,298.15257767083204,298.1523900451457,298.147771004902,298.1522523070527,298.1507359534716,100000.0,100000.00000004677
129.20000000000002,298.152562193775,298.1523756946458,298.14778438841233,298.1522387835709,298.15073153460105,100000.0,100000.0000000468
129.3,298.15254680964654,298.1523614303103,298.1477976915644,298.1522253412878,298.15072714226255,100000.0,100000.00000004686
129.4,298.15253151788875,298.1523472516219,298.14781091484053,298.15221197971596,298.150722776297,100000.0,100000.00000004689
129.5,298.15251631794683,298.1523331580663,298.1478240587205,298.15219869837074,298.1507184365458,100000.0,100000.00000004694
129.6,298.15250120926976,298.1523191491323,298.1478371236809,298.1521854967704,298.15071412285175,100000.0,100000.00000004697
129.70000000000002,298.1524861913093,298.15230522431193,298.14785011019563,298.1521723744362,298.1507098350583,100000.0,100000.00000004702
129.8,298.1524712635209,298.1522913831001,298.14786301873573,298.1521593308921,298.15070557301004,100000.0,100000.00000004703
129.9,298.15245642536314,298.15227762499467,298.1478758497693,298.15214636566515,298.1507013365522,100000.0,100000.00000004712
130.0,298.1524416762978,298.1522639494968,298.14788860376177,298.15213347828507,298.1506971255313,100000.0,100000.00000004712
130.1,298.15242701579007,298.15225035611047,298.1479012811757,298.1521206682844,298.1506929397945,100000.0,100000.00000004719
130.20000000000002,298.1524124433081,298.1522368443426,298.14791388247085,298.15210793519856,298.1506887791901,100000.0,100000.00000004724
130.3,298.1523979583233,298.15222341370327,298.14792640810435,298.15209527856575,298.1506846435671,100000.0,100000.00000004728
130.4,298.15238356031045,298.1522100637052,298.1479388585304,298.15208269792686,298.15068053277554,100000.0,100000.00000004734
130.5,298.15236924874733,298.15219679386416,298.1479512342006,298.1520701928257,298.1506764466663,100000.0,100000.00000004735
130.6,298.1523550231148,298.15218360369903,298.1479635355638,298.1520577628086,298.15067238509124,100000.0,100000.00000004741
130.70000000000002,298.15234088289697,298.15217049273133,298.14797576306626,298.15204540742485,298.150668347903,100000.0,100000.00000004747
130.8,298.15232682758096,298.15215746048557,298.14798791715134,298.15203312622623,298.15066433495514,100000.0,100000.00000004753
130.9,298.152312856657,298.15214450648904,298.1479999982598,298.15202091876745,298.1506603461022,100000.0,100000.00000004753
131.0,298.1522989696184,298.1521316302719,298.14801200683,298.1520087846056,298.1506563811994,100000.0,100000.00000004754
131.1,298.1522851659614,298.15211883136726,298.1480239432974,298.15199672330067,298.150652440103,100000.0,100000.00000004761
131.20000000000002,298.15227144518553,298.1521061093108,298.14803580809485,298.1519847344152,298.15064852267,100000.0,100000.00000004766
131.3,298.15225780679293,298.1520934636411,298.1480476016527,298.1519728175143,298.1506446287584,100000.0,100000.0000000477
131.4,298.15224425028913,298.15208089389955,298.1480593243988,298.1519609721659,298.150640758227,100000.0,100000.00000004773
131.5,298.1522307751824,298.15206839963025,298.1480709767583,298.15194919794027,298.1506369109353,100000.0,100000.00000004779
131.6,298.15221738098387,298.15205598038006,298.14808255915364,298.15193749441033,298.1506330867438,100000.0,100000.0000000478
131.70000000000002,298.1522040672079,298.1520436356984,298.14809407200516,298.15192586115165,298.15062928551384,100000.0,100000.00000004786
131.8,298.1521908333716,298.1520313651379,298.1481055157302,298.1519142977424,298.1506255071075,100000.0,100000.0000000479
131.9,298.1521776789949,298.15201916825305,298.14811689074395,298.15190280376305,298.1506217513878,100000.0,100000.00000004795
132.0,298.1521646036008,298.15200704460176,298.14812819745896,298.15189137879673,298.1506180182185,100000.0,100000.00000004799
132.1,298.15215160671505,298.1519949937443,298.1481394362853,298.15188002242917,298.1506143074642,100000.0,100000.000000048
132.20000000000002,298.1521386878662,298.1519830152437,298.1481506076305,298.15186873424835,298.1506106189903,100000.0,100000.00000004808
132.3,298.1521258465857,298.1519711086652,298.1481617118999,298.15185751384496,298.15060695266294,100000.0,100000.00000004811
132.4,298.15211308240794,298.1519592735772,298.1481727494961,298.15184636081204,298.15060330834933,100000.0,100000.00000004817
132.5,298.1521003948698,298.15194750955027,298.1481837208195,298.15183527474505,298.1505996859172,100000.0,100000.0000000482
132.6,298.1520877835112,298.1519358161579,298.14819462626804,298.1518242552419,298.1505960852352,100000.0,100000.00000004825
132.70000000000002,298.15207524787473,298.15192419297597,298.1482054662372,298.15181330190285,298.1505925061726,100000.0,100000.00000004828
132.8,298.15206278750577,298.15191263958286,298.1482162411201,298.1518024143308,298.15058894859976,100000.0,100000.00000004834
132.9,298.15205040195235,298.1519011555596,298.1482269513076,298.15179159213073,298.1505854123875,100000.0,100000.00000004837
133.0,298.15203809076525,298.15188974048954,298.1482375971882,298.15178083491026,298.15058189740773,100000.0,100000.0000000484
133.1,298.1520258534979,298.1518783939588,298.1482481791479,298.1517701422791,298.15057840353285,100000.0,100000.00000004843
133.20000000000002,298.15201368970656,298.15186711555583,298.14825869757055,298.15175951384947,298.15057493063625,100000.0,100000.00000004846
133.3,298.15200159895005,298.1518559048715,298.1482691528377,298.1517489492359,298.15057147859176,100000.0,100000.00000004849
133.4,298.1519895807898,298.1518447614993,298.1482795453285,298.1517384480553,298.1505680472744,100000.0,100000.00000004855
133.5,298.15197763478994,298.15183368503506,298.1482898754198,298.15172800992667,298.1505646365596,100000.0,100000.00000004857
133.6,298.1519657605172,298.1518226750769,298.1483001434864,298.1517176344714,298.1505612463237,100000.0,100000.00000004862
133.70000000000002,298.15195395754097,298.1518117312257,298.1483103499006,298.15170732131344,298.15055787644377,100000.0,100000.00000004869
133.8,298.1519422254331,298.1518008530844,298.14832049503275,298.15169707007846,298.15055452679746,100000.0,100000.00000004872
133.9,298.151930563768,298.15179004025856,298.14833057925057,298.15168688039483,298.1505511972634,100000.0,100000.00000004878
134.0,298.1519189721229,298.15177929235585,298.1483406029199,298.15167675189286,298.1505478877208,100000.0,100000.00000004879
134.1,298.15190745007726,298.15176860898663,298.1483505664044,298.1516666842052,298.15054459804963,100000.0,100000.00000004885
134.20000000000002,298.1518959972132,298.1517579897633,298.14836047006537,298.15165667696687,298.1505413281305,100000.0,100000.00000004888
134.3,298.1518846131154,298.15174743430083,298.1483703142619,298.15164672981473,298.15053807784494,100000.0,100000.00000004892
134.4,298.1518732973708,298.1517369422163,298.14838009935124,298.1516368423881,298.150534847075,100000.0,100000.00000004895
134.5,298.15186204956916,298.1517265131291,298.148389825688,298.1516270143283,298.1505316357035,100000.0,100000.00000004898
134.6,298.1518508693025,298.1517161466611,298.1483994936252,298.151617245279,298.150528443614,100000.0,100000.00000004905
134.70000000000002,298.15183975616526,298.15170584243634,298.1484091035135,298.1516075348858,298.1505252706906,100000.0,100000.00000004907
134.8,298.15182870975434,298.151695600081,298.1484186557012,298.15159788279647,298.1505221168184,100000.0,100000.00000004913
134.9,298.15181772966923,298.15168541922355,298.1484281505349,298.15158828866095,298.15051898188295,100000.0,100000.00000004916
135.0,298.1518068155116,298.1516752994949,298.148437588359,298.15157875213134,298.1505158657705,100000.0,100000.00000004919
135.1,298.15179596688563,298.1516652405279,298.1484469695158,298.15156927286176,298.15051276836806,100000.0,100000.00000004923
135.20000000000002,298.15178518339786,298.15165524195777,298.14845629434546,298.15155985050836,298.1505096895633,100000.0,100000.00000004926
135.3,298.15177446465714,298.15164530342184,298.1484655631862,298.1515504847294,298.15050662924455,100000.0,100000.0000000493
135.4,298.1517638102748,298.1516354245597,298.1484747763743,298.1515411751852,298.1505035873008,100000.0,100000.00000004932
135.5,298.1517532198643,298.15162560501295,298.1484839342438,298.1515319215381,298.15050056362173,100000.0,100000.00000004937
135.6,298.15174269304157,298.1516158444255,298.1484930371269,298.1515227234525,298.15049755809764,100000.0,100000.00000004942
135.70000000000002,298.1517322294249,298.15160614244337,298.14850208535375,298.1515135805947,298.1504945706196,100000.0,100000.00000004946
135.8,298.15172182863466,298.15159649871475,298.1485110792525,298.1515044926333,298.15049160107924,100000.0,100000.00000004952
135.9,298.1517114902937,298.1515869128897,298.1485200191494,298.1514954592385,298.15048864936875,100000.0,100000.00000004955
136.0,298.15170121402707,298.15157738462057,298.1485289053686,298.1514864800827,298.15048571538125,100000.0,100000.0000000496
136.1,298.15169099946195,298.1515679135619,298.14853773823245,298.1514775548403,298.15048279901015,100000.0,100000.00000004961
136.20000000000002,298.1516808462279,298.1515584993701,298.1485465180614,298.1514686831876,298.15047990014983,100000.0,100000.00000004965
136.3,298.1516707539568,298.15154914170375,298.1485552451737,298.1514598648027,298.150477018695,100000.0,100000.00000004968
136.4,298.1516607222825,298.15153984022345,298.14856391988604,298.1514510993659,298.1504741545413,100000.0,100000.00000004972
136.5,298.15165075084116,298.1515305945918,298.14857254251297,298.1514423865592,298.1504713075848,100000.0,100000.00000004977
136.6,298.1516408392712,298.15152140447356,298.1485811133672,298.15143372606667,298.15046847772214,100000.0,100000.0000000498
136.70000000000002,298.15163098721297,298.1515122695353,298.14858963275964,298.15142511757415,298.1504656648508,100000.0,100000.00000004984
136.8,298.1516211943093,298.15150318944586,298.14859810099927,298.1514165607694,298.1504628688687,100000.0,100000.00000004988
136.9,298.151611460205,298.1514941638758,298.1486065183932,298.15140805534213,298.15046008967454,100000.0,100000.00000004991
137.0,298.151601784547,298.1514851924977,298.14861488524673,298.15139960098384,298.1504573271674,100000.0,100000.00000004996
137.1,298.1515921669843,298.1514762749863,298.1486232018634,298.15139119738785,298.1504545812471,100000.0,100000.00000005
137.20000000000002,298.15158260716817,298.1514674110182,298.14863146854475,298.15138284424944,298.15045185181407,100000.0,100000.00000005003
137.3,298.15157310475183,298.1514586002718,298.14863968559064,298.15137454126557,298.1504491387693,100000.0,100000.00000005009
137.4,298.1515636593907,298.15144984242755,298.14864785329905,298.1513662881352,298.1504464420145,100000.0,100000.00000005013
137.5,298.15155427074217,298.1514411371679,298.14865597196626,298.15135808455886,298.15044376145175,100000.0,100000.00000005018
137.6,298.15154493846563,298.151432484177,298.1486640418867,298.15134993023906,298.1504410969838,100000.0,100000.0000000502
137.70000000000002,298.1515356622228,298.1514238831412,298.1486720633531,298.15134182488015,298.1504384485141,100000.0,100000.00000005025
137.8,298.151526441677,298.15141533374833,298.1486800366564,298.15133376818807,298.1504358159465,100000.0,100000.0000000503
137.9,298.151517276494,298.1514068356885,298.1486879620857,298.15132575987064,298.15043319918567,100000.0,100000.00000005034
138.0,298.1515081663414,298.15139838865326,298.14869583992856,298.1513177996374,298.1504305981365,100000.0,100000.00000005036
138.1,298.1514991108886,298.1513899923365,298.1487036704706,298.1513098871996,298.1504280127048,100000.0,100000.00000005041
138.20000000000002,298.1514901098073,298.1513816464335,298.14871145399593,298.1513020222703,298.15042544279675,100000.0,100000.00000005047
138.3,298.151481162771,298.1513733506417,298.1487191907868,298.1512942045642,298.15042288831916,100000.0,100000.0000000505
138.4,298.15147226945527,298.1513651046601,298.1487268811237,298.15128643379785,298.15042034917934,100000.0,100000.00000005054
138.5,298.15146342953744,298.15135690818965,298.14873452528576,298.1512787096893,298.1504178252853,100000.0,100000.00000005058
138.6,298.151454642697,298.15134876093316,298.1487421235501,298.1512710319585,298.1504153165453,100000.0,100000.00000005061
138.70000000000002,298.15144590861513,298.1513406625951,298.1487496761923,298.1512634003269,298.1504128228686,100000.0,100000.00000005066
138.8,298.1514372269752,298.15133261288173,298.1487571834864,298.1512558145178,298.1504103441646,100000.0,100000.00000005073
138.9,298.1514285974622,298.1513246115011,298.1487646457046,298.15124827425603,298.1504078803434,100000.0,100000.00000005076
139.0,298.15142001976324,298.15131665816295,298.1487720631175,298.1512407792681,298.1504054313157,100000.0,100000.00000005079
139.1,298.15141149356725,298.15130875257887,298.14877943599424,298.15123332928215,298.1504029969926,100000.0,100000.00000005083
139.20000000000002,298.15140301856485,298.1513008944621,298.1487867646021,298.151225924028,298.1504005772859,100000.0,100000.0000000509
139.3,298.1513945944488,298.1512930835277,298.148794049207,298.1512185632371,298.1503981721078,100000.0,100000.00000005093
139.4,298.1513862209134,298.15128531949233,298.14880129007304,298.1512112466424,298.15039578137106,100000.0,100000.00000005096
139.5,298.15137789765515,298.1512776020744,298.14880848746293,298.15120397397857,298.15039340498896,100000.0,100000.00000005102
139.6,298.151369624372,298.1512699309941,298.1488156416377,298.15119674498186,298.1503910428753,100000.0,100000.00000005106
139.70000000000002,298.151361400764,298.151262305973,298.14882275285674,298.15118955939005,298.15038869494447,100000.0,100000.00000005109
139.8,298.1513532265328,298.1512547267347,298.14882982137806,298.1511824169426,298.15038636111126,100000.0,100000.0000000511
139.9,298.15134510138205,298.1512471930042,298.148836847458,298.1511753173804,298.1503840412911,100000.0,100000.00000005115
140.0,298.1513370250169,298.1512397045084,298.1488438313514,298.15116826044596,298.15038173539966,100000.0,100000.00000005121
140.1,298.15132899714456,298.15123226097563,298.14885077331155,298.1511612458833,298.15037944335353,100000.0,100000.00000005122
140.20000000000002,298.15132101747383,298.1512248621359,298.1488576735902,298.15115427343807,298.1503771650695,100000.0,100000.00000005128
140.3,298.1513130857152,298.15121750772084,298.1488645324377,298.1511473428573,298.15037490046484,100000.0,100000.00000005131
140.4,298.1513052015811,298.1512101974638,298.14887135010275,298.15114045388975,298.1503726494576,100000.0,100000.00000005132
140.5,298.1512973647856,298.1512029310996,298.1488781268326,298.1511336062855,298.1503704119659,100000.0,100000.0000000514
140.6,298.1512895750443,298.15119570836464,298.14888486287305,298.15112679979603,298.15036818790884,100000.0,100000.00000005143
140.70000000000002,298.1512818320749,298.15118852899695,298.14889155846845,298.1511200341748,298.15036597720564,100000.0,100000.00000005146
140.8,298.1512741355964,298.15118139273625,298.1488982138617,298.15111330917614,298.15036377977606,100000.0,100000.00000005147
140.9,298.15126648532976,298.1511742993237,298.148904829294,298.15110662455635,298.1503615955405,100000.0,100000.00000005153
141.0,298.1512588809974,298.1511672485019,298.14891140500544,298.1510999800728,298.1503594244197,100000.0,100000.00000005156
141.1,298.15125132232356,298.1511602400153,298.14891794123446,298.15109337548466,298.15035726633494,100000.0,100000.0000000516
141.20000000000002,298.1512438090342,298.15115327360957,298.1489244382181,298.1510868105523,298.1503551212079,100000.0,100000.00000005164
141.3,298.1512363408567,298.15114634903205,298.14893089619204,298.15108028503755,298.1503529889608,100000.0,100000.00000005167
141.4,298.1512289175202,298.1511394660317,298.1489373153905,298.1510737987039,298.1503508695163,100000.0,100000.00000005173
141.5,298.1512215387555,298.15113262435875,298.14894369604633,298.15106735131593,298.15034876279753,100000.0,100000.00000005175
141.6,298.151214204295,298.15112582376514,298.1489500383909,298.15106094263996,298.15034666872816,100000.0,100000.00000005179
141.70000000000002,298.1512069138726,298.1511190640042,298.1489563426543,298.15105457244346,298.1503445872321,100000.0,100000.00000005183
141.8,298.151199667224,298.1511123448308,298.14896260906505,298.1510482404954,298.1503425182339,100000.0,100000.00000005186
141.9,298.15119246408625,298.1511056660011,298.1489688378506,298.1510419465661,298.1503404616586,100000.0,100000.0000000519
142.0,298.1511853041982,298.15109902727306,298.1489750292367,298.1510356904274,298.1503384174315,100000.0,100000.00000005198
142.1,298.15117818730005,298.1510924284057,298.14898118344803,298.15102947185227,298.15033638547857,100000.0,100000.000000052
142.20000000000002,298.1511711131338,298.15108586915994,298.14898730070774,298.15102329061517,298.15033436572605,100000.0,100000.00000005201
142.3,298.15116408144286,298.15107934929756,298.14899338123774,298.15101714649194,298.1503323581007,100000.0,100000.00000005207
142.4,298.1511570919721,298.15107286858233,298.14899942525847,298.15101103925974,298.15033036252964,100000.0,100000.00000005211
142.5,298.1511501444681,298.15106642677915,298.14900543298927,298.1510049686971,298.15032837894057,100000.0,100000.00000005215
142.6,298.15114323867886,298.1510600236544,298.149011404648,298.1509989345838,298.1503264072615,100000.0,100000.00000005218
142.70000000000002,298.1511363743539,298.1510536589757,298.1490173404511,298.150992936701,298.150324447421,100000.0,100000.00000005226
142.8,298.15112955124425,298.15104733251235,298.1490232406141,298.15098697483126,298.1503224993479,100000.0,100000.00000005229
142.9,298.15112276910247,298.15104104403486,298.1490291053508,298.1509810487582,298.1503205629716,100000.0,100000.00000005231
143.0,298.15111602768263,298.15103479331515,298.149034934874,298.1509751582669,298.15031863822185,100000.0,100000.00000005236
143.1,298.1511093267401,298.15102858012654,298.1490407293951,298.15096930314377,298.1503167250288,100000.0,100000.00000005242
143.20000000000002,298.1511026660319,298.1510224042436,298.1490464891243,298.1509634831764,298.15031482332313,100000.0,100000.00000005247
143.3,298.1510960453165,298.1510162654424,298.14905221427045,298.15095769815383,298.15031293303576,100000.0,100000.00000005249
143.4,298.15108946435373,298.1510101635003,298.1490579050412,298.15095194786613,298.15031105409827,100000.0,100000.00000005253
143.5,298.15108292290483,298.151004098196,298.14906356164306,298.15094623210473,298.1503091864424,100000.0,100000.00000005258
143.6,298.1510764207327,298.1509980693094,298.1490691842811,298.15094055066237,298.1503073300005,100000.0,100000.00000005259
143.70000000000002,298.1510699576014,298.15099207662195,298.1490747731591,298.150934903333,298.1503054847052,100000.0,100000.00000005262
143.8,298.15106353327656,298.1509861199163,298.14908032848007,298.15092928991174,298.15030365048955,100000.0,100000.00000005268
143.9,298.1510571475251,298.1509801989764,298.1490858504452,298.1509237101951,298.150301827287,100000.0,100000.0000000527
144.0,298.1510508001155,298.1509743135874,298.14909133925505,298.1509181639806,298.1503000150316,100000.0,100000.00000005274
144.1,298.1510444908176,298.150968463536,298.14909679510845,298.15091265106713,298.1502982136574,100000.0,100000.00000005277
144.20000000000002,298.1510382194024,298.15096264860995,298.1491022182034,298.1509071712547,298.1502964230991,100000.0,100000.00000005282
144.3,298.1510319856426,298.1509568685983,298.1491076087366,298.15090172434464,298.1502946432919,100000.0,100000.00000005287
144.4,298.15102578931203,298.15095112329146,298.14911296690343,298.15089631013933,298.15029287417116,100000.0,100000.00000005288
144.5,298.15101963018594,298.15094541248106,298.14911829289844,298.15089092844244,298.15029111567264,100000.0,100000.00000005291
144.6,298.15101350804093,298.1509397359599,298.14912358691464,298.1508855790588,298.15028936773274,100000.0,100000.00000005298
144.70000000000002,298.1510074226551,298.15093409352227,298.14912884914406,298.15088026179427,298.1502876302879,100000.0,100000.00000005303
144.8,298.1510013738075,298.1509284849634,298.14913407977764,298.1508749764561,298.1502859032752,100000.0,100000.00000005304
144.9,298.150995361279,298.1509229100798,298.149139279005,298.15086972285263,298.15028418663195,100000.0,100000.0000000531
145.0,298.1509893848513,298.15091736866947,298.1491444470148,298.15086450079326,298.15028248029586,100000.0,100000.00000005313
145.1,298.15098344430777,298.1509118605312,298.14914958399436,298.15085931008855,298.1502807842051,100000.0,100000.00000005319
145.20000000000002,298.150977539433,298.1509063854654,298.14915469013005,298.15085415055034,298.1502790982982,100000.0,100000.00000005323
145.3,298.1509716700126,298.1509009432734,298.1491597656071,298.1508490219914,298.1502774225139,100000.0,100000.00000005326
145.4,298.150965835834,298.15089553375793,298.1491648106096,298.1508439242258,298.15027575679153,100000.0,100000.00000005332
145.5,298.1509600366853,298.15089015672265,298.1491698253204,298.1508388570686,298.1502741010706,100000.0,100000.00000005335
145.6,298.15095427235644,298.15088481197256,298.14917480992153,298.150833820336,298.1502724552911,100000.0,100000.00000005338
145.70000000000002,298.15094854263816,298.1508794993139,298.14917976459367,298.1508288138454,298.15027081939326,100000.0,100000.0000000534
145.8,298.15094284732277,298.1508742185539,298.1491846895167,298.1508238374151,298.15026919331785,100000.0,100000.00000005345
145.9,298.1509371862036,298.15086896950106,298.14918958486896,298.15081889086474,298.1502675770059,100000.0,100000.00000005346
146.0,298.15093155907533,298.150863751965,298.1491944508282,298.15081397401485,298.15026597039866,100000.0,100000.00000005351
146.1,298.15092596573396,298.1508585657565,298.1491992875709,298.15080908668705,298.150264373438,100000.0,100000.00000005355
146.20000000000002,298.15092040597654,298.15085341068743,298.14920409527247,298.15080422870415,298.15026278606587,100000.0,100000.00000005358
146.3,298.1509148796015,298.15084828657086,298.1492088741072,298.15079939989,298.15026120822483,100000.0,100000.00000005361
146.4,298.1509093864084,298.1508431932209,298.1492136242485,298.15079460006933,298.1502596398576,100000.0,100000.00000005364
146.5,298.1509039261979,298.1508381304528,298.1492183458686,298.1507898290682,298.15025808090724,100000.0,100000.00000005368
146.6,298.1508984987721,298.1508330980831,298.14922303913875,298.1507850867134,298.1502565313172,100000.0,100000.00000005373
146.70000000000002,298.150893103934,298.1508280959291,298.1492277042292,298.1507803728331,298.15025499103143,100000.0,100000.00000005377
146.8,298.1508877414881,298.1508231238094,298.1492323413092,298.15077568725627,298.15025345999396,100000.0,100000.00000005383
146.9,298.15088241123976,298.1508181815437,298.14923695054677,298.1507710298129,298.1502519381492,100000.0,100000.00000005387
147.0,298.1508771129957,298.1508132689528,298.1492415321093,298.15076640033413,298.1502504254421,100000.0,100000.00000005389
147.1,298.15087184656386,298.15080838585834,298.14924608616275,298.15076179865207,298.1502489218177,100000.0,100000.00000005393
147.20000000000002,298.15086661175314,298.1508035320835,298.1492506128725,298.1507572245998,298.1502474272214,100000.0,100000.00000005396
147.3,298.15086140837366,298.15079870745194,298.1492551124025,298.1507526780114,298.15024594159917,100000.0,100000.000000054
147.4,298.1508562362367,298.1507939117889,298.14925958491614,298.15074815872197,298.150244464897,100000.0,100000.00000005406
147.5,298.15085109515474,298.1507891449204,298.1492640305755,298.1507436665677,298.15024299706135,100000.0,100000.0000000541
147.6,298.15084598494127,298.15078440667344,298.1492684495419,298.1507392013855,298.150241538039,100000.0,100000.00000005416
147.70000000000002,298.150840905411,298.15077969687627,298.14927284197563,298.15073476301353,298.15024008777704,100000.0,100000.0000000542
147.8,298.15083585637956,298.150775015358,298.1492772080359,298.1507303512908,298.1502386462229,100000.0,100000.00000005425
147.9,298.15083083766393,298.15077036194896,298.1492815478812,298.1507259660572,298.1502372133242,100000.0,100000.00000005431
148.0,298.1508258490821,298.15076573648025,298.1492858616688,298.1507216071539,298.150235789029,100000.0,100000.00000005435
148.1,298.15082089045313,298.15076113878416,298.1492901495552,298.1507172744226,298.15023437328574,100000.0,100000.0000000544
148.20000000000002,298.1508159615971,298.1507565686939,298.1492944116959,298.1507129677062,298.1502329660429,100000.0,100000.00000005442
148.3,298.1508110623354,298.15075202604373,298.1492986482456,298.15070868684865,298.1502315672496,100000.0,100000.00000005447
148.4,298.1508061924901,298.15074751066896,298.1493028593578,298.15070443169446,298.1502301768551,100000.0,100000.00000005451
148.5,298.15080135188487,298.1507430224057,298.14930704518537,298.1507002020895,298.1502287948088,100000.0,100000.00000005457
148.6,298.1507965403439,298.1507385610913,298.14931120588,298.15069599788023,298.15022742106083,100000.0,100000.00000005458
148.70000000000002,298.1507917576928,298.1507341265638,298.1493153415927,298.1506918189142,298.1502260555611,100000.0,100000.00000005463
148.8,298.150787003758,298.1507297186625,298.1493194524734,298.1506876650398,298.1502246982603,100000.0,100000.00000005466
148.9,298.15078227836716,298.1507253372274,298.1493235386712,298.1506835361065,298.15022334910907,100000.0,100000.00000005472
149.0,298.15077758134896,298.15072098209976,298.14932760033435,298.1506794319644,298.15022200805856,100000.0,100000.00000005474
149.1,298.15077291253294,298.1507166531215,298.14933163761015,298.15067535246476,298.15022067506004,100000.0,100000.00000005477
149.20000000000002,298.1507682717498,298.15071235013556,298.14933565064496,298.1506712974596,298.15021935006524,100000.0,100000.00000005483
149.3,298.15076365883124,298.15070807298605,298.14933963958447,298.1506672668018,298.1502180330261,100000.0,100000.00000005486
149.4,298.15075907360995,298.1507038215177,298.14934360457323,298.1506632603452,298.1502167238948,100000.0,100000.0000000549
149.5,298.1507545159196,298.1506995955764,298.14934754575506,298.1506592779445,298.1502154226239,100000.0,100000.00000005495
149.6,298.15074998559487,298.1506953950087,298.149351463273,298.1506553194552,298.15021412916616,100000.0,100000.00000005496
149.70000000000002,298.15074548247145,298.1506912196625,298.149355357269,298.15065138473386,298.1502128434748,100000.0,100000.00000005504
149.8,298.15074100638606,298.1506870693862,298.14935922788436,298.15064747363766,298.15021156550296,100000.0,100000.00000005506
149.9,298.1507365571764,298.15068294402937,298.14936307525954,298.1506435860247,298.15021029520454,100000.0,100000.00000005511
150.0,298.150732134681,298.1506788434423,298.1493668995339,298.15063972175415,298.15020903253327,100000.0,100000.00000005517
150.1,298.15072773873953,298.1506747674763,298.14937070084636,298.1506358806857,298.1502077774434,100000.0,100000.00000005521
150.20000000000002,298.15072336919246,298.15067071598355,298.14937447933454,298.15063206268013,298.1502065298896,100000.0,100000.00000005525
150.3,298.1507190258814,298.1506666888172,298.1493782351357,298.15062826759896,298.1502052898264,100000.0,100000.00000005528
150.4,298.1507147086488,298.1506626858309,298.14938196838597,298.15062449530444,298.1502040572087,100000.0,100000.00000005533
150.5,298.15071041733813,298.15065870687977,298.14938567922076,298.1506207456599,298.15020283199226,100000.0,100000.00000005538
150.6,298.1507061517936,298.15065475181933,298.1493893677747,298.1506170185293,298.15020161413213,100000.0,100000.0000000554
150.70000000000002,298.1507019118606,298.15065082050614,298.14939303418146,298.15061331377734,298.1502004035845,100000.0,100000.00000005544
150.8,298.1506976973854,298.1506469127977,298.14939667857413,298.15060963126984,298.15019920030534,100000.0,100000.00000005547
150.9,298.15069350821506,298.1506430285523,298.1494003010848,298.15060597087313,298.15019800425097,100000.0,100000.00000005552
151.0,298.15068934419764,298.1506391676289,298.14940390184495,298.1506023324544,298.150196815378,100000.0,100000.00000005556
151.1,298.1506852051822,298.1506353298876,298.14940748098513,298.1505987158818,298.1501956336435,100000.0,100000.0000000556
151.20000000000002,298.15068109101855,298.15063151518916,298.1494110386351,298.15059512102414,298.15019445900435,100000.0,100000.00000005566
151.3,298.1506770015575,298.15062772339525,298.149414574924,298.150591547751,298.1501932914181,100000.0,100000.00000005568
151.4,298.1506729366507,298.15062395436837,298.14941808998003,298.15058799593277,298.15019213084236,100000.0,100000.0000000557
151.5,298.15066889615076,298.1506202079717,298.14942158393063,298.1505844654406,298.150190977235,100000.0,100000.00000005576
151.6,298.1506648799111,298.1506164840695,298.1494250569026,298.15058095614654,298.1501898305542,100000.0,100000.00000005579
151.70000000000002,298.15066088778605,298.15061278252665,298.14942850902185,298.15057746792326,298.1501886907585,100000.0,100000.00000005582
151.8,298.1506569196308,298.1506091032089,298.1494319404137,298.15057400064427,298.1501875578064,100000.0,100000.00000005585
151.9,298.15065297530157,298.15060544598276,298.14943535120244,298.1505705541838,298.15018643165683,100000.0,100000.00000005591
152.0,298.1506490546551,298.15060181071567,298.14943874151186,298.1505671284168,298.150185312269,100000.0,100000.00000005597
152.1,298.1506451575493,298.1505981972757,298.1494421114649,298.15056372321914,298.15018419960234,100000.0,100000.00000005598
152.20000000000002,298.1506412838429,298.15059460553186,298.1494454611838,298.1505603384672,298.15018309361636,100000.0,100000.00000005602
152.3,298.1506374333952,298.15059103535395,298.1494487907901,298.1505569740382,298.15018199427107,100000.0,100000.00000005605
152.4,298.1506336060668,298.15058748661227,298.14945210040446,298.15055362981025,298.1501809015266,100000.0,100000.00000005611
152.5,298.15062980171865,298.1505839591782,298.14945539014695,298.1505503056619,298.1501798153432,100000.0,100000.00000005614
152.6,298.1506260202129,298.1505804529239,298.14945866013693,298.1505470014728,298.1501787356816,100000.0,100000.00000005623
152.70000000000002,298.15062226141237,298.15057696772215,298.149461910493,298.15054371712284,298.15017766250253,100000.0,100000.00000005624
152.8,298.1506185251807,298.1505735034465,298.149465141333,298.1505404524931,298.1501765957672,100000.0,100000.00000005632
152.9,298.1506148113824,298.1505700599713,298.14946835277414,298.1505372074651,298.15017553543674,100000.0,100000.00000005635
153.0,298.15061111988285,298.1505666371717,298.1494715449329,298.15053398192117,298.15017448147296,100000.0,100000.00000005639
153.1,298.1506074505481,298.15056323492365,298.14947471792505,298.1505307757443,298.1501734338373,100000.0,100000.00000005642
153.20000000000002,298.15060380324496,298.1505598531035,298.14947787186566,298.1505275888182,298.15017239249204,100000.0,100000.00000005646
153.3,298.1506001778414,298.1505564915888,298.1494810068691,298.1505244210273,298.1501713573993,100000.0,100000.00000005652
153.4,298.1505965742057,298.1505531502576,298.1494841230491,298.1505212722567,298.15017032852154,100000.0,100000.00000005656
153.5,298.1505929922072,298.1505498289887,298.1494872205187,298.15051814239223,298.15016930582146,100000.0,100000.0000000566
153.60000000000002,298.15058943171607,298.1505465276616,298.1494902993902,298.1505150313203,298.15016828926196,100000.0,100000.00000005667
153.70000000000002,298.1505858926031,298.1505432461566,298.1494933597754,298.1505119389281,298.1501672788061,100000.0,100000.0000000567
153.8,298.15058237473994,298.1505399843546,298.1494964017851,298.1505088651036,298.1501662744174,100000.0,100000.00000005671
153.9,298.150578877999,298.15053674213743,298.1494994255297,298.1505058097351,298.1501652760593,100000.0,100000.00000005677
154.0,298.1505754022536,298.15053351938747,298.14950243111895,298.15050277271195,298.1501642836956,100000.0,100000.00000005678
154.10000000000002,298.15057194737744,298.1505303159878,298.14950541866176,298.15049975392384,298.1501632972903,100000.0,100000.00000005683
154.20000000000002,298.15056851324533,298.1505271318222,298.14950838826655,298.1504967532615,298.1501623168077,100000.0,100000.00000005687
154.3,298.1505650997327,298.15052396677527,298.149511340041,298.15049377061587,298.1501613422122,100000.0,100000.00000005693
154.4,298.1505617067158,298.15052082073214,298.1495142740922,298.1504908058789,298.1501603734684,100000.0,100000.00000005699
154.5,298.1505583340715,298.1505176935787,298.14951719052647,298.1504878589431,298.1501594105412,100000.0,100000.00000005701
154.60000000000002,298.1505549816775,298.15051458520156,298.14952008944965,298.15048492970146,298.15015845339576,100000.0,100000.00000005704
154.70000000000002,298.1505516494122,298.1505114954881,298.1495229709669,298.15048201804785,298.1501575019973,100000.0,100000.0000000571
154.8,298.15054833715476,298.150508424326,298.14952583518277,298.15047912387666,298.1501565563112,100000.0,100000.0000000571
154.9,298.1505450447851,298.1505053716041,298.1495286822011,298.1504762470828,298.1501556163033,100000.0,100000.00000005716
155.0,298.1505417721836,298.1505023372116,298.149531512125,298.15047338756204,298.1501546819395,100000.0,100000.0000000572
155.10000000000002,298.1505385192319,298.1504993210384,298.1495343250574,298.1504705452107,298.1501537531858,100000.0,100000.00000005725
155.20000000000002,298.1505352858117,298.1504963229752,298.1495371211001,298.1504677199256,298.1501528300087,100000.0,100000.00000005728
155.3,298.1505320718059,298.15049334291314,298.1495399003545,298.1504649116043,298.15015191237455,100000.0,100000.00000005733
155.4,298.15052887709794,298.1504903807442,298.1495426629216,298.15046212014494,298.1501510002502,100000.0,100000.00000005738
155.5,298.15052570157184,298.150487436361,298.1495454089014,298.1504593454462,298.15015009360246,100000.0,100000.00000005742
155.60000000000002,298.1505225451125,298.15048450965674,298.1495481383936,298.1504565874077,298.1501491923985,100000.0,100000.00000005744
155.70000000000002,298.1505194076054,298.15048160052515,298.1495508514972,298.15045384592906,298.1501482966056,100000.0,100000.00000005751
155.8,298.1505162889368,298.1504787088609,298.1495535483105,298.15045112091116,298.1501474061913,100000.0,100000.00000005754
155.9,298.15051318899356,298.1504758345589,298.14955622893143,298.150448412255,298.1501465211233,100000.0,100000.00000005757
156.0,298.15051010766325,298.15047297751505,298.14955889345714,298.1504457198623,298.1501456413695,100000.0,100000.00000005763
156.10000000000002,298.15050704483406,298.1504701376257,298.1495615419843,298.15044304363556,298.150144766898,100000.0,100000.00000005765
156.20000000000002,298.150504000395,298.1504673147879,298.14956417460894,298.1504403834776,298.150143897677,100000.0,100000.00000005771
156.3,298.1505009742356,298.1504645088991,298.14956679142654,298.15043773929193,298.1501430336751,100000.0,100000.00000005773
156.4,298.1504979662461,298.15046171985773,298.1495693925321,298.15043511098276,298.1501421748609,100000.0,100000.00000005777
156.5,298.1504949763174,298.15045894756247,298.1495719780199,298.1504324984547,298.15014132120325,100000.0,100000.0000000578
156.60000000000002,298.1504920043411,298.1504561919129,298.14957454798366,298.15042990161294,298.1501404726712,100000.0,100000.00000005784
156.70000000000002,298.15048905020944,298.15045345280896,298.1495771025166,298.15042732036335,298.15013962923405,100000.0,100000.0000000579
156.8,298.1504861138151,298.1504507301514,298.1495796417115,298.15042475461235,298.15013879086104,100000.0,100000.00000005793
156.9,298.1504831950517,298.1504480238415,298.14958216566026,298.1504222042668,298.1501379575219,100000.0,100000.00000005796
157.0,298.1504802938134,298.150445333781,298.1495846744547,298.1504196692343,298.15013712918636,100000.0,100000.000000058
157.10000000000002,298.150477409995,298.1504426598724,298.14958716818546,298.1504171494227,298.15013630582433,100000.0,100000.00000005803
157.20000000000002,298.1504745434918,298.1504400020186,298.14958964694324,298.15041464474086,298.1501354874061,100000.0,100000.0000000581
157.3,298.15047169419984,298.1504373601234,298.1495921108178,298.15041215509785,298.1501346739018,100000.0,100000.00000005812
157.4,298.15046886201594,298.1504347340908,298.1495945598987,298.15040968040324,298.150133865282,100000.0,100000.00000005815
157.5,298.15046604683715,298.1504321238257,298.14959699427453,298.1504072205675,298.1501330615174,100000.0,100000.00000005821
157.60000000000002,298.15046324856155,298.15042952923335,298.1495994140337,298.15040477550133,298.1501322625788,100000.0,100000.00000005824
157.70000000000002,298.15046046708756,298.15042695021964,298.1496018192639,298.1504023451159,298.15013146843734,100000.0,100000.00000005827
157.8,298.1504577023143,298.15042438669104,298.14960421005253,298.1503999293232,298.15013067906403,100000.0,100000.00000005832
157.9,298.15045495414154,298.1504218385546,298.1496065864862,298.1503975280357,298.1501298944304,100000.0,100000.00000005835
158.0,298.1504522224696,298.15041930571795,298.149608948651,298.15039514116614,298.1501291145079,100000.0,100000.0000000584
158.10000000000002,298.15044950719937,298.15041678808905,298.14961129663277,298.150392768628,298.1501283392683,100000.0,100000.00000005844
158.20000000000002,298.15044680823235,298.15041428557674,298.14961363051657,298.15039041033526,298.1501275686834,100000.0,100000.0000000585
158.3,298.1504441254707,298.1504117980902,298.1496159503871,298.15038806620237,298.1501268027253,100000.0,100000.00000005851
158.4,298.1504414588171,298.1504093255393,298.1496182563285,298.15038573614436,298.1501260413663,100000.0,100000.00000005856
158.5,298.15043880817484,298.15040686783414,298.14962054842437,298.1503834200766,298.15012528457873,100000.0,100000.00000005857
158.60000000000002,298.1504361734477,298.1504044248859,298.1496228267579,298.1503811179152,298.15012453233504,100000.0,100000.00000005864
158.70000000000002,298.1504335545403,298.1504019966057,298.14962509141156,298.1503788295766,298.15012378460807,100000.0,100000.00000005866
158.8,298.1504309513576,298.1503995829056,298.1496273424676,298.15037655497775,298.15012304137065,100000.0,100000.0000000587
158.9,298.150428363805,298.15039718369803,298.1496295800078,298.15037429403634,298.15012230259583,100000.0,100000.00000005873
159.0,298.15042579178885,298.15039479889595,298.14963180411314,298.1503720466702,298.15012156825685,100000.0,100000.00000005879
159.10000000000002,298.15042323521584,298.15039242841294,298.14963401486426,298.1503698127979,298.15012083832704,100000.0,100000.00000005882
159.20000000000002,298.15042069399317,298.1503900721629,298.1496362123415,298.15036759233834,298.1501201127799,100000.0,100000.00000005886
159.3,298.15041816802875,298.1503877300605,298.1496383966244,298.15036538521116,298.1501193915892,100000.0,100000.00000005892
159.4,298.15041565723084,298.15038540202073,298.1496405677923,298.15036319133606,298.1501186747287,100000.0,100000.00000005896
159.5,298.1504131615086,298.1503830879592,298.14964272592385,298.15036101063373,298.1501179621725,100000.0,100000.000000059
159.60000000000002,298.1504106807713,298.15038078779185,298.1496448710974,298.15035884302483,298.15011725389456,100000.0,100000.00000005904
159.70000000000002,298.15040821492903,298.1503785014354,298.1496470033908,298.1503566884309,298.1501165498694,100000.0,100000.00000005908
159.8,298.1504057638923,298.15037622880686,298.1496491228812,298.15035454677377,298.1501158500714,100000.0,100000.00000005911
159.9,298.15040332757235,298.1503739698239,298.14965122964566,298.15035241797574,298.15011515447515,100000.0,100000.00000005915
160.0,298.1504009058808,298.1503717244044,298.1496533237605,298.1503503019596,298.1501144630555,100000.0,100000.0000000592
160.10000000000002,298.1503984987297,298.15036949246706,298.1496554053017,298.1503481986486,298.1501137757873,100000.0,100000.00000005924
160.20000000000002,298.15039610603185,298.1503672739309,298.14965747434474,298.15034610796647,298.1501130926456,100000.0,100000.00000005926
160.3,298.15039372770036,298.1503650687155,298.1496595309646,298.1503440298374,298.15011241360577,100000.0,100000.0000000593
160.4,298.1503913636491,298.1503628767407,298.149661575236,298.150341964186,298.15011173864303,100000.0,100000.00000005934
160.5,298.1503890137923,298.1503606979273,298.14966360723304,298.15033991093736,298.15011106773295,100000.0,100000.00000005937
160.60000000000002,298.1503866780446,298.150358532196,298.1496656270293,298.150337870017,298.1501104008512,100000.0,100000.00000005942
160.70000000000002,298.1503843563214,298.15035637946835,298.1496676346983,298.15033584135085,298.15010973797365,100000.0,100000.00000005946
160.8,298.1503820485385,298.1503542396663,298.1496696303126,298.15033382486547,298.1501090790761,100000.0,100000.00000005949
160.9,298.1503797546122,298.1503521127122,298.14967161394463,298.15033182048757,298.1501084241349,100000.0,100000.00000005952
161.0,298.1503774744592,298.150349998529,298.1496735856664,298.1503298281445,298.150107773126,100000.0,100000.00000005956
161.10000000000002,298.15037520799694,298.15034789703986,298.1496755455495,298.150327847764,298.15010712602606,100000.0,100000.0000000596
161.20000000000002,298.15037295514315,298.1503458081687,298.1496774936648,298.1503258792743,298.15010648281145,100000.0,100000.00000005966
161.3,298.15037071581617,298.1503437318397,298.1496794300831,298.15032392260395,298.15010584345885,100000.0,100000.00000005969
161.4,298.15036848993464,298.1503416679776,298.1496813548746,298.15032197768204,298.1501052079451,100000.0,100000.00000005974
161.5,298.15036627741796,298.15033961650744,298.1496832681092,298.15032004443793,298.1501045762472,100000.0,100000.00000005974
161.60000000000002,298.1503640781859,298.1503375773549,298.14968516985607,298.1503181228016,298.1501039483422,100000.0,100000.00000005978
161.70000000000002,298.15036189215857,298.150335550446,298.1496870601844,298.1503162127033,298.15010332420724,100000.0,100000.00000005981
161.8,298.1503597192568,298.15033353570726,298.1496889391626,298.15031431407374,298.1501027038198,100000.0,100000.00000005987
161.9,298.1503575594017,298.1503315330656,298.149690806859,298.15031242684404,298.1501020871574,100000.0,100000.00000005992
162.0,298.15035541251507,298.1503295424483,298.14969266334117,298.1503105509459,298.1501014741975,100000.0,100000.00000005992
162.10000000000002,298.1503532785188,298.1503275637832,298.1496945086765,298.1503086863111,298.15010086491804,100000.0,100000.00000005998
162.20000000000002,298.15035115733576,298.1503255969986,298.1496963429319,298.15030683287216,298.1501002592969,100000.0,100000.00000006001
162.3,298.15034904888887,298.1503236420231,298.14969816617395,298.1503049905617,298.150099657312,100000.0,100000.00000006007
162.4,298.1503469531017,298.15032169878583,298.14969997846873,298.15030315931307,298.15009905894163,100000.0,100000.0000000601
162.5,298.15034486989816,298.15031976721633,298.149701779882,298.15030133905975,298.15009846416405,100000.0,100000.0000000601
162.60000000000002,298.1503427992028,298.1503178472445,298.149703570479,298.15029952973566,298.15009787295764,100000.0,100000.00000006019
162.70000000000002,298.15034074094046,298.1503159388007,298.1497053503249,298.1502977312754,298.15009728530106,100000.0,100000.0000000602
162.8,298.15033869503657,298.15031404181576,298.149707119484,298.15029594361346,298.1500967011729,100000.0,100000.00000006024
162.9,298.15033666141676,298.1503121562208,298.14970887802065,298.1502941666852,298.150096120552,100000.0,100000.00000006027
163.0,298.1503346400074,298.15031028194755,298.14971062599847,298.1502924004261,298.15009554341736,100000.0,100000.0000000603
163.10000000000002,298.1503326307352,298.1503084189279,298.14971236348094,298.1502906447722,298.15009496974795,100000.0,100000.00000006035
163.20000000000002,298.1503306335272,298.1503065670944,298.1497140905311,298.15028889965964,298.150094399523,100000.0,100000.00000006039
163.3,298.15032864831096,298.1503047263798,298.14971580721163,298.15028716502525,298.1500938327219,100000.0,100000.00000006043
163.4,298.1503266750145,298.15030289671733,298.1497175135847,298.1502854408061,298.15009326932403,100000.0,100000.00000006048
163.5,298.1503247135664,298.1503010780407,298.1497192097122,298.1502837269397,298.15009270930886,100000.0,100000.00000006052
163.60000000000002,298.15032276389525,298.1502992702839,298.1497208956557,298.1502820233637,298.15009215265627,100000.0,100000.00000006055
163.70000000000002,298.1503208259305,298.15029747338133,298.14972257147633,298.1502803300165,298.15009159934596,100000.0,100000.0000000606
163.8,298.15031889960187,298.15029568726794,298.1497242372348,298.1502786468367,298.1500910493579,100000.0,100000.00000006067
163.9,298.15031698483944,298.15029391187886,298.1497258929917,298.1502769737631,298.150090502672,100000.0,100000.0000000607
164.0,298.15031508157375,298.1502921471497,298.14972753880687,298.15027531073514,298.1500899592687,100000.0,100000.00000006073
164.10000000000002,298.1503131897358,298.15029039301646,298.1497291747402,298.1502736576925,298.1500894191281,100000.0,100000.00000006077
164.20000000000002,298.15031130925706,298.15028864941553,298.14973080085076,298.15027201457514,298.15008888223065,100000.0,100000.00000006081
164.3,298.1503094400691,298.1502869162837,298.1497324171978,298.1502703813235,298.1500883485569,100000.0,100000.00000006086
164.4,298.1503075821044,298.15028519355803,298.1497340238399,298.1502687578784,298.15008781808746,100000.0,100000.00000006086
164.5,298.15030573529543,298.15028348117613,298.14973562083526,298.1502671441809,298.15008729080307,100000.0,100000.0000000609
164.60000000000002,298.15030389957514,298.15028177907584,298.14973720824173,298.1502655401725,298.1500867666847,100000.0,100000.00000006097
164.70000000000002,298.15030207487706,298.1502800871955,298.14973878611704,298.150263945795,298.1500862457133,100000.0,100000.00000006099
164.8,298.15030026113493,298.15027840547356,298.14974035451826,298.15026236099055,298.1500857278699,100000.0,100000.00000006103
164.9,298.1502984582831,298.1502767338492,298.14974191350245,298.1502607857018,298.1500852131358,100000.0,100000.00000006106
165.0,298.15029666625605,298.1502750722617,298.149743463126,298.1502592198715,298.1500847014923,100000.0,100000.0000000611
165.10000000000002,298.15029488498885,298.15027342065093,298.1497450034452,298.15025766344286,298.1500841929209,100000.0,100000.00000006115
165.20000000000002,298.15029311441685,298.15027177895684,298.14974653451594,298.15025611635946,298.15008368740297,100000.0,100000.0000000612
165.3,298.15029135447594,298.15027014711995,298.14974805639366,298.1502545785652,298.15008318492045,100000.0,100000.00000006123
165.4,298.1502896051021,298.15026852508106,298.14974956913363,298.15025305000427,298.1500826854549,100000.0,100000.00000006125
165.5,298.150287866232,298.1502669127813,298.14975107279065,298.1502515306212,298.15008218898834,100000.0,100000.00000006129
165.60000000000002,298.15028613780265,298.1502653101623,298.1497525674192,298.150250020361,298.15008169550265,100000.0,100000.00000006134
165.70000000000002,298.15028441975124,298.1502637171659,298.1497540530737,298.15024851916877,298.15008120498004,100000.0,100000.00000006138
165.8,298.1502827120155,298.1502621337342,298.149755529808,298.1502470269902,298.15008071740266,100000.0,100000.00000006141
165.9,298.15028101453345,298.1502605598099,298.14975699767547,298.150245543771,298.1500802327527,100000.0,100000.00000006145
166.0,298.15027932724354,298.15025899533595,298.1497584567294,298.15024406945753,298.15007975101287,100000.0,100000.0000000615
166.10000000000002,298.15027765008466,298.1502574402555,298.1497599070228,298.1502426039962,298.1500792721655,100000.0,100000.00000006154
166.20000000000002,298.1502759829958,298.15025589451216,298.1497613486083,298.150241147334,298.1500787961932,100000.0,100000.00000006155
166.3,298.1502743259167,298.1502543580499,298.149762781538,298.15023969941785,298.1500783230789,100000.0,100000.0000000616
166.4,298.15027267878713,298.15025283081303,298.1497642058641,298.15023826019547,298.15007785280517,100000.0,100000.00000006164
166.5,298.1502710415474,298.1502513127461,298.14976562163804,298.15023682961464,298.15007738535525,100000.0,100000.00000006167
166.60000000000002,298.15026941413817,298.15024980379405,298.14976702891136,298.15023540762337,298.1500769207119,100000.0,100000.0000000617
166.70000000000002,298.1502677965003,298.1502483039022,298.149768427735,298.15023399417015,298.15007645885845,100000.0,100000.00000006174
166.8,298.1502661885752,298.1502468130161,298.1497698181597,298.15023258920365,298.15007599977804,100000.0,100000.00000006179
166.9,298.1502645903045,298.1502453310817,298.14977120023593,298.15023119267306,298.15007554345414,100000.0,100000.00000006182
167.0,298.15026300163026,298.1502438580452,298.14977257401375,298.15022980452756,298.1500750898701,100000.0,100000.00000006185
167.10000000000002,298.1502614224949,298.1502423938533,298.149773939543,298.15022842471683,298.1500746390096,100000.0,100000.00000006187
167.20000000000002,298.15025985284115,298.1502409384528,298.1497752968734,298.1502270531909,298.15007419085606,100000.0,100000.00000006193
167.3,298.15025829261197,298.1502394917909,298.1497766460538,298.1502256899,298.15007374539346,100000.0,100000.00000006195
167.4,298.15025674175087,298.1502380538152,298.1497779871334,298.1502243347948,298.15007330260545,100000.0,100000.00000006199
167.5,298.1502552002015,298.1502366244735,298.14977932016086,298.15022298782594,298.1500728624761,100000.0,100000.00000006205
167.60000000000002,298.15025366790815,298.1502352037139,298.14978064518436,298.1502216489446,298.15007242498945,100000.0,100000.00000006211
167.70000000000002,298.15025214481506,298.15023379148505,298.14978196225206,298.1502203181023,298.15007199012956,100000.0,100000.00000006214
167.8,298.15025063086705,298.1502323877355,298.14978327141176,298.15021899525084,298.15007155788066,100000.0,100000.00000006215
167.9,298.15024912600916,298.15023099241455,298.14978457271087,298.15021768034205,298.1500711282272,100000.0,100000.00000006217
168.0,298.1502476301869,298.1502296054715,298.1497858661966,298.15021637332836,298.1500707011534,100000.0,100000.0000000622
168.10000000000002,298.15024614334595,298.15022822685603,298.1497871519159,298.15021507416236,298.15007027664393,100000.0,100000.00000006227
168.20000000000002,298.1502446654325,298.1502268565181,298.1497884299154,298.1502137827969,298.1500698546833,100000.0,100000.00000006231
168.3,298.15024319639275,298.1502254944081,298.14978970024146,298.1502124991852,298.1500694352563,100000.0,100000.00000006234
168.4,298.1502417361736,298.15022414047655,298.1497909629401,298.1502112232807,298.1500690183476,100000.0,100000.0000000624
168.5,298.150240284722,298.1502227946745,298.1497922180571,298.150209955037,298.1500686039421,100000.0,100000.00000006244
168.60000000000002,298.15023884198524,298.1502214569529,298.149793465638,298.15020869440826,298.1500681920249,100000.0,100000.00000006247
168.70000000000002,298.15023740791116,298.1502201272634,298.14979470572814,298.15020744134864,298.15006778258095,100000.0,100000.0000000625
168.8,298.15023598244767,298.15021880555776,298.14979593837245,298.15020619581276,298.15006737559537,100000.0,100000.00000006257
168.9,298.15023456554303,298.150217491788,298.14979716361563,298.15020495775536,298.15006697105343,100000.0,100000.00000006259
169.0,298.15023315714586,298.1502161859064,298.149798381502,298.15020372713167,298.1500665689405,100000.0,100000.00000006263
169.10000000000002,298.1502317572051,298.1502148878658,298.14979959207596,298.150202503897,298.15006616924194,100000.0,100000.00000006265
169.20000000000002,298.15023036567004,298.15021359761886,298.1498007953812,298.15020128800694,298.15006577194333,100000.0,100000.00000006269
169.3,298.15022898249015,298.150212315119,298.1498019914616,298.15020007941746,298.1500653770302,100000.0,100000.00000006273
169.4,298.1502276076152,298.1502110403196,298.1498031803602,298.15019887808467,298.1500649844882,100000.0,100000.00000006278
169.5,298.1502262409954,298.15020977317454,298.14980436212045,298.15019768396496,298.15006459430316,100000.0,100000.00000006282
169.60000000000002,298.15022488258114,298.1502085136377,298.14980553678504,298.15019649701514,298.1500642064609,100000.0,100000.00000006284
169.70000000000002,298.15022353232325,298.15020726166347,298.1498067043966,298.1501953171921,298.1500638209474,100000.0,100000.00000006288
169.8,298.1502221901726,298.15020601720653,298.14980786499757,298.15019414445305,298.1500634377486,100000.0,100000.00000006291
169.9,298.15022085608064,298.15020478022154,298.14980901862987,298.15019297875546,298.1500630568506,100000.0,100000.00000006295
170.0,298.15021952999894,298.15020355066383,298.1498101653355,298.15019182005705,298.1500626782397,100000.0,100000.000000063
170.10000000000002,298.1502182118794,298.1502023284887,298.14981130515594,298.1501906683157,298.150062301902,100000.0,100000.00000006307
170.20000000000002,298.15021690167424,298.15020111365186,298.14981243813264,298.1501895234898,298.15006192782397,100000.0,100000.0000000631
170.3,298.150215599336,298.1501999061092,298.1498135643066,298.1501883855378,298.150061555992,100000.0,100000.00000006316
170.4,298.15021430481715,298.150198705817,298.1498146837187,298.1501872544183,298.15006118639263,100000.0,100000.00000006321
170.5,298.1502130180711,298.15019751273167,298.14981579640954,298.1501861300904,298.1500608190124,100000.0,100000.00000006321
170.60000000000002,298.150211739051,298.15019632681003,298.1498169024195,298.15018501251325,298.1500604538381,100000.0,100000.00000006327
170.70000000000002,298.1502104677105,298.1501951480089,298.1498180017886,298.15018390164636,298.15006009085636,100000.0,100000.00000006333
170.8,298.15020920400354,298.15019397628566,298.14981909455685,298.1501827974494,298.150059730054,100000.0,100000.00000006333
170.9,298.15020794788416,298.1501928115978,298.14982018076375,298.1501816998824,298.1500593714181,100000.0,100000.00000006337
171.0,298.15020669930686,298.150191653903,298.1498212604488,298.1501806089055,298.1500590149355,100000.0,100000.00000006342
171.10000000000002,298.1502054582264,298.15019050315937,298.14982233365106,298.1501795244791,298.15005866059334,100000.0,100000.00000006348
171.20000000000002,298.1502042245977,298.1501893593251,298.1498234004096,298.15017844656387,298.15005830837873,100000.0,100000.00000006353
171.3,298.15020299837613,298.15018822235874,298.149824460763,298.15017737512085,298.1500579582789,100000.0,100000.00000006355
171.4,298.1502017795171,298.150187092219,298.14982551474975,298.15017631011096,298.15005761028124,100000.0,100000.00000006359
171.5,298.1502005679764,298.150185968865,298.149826562408,298.15017525149574,298.150057264373,100000.0,100000.00000006362
171.60000000000002,298.15019936371016,298.15018485225596,298.14982760377586,298.15017419923674,298.15005692054166,100000.0,100000.00000006368
171.70000000000002,298.1501981666747,298.15018374235126,298.1498286388911,298.1501731532958,298.15005657877487,100000.0,100000.00000006371
171.8,298.1501969768265,298.15018263911077,298.14982966779115,298.15017211363494,298.15005623906006,100000.0,100000.00000006374
171.9,298.15019579412257,298.15018154249447,298.1498306905134,298.1501710802166,298.15005590138503,100000.0,100000.0000000638
172.0,298.1501946185199,298.15018045246256,298.149831707095,298.1501700530031,298.1500555657375,100000.0,100000.00000006385
172.10000000000002,298.15019344997586,298.1501793689755,298.14983271757274,298.15016903195726,298.1500552321053,100000.0,100000.00000006388
172.20000000000002,298.15019228844807,298.150178291994,298.1498337219832,298.1501680170421,298.1500549004763,100000.0,100000.00000006394
172.3,298.1501911338944,298.150177221479,298.149834720363,298.1501670082208,298.1500545708385,100000.0,100000.00000006396
172.4,298.15018998627306,298.1501761573917,298.1498357127482,298.1501660054567,298.1500542431799,100000.0,100000.000000064
172.5,298.1501888455423,298.1501750996934,298.1498366991749,298.1501650087135,298.1500539174887,100000.0,100000.00000006403
172.60000000000002,298.15018771166086,298.1501740483459,298.14983767967874,298.15016401795503,298.150053593753,100000.0,100000.00000006406
172.70000000000002,298.1501865845875,298.1501730033109,298.1498386542954,298.15016303314536,298.15005327196116,100000.0,100000.00000006413
172.8,298.1501854642815,298.1501719645506,298.1498396230602,298.15016205424877,298.1500529521014,100000.0,100000.00000006414
172.9,298.15018435070203,298.1501709320273,298.1498405860082,298.15016108122967,298.1500526341622,100000.0,100000.0000000642
173.0,298.15018324380884,298.1501699057036,298.1498415431745,298.150160114053,298.15005231813194,100000.0,100000.00000006422
173.10000000000002,298.1501821435618,298.15016888554226,298.1498424945936,298.1501591526834,298.1500520039993,100000.0,100000.00000006429
173.20000000000002,298.1501810499209,298.15016787150626,298.1498434403002,298.1501581970861,298.15005169175276,100000.0,100000.00000006432
173.3,298.1501799628465,298.15016686355875,298.14984438032843,298.1501572472266,298.150051381381,100000.0,100000.00000006435
173.4,298.1501788822992,298.15016586166325,298.14984531471254,298.1501563030703,298.1500510728729,100000.0,100000.00000006438
173.5,298.15017780823985,298.15016486578344,298.1498462434863,298.15015536458293,298.1500507662171,100000.0,100000.00000006444
173.60000000000002,298.1501767406295,298.15016387588315,298.14984716668346,298.1501544317305,298.1500504614025,100000.0,100000.00000006446
173.70000000000002,298.15017567942925,298.1501628919265,298.14984808433746,298.1501535044792,298.15005015841814,100000.0,100000.00000006451
173.8,298.1501746246008,298.1501619138778,298.14984899648164,298.1501525827954,298.15004985725295,100000.0,100000.00000006455
173.9,298.1501735761059,298.15016094170164,298.14984990314906,298.15015166664557,298.1500495578961,100000.0,100000.00000006461
174.0,298.15017253390636,298.1501599753626,298.1498508043726,298.1501507559966,298.15004926033663,100000.0,100000.00000006461
174.10000000000002,298.15017149796455,298.15015901482576,298.1498517001849,298.15014985081547,298.1500489645638,100000.0,100000.00000006464
174.20000000000002,298.1501704682428,298.15015806005624,298.14985259061854,298.15014895106924,298.1500486705669,100000.0,100000.0000000647
174.3,298.1501694447038,298.1501571110195,298.14985347570575,298.15014805672536,298.15004837833516,100000.0,100000.00000006476
174.4,298.1501684273104,298.15015616768096,298.1498543554786,298.15014716775136,298.1500480878581,100000.0,100000.0000000648
174.5,298.15016741602574,298.1501552300066,298.14985522996915,298.15014628411495,298.1500477991252,100000.0,100000.00000006484
174.60000000000002,298.1501664108131,298.1501542979622,298.1498560992089,298.15014540578426,298.1500475121259,100000.0,100000.00000006487
174.70000000000002,298.15016541163595,298.1501533715141,298.1498569632296,298.15014453272727,298.15004722684984,100000.0,100000.0000000649
174.8,298.1501644184582,298.1501524506286,298.14985782206236,298.1501436649123,298.15004694328667,100000.0,100000.00000006496
174.9,298.15016343124387,298.15015153527236,298.1498586757385,298.150142802308,298.150046661426,100000.0,100000.00000006497
175.0,298.15016244995695,298.15015062541215,298.149859524289,298.150141944883,298.1500463812578,100000.0,100000.00000006502
175.10000000000002,298.15016147456197,298.15014972101505,298.14986036774445,298.15014109260625,298.1500461027718,100000.0,100000.00000006508
175.20000000000002,298.1501605050235,298.1501488220482,298.1498612061356,298.1501402454468,298.1500458259578,100000.0,100000.00000006512
175.3,298.15015954130644,298.15014792847904,298.14986203949286,298.1501394033739,298.150045550806,100000.0,100000.00000006515
175.4,298.1501585833758,298.15014704027504,298.14986286784637,298.150138566357,298.1500452773062,100000.0,100000.00000006519
175.5,298.15015763119686,298.1501461574041,298.1498636912262,298.15013773436584,298.1500450054486,100000.0,100000.00000006524
175.60000000000002,298.15015668473507,298.1501452798342,298.1498645096623,298.1501369073702,298.15004473522333,100000.0,100000.00000006525
175.70000000000002,298.1501557439561,298.1501444075334,298.1498653231842,298.1501360853401,298.15004446662056,100000.0,100000.00000006531
175.8,298.1501548088258,298.1501435404702,298.1498661318215,298.1501352682456,298.15004419963054,100000.0,100000.00000006534
175.9,298.1501538793103,298.15014267861307,298.14986693560354,298.15013445605723,298.15004393424357,100000.0,100000.0000000654
176.0,298.1501529553759,298.1501418219308,298.14986773455945,298.15013364874545,298.15004367045015,100000.0,100000.00000006544
176.10000000000002,298.150152036989,298.1501409703922,298.1498685287182,298.150132846281,298.15004340824055,100000.0,100000.00000006547
176.20000000000002,298.1501511241164,298.1501401239666,298.1498693181086,298.15013204863476,298.15004314760534,100000.0,100000.00000006551
176.3,298.1501502167249,298.15013928262306,298.1498701027592,298.1501312557778,298.15004288853504,100000.0,100000.00000006554
176.4,298.15014931478174,298.1501384463312,298.1498708826987,298.15013046768144,298.1500426310203,100000.0,100000.00000006557
176.5,298.150148418254,298.15013761506077,298.1498716579551,298.15012968431694,298.1500423750518,100000.0,100000.0000000656
176.60000000000002,298.1501475271093,298.1501367887814,298.14987242855665,298.15012890565606,298.1500421206201,100000.0,100000.00000006566
176.70000000000002,298.15014664131525,298.15013596746337,298.1498731945313,298.15012813167044,298.15004186771614,100000.0,100000.00000006569
176.8,298.1501457608398,298.15013515107665,298.14987395590686,298.1501273623321,298.1500416163307,100000.0,100000.00000006575
176.9,298.1501448856509,298.1501343395918,298.1498747127109,298.15012659761305,298.1500413664546,100000.0,100000.00000006579
177.0,298.15014401571693,298.1501335329793,298.1498754649708,298.1501258374855,298.15004111807883,100000.0,100000.0000000658
177.10000000000002,298.1501431510063,298.15013273120996,298.14987621271405,298.15012508192206,298.15004087119445,100000.0,100000.00000006586
177.20000000000002,298.1501422914876,298.1501319342546,298.14987695596756,298.1501243308952,298.15004062579237,100000.0,100000.00000006588
177.3,298.1501414371297,298.15013114208443,298.1498776947584,298.15012358437775,298.1500403818638,100000.0,100000.00000006592
177.4,298.15014058790166,298.1501303546707,298.1498784291133,298.1501228423426,298.1500401393998,100000.0,100000.00000006595
177.5,298.15013974377257,298.1501295719848,298.14987915905897,298.15012210476283,298.15003989839164,100000.0,100000.00000006598
177.60000000000002,298.15013890471187,298.15012879399836,298.14987988462184,298.15012137161165,298.15003965883056,100000.0,100000.00000006604
177.70000000000002,298.1501380706891,298.15012802068316,298.14988060582823,298.1501206428626,298.15003942070786,100000.0,100000.00000006605
177.8,298.1501372416741,298.1501272520112,298.14988132270423,298.15011991848905,298.15003918401493,100000.0,100000.0000000661
177.9,298.15013641763665,298.1501264879545,298.14988203527594,298.15011919846495,298.1500389487431,100000.0,100000.00000006612
178.0,298.1501355985471,298.1501257284855,298.1498827435692,298.15011848276396,298.150038714884,100000.0,100000.00000006618
178.10000000000002,298.15013478437544,298.15012497357645,298.1498834476097,298.1501177713604,298.150038482429,100000.0,100000.00000006621
178.20000000000002,298.15013397509233,298.1501242232002,298.1498841474229,298.15011706422814,298.1500382513697,100000.0,100000.00000006623
178.3,298.15013317066837,298.1501234773293,298.14988484303416,298.1501163613418,298.15003802169787,100000.0,100000.0000000663
178.4,298.1501323710745,298.1501227359369,298.1498855344688,298.1501156626758,298.1500377934049,100000.0,100000.00000006633
178.5,298.1501315762815,298.15012199899604,298.1498862217519,298.1501149682047,298.1500375664828,100000.0,100000.00000006636
178.60000000000002,298.1501307862607,298.1501212664799,298.1498869049084,298.15011427790347,298.1500373409231,100000.0,100000.00000006641
178.70000000000002,298.1501300009834,298.1501205383621,298.149887583963,298.15011359174696,298.15003711671784,100000.0,100000.00000006647
178.8,298.15012922042115,298.150119814616,298.14988825894034,298.15011290971034,298.15003689385867,100000.0,100000.0000000665
178.9,298.1501284445456,298.1501190952156,298.149888929865,298.15011223176884,298.15003667233765,100000.0,100000.00000006653
179.0,298.1501276733286,298.1501183801346,298.14988959676117,298.15011155789796,298.15003645214665,100000.0,100000.00000006658
179.10000000000002,298.15012690674223,298.15011766934714,298.14989025965315,298.15011088807313,298.15003623327783,100000.0,100000.00000006662
179.20000000000002,298.1501261447587,298.1501169628275,298.1498909185649,298.15011022227014,298.1500360157231,100000.0,100000.00000006665
179.3,298.1501253873503,298.15011626054996,298.14989157352045,298.1501095604648,298.1500357994746,100000.0,100000.00000006668
179.4,298.15012463448954,298.1501155624891,298.14989222454335,298.1501089026331,298.1500355845246,100000.0,100000.00000006674
179.5,298.15012388614923,298.1501148686196,298.14989287165736,298.1501082487513,298.15003537086517,100000.0,100000.0000000668
179.60000000000002,298.15012314230216,298.1501141789163,298.14989351488595,298.1501075987955,298.1500351584886,100000.0,100000.00000006682
179.70000000000002,298.1501224029213,298.1501134933541,298.14989415425237,298.15010695274225,298.15003494738727,100000.0,100000.00000006685
179.8,298.15012166798,298.1501128119083,298.1498947897799,298.15010631056805,298.15003473755337,100000.0,100000.00000006688
179.9,298.15012093745133,298.15011213455404,298.1498954214915,298.15010567224965,298.15003452897935,100000.0,100000.00000006694
180.0,298.15012021130906,298.1501114612668,298.1498960494102,298.1501050377639,298.1500343216578,100000.0,100000.00000006698
180.10000000000002,298.1501194895268,298.15011079202225,298.1498966735586,298.15010440708784,298.150034115581,100000.0,100000.00000006704
180.20000000000002,298.15011877207826,298.1501101267959,298.1498972939595,298.1501037801985,298.15003391074146,100000.0,100000.00000006706
180.3,298.15011805893744,298.15010946556384,298.1498979106354,298.15010315707315,298.1500337071319,100000.0,100000.0000000671
180.4,298.1501173500786,298.150108808302,298.1498985236085,298.15010253768924,298.1500335047449,100000.0,100000.00000006714
180.5,298.15011664547586,298.15010815498647,298.14989913290117,298.15010192202425,298.1500333035731,100000.0,100000.00000006719
180.60000000000002,298.15011594510383,298.1501075055937,298.1498997385355,298.1501013100559,298.1500331036091,100000.0,100000.00000006723
180.70000000000002,298.150115248937,298.1501068601001,298.1499003405334,298.150100701762,298.1500329048458,100000.0,100000.00000006726
180.8,298.15011455695014,298.15010621848216,298.14990093891674,298.15010009712046,298.1500327072759,100000.0,100000.00000006732
180.9,298.1501138691182,298.1501055807167,298.1499015337073,298.15009949610936,298.1500325108923,100000.0,100000.00000006736
181.0,298.1501131854161,298.1501049467805,298.1499021249264,298.1500988987069,298.1500323156878,100000.0,100000.00000006738
181.10000000000002,298.15011250581927,298.1501043166507,298.1499027125958,298.1500983048914,298.1500321216554,100000.0,100000.00000006743
181.20000000000002,298.1501118303029,298.1501036903044,298.1499032967366,298.15009771464133,298.150031928788,100000.0,100000.00000006746
181.3,298.15011115884244,298.15010306771876,298.1499038773701,298.15009712793534,298.1500317370787,100000.0,100000.00000006752
181.4,298.15011049141367,298.1501024488714,298.1499044545173,298.15009654475205,298.1500315465204,100000.0,100000.00000006755
181.5,298.1501098279923,298.15010183373965,298.14990502819916,298.15009596507036,298.15003135710623,100000.0,100000.00000006758
181.60000000000002,298.1501091685543,298.15010122230143,298.1499055984365,298.15009538886926,298.1500311688294,100000.0,100000.00000006764
181.70000000000002,298.1501085130758,298.15010061453444,298.14990616524983,298.15009481612776,298.1500309816831,100000.0,100000.00000006767
181.8,298.15010786153294,298.1501000104166,298.14990672865997,298.15009424682523,298.1500307956604,100000.0,100000.0000000677
181.9,298.1501072139022,298.15009940992616,298.14990728868725,298.150093680941,298.1500306107547,100000.0,100000.00000006774
182.0,298.1501065701599,298.15009881304115,298.1499078453519,298.15009311845444,298.1500304269591,100000.0,100000.00000006778
182.10000000000002,298.15010593028285,298.15009821974,298.14990839867426,298.1500925593451,298.15003024426716,100000.0,100000.00000006783
182.20000000000002,298.1501052942478,298.15009763000126,298.14990894867424,298.150092003593,298.15003006267216,100000.0,100000.00000006786
182.3,298.1501046620317,298.1500970438034,298.14990949537196,298.1500914511777,298.1500298821675,100000.0,100000.00000006791
182.4,298.15010403361157,298.15009646112526,298.1499100387871,298.1500909020792,298.1500297027466,100000.0,100000.00000006796
182.5,298.1501034089647,298.15009588194573,298.1499105789394,298.1500903562777,298.15002952440307,100000.0,100000.00000006804
182.60000000000002,298.15010278806835,298.15009530624366,298.14991111584845,298.15008981375337,298.1500293471303,100000.0,100000.00000006807
182.70000000000002,298.1501021709,298.15009473399834,298.1499116495338,298.1500892744865,298.1500291709219,100000.0,100000.0000000681
182.8,298.1501015574374,298.1500941651889,298.1499121800148,298.1500887384575,298.15002899577155,100000.0,100000.00000006813
182.9,298.15010094765813,298.1500935997948,298.1499127073106,298.15008820564697,298.15002882167283,100000.0,100000.00000006816
183.0,298.1501003415401,298.1500930377955,298.14991323144034,298.1500876760356,298.15002864861947,100000.0,100000.00000006822
183.10000000000002,298.1500997390615,298.15009247917055,298.14991375242306,298.1500871496042,298.15002847660514,100000.0,100000.00000006825
183.20000000000002,298.15009914020027,298.1500919238997,298.1499142702777,298.1500866263336,298.15002830562366,100000.0,100000.00000006828
183.3,298.15009854493474,298.1500913719629,298.14991478502293,298.15008610620487,298.15002813566883,100000.0,100000.00000006829
183.4,298.1500979532434,298.1500908233401,298.14991529667753,298.1500855891992,298.1500279667344,100000.0,100000.00000006836
183.5,298.1500973651048,298.15009027801136,298.14991580526,298.1500850752976,298.1500277988144,100000.0,100000.0000000684
183.60000000000002,298.15009678049745,298.15008973595695,298.1499163107888,298.15008456448174,298.1500276319025,100000.0,100000.00000006842
183.70000000000002,298.1500961994003,298.1500891971572,298.1499168132823,298.15008405673296,298.1500274659928,100000.0,100000.00000006847
183.8,298.15009562179216,298.1500886615925,298.1499173127586,298.15008355203287,298.1500273010794,100000.0,100000.00000006851
183.9,298.15009504765226,298.1500881292435,298.149917809236,298.1500830503631,298.1500271371561,100000.0,100000.00000006854
184.0,298.15009447695957,298.1500876000909,298.1499183027324,298.1500825517055,298.150026974217,100000.0,100000.00000006857
184.10000000000002,298.15009390969345,298.15008707411545,298.14991879326567,298.150082056042,298.15002681225627,100000.0,100000.00000006863
184.20000000000002,298.1500933458334,298.1500865512981,298.1499192808536,298.15008156335455,298.15002665126804,100000.0,100000.00000006867
184.3,298.15009278535894,298.15008603161994,298.149919765514,298.15008107362536,298.15002649124636,100000.0,100000.0000000687
184.4,298.15009222824966,298.150085515062,298.14992024726433,298.1500805868367,298.1500263321855,100000.0,100000.00000006874
184.5,298.15009167448545,298.1500850016057,298.1499207261221,298.1500801029708,298.1500261740797,100000.0,100000.00000006879
184.60000000000002,298.1500911240462,298.1500844912323,298.1499212021047,298.15007962201014,298.1500260169233,100000.0,100000.00000006883
184.70000000000002,298.150090576912,298.1500839839233,298.1499216752293,298.1500791439373,298.1500258607104,100000.0,100000.00000006887
184.8,298.15009003306284,298.15008347966034,298.1499221455132,298.150078668735,298.1500257054355,100000.0,100000.00000006892
184.9,298.1500894924792,298.15008297842513,298.14992261297334,298.1500781963859,298.1500255510929,100000.0,100000.00000006893
185.0,298.1500889551413,298.15008248019944,298.1499230776267,298.15007772687295,298.150025397677,100000.0,100000.000000069
185.10000000000002,298.15008842102975,298.15008198496525,298.14992353949015,298.15007726017905,298.15002524518223,100000.0,100000.00000006903
185.20000000000002,298.1500878901252,298.15008149270466,298.1499239985805,298.15007679628735,298.1500250936031,100000.0,100000.00000006908
185.3,298.15008736240827,298.15008100339963,298.1499244549143,298.150076335181,298.1500249429341,100000.0,100000.00000006912
185.4,298.15008683786,298.15008051703256,298.1499249085082,298.1500758768432,298.1500247931698,100000.0,100000.00000006915
185.5,298.15008631646117,298.1500800335858,298.1499253593785,298.15007542125744,298.1500246443047,100000.0,100000.00000006918
185.60000000000002,298.150085798193,298.1500795530418,298.14992580754176,298.1500749684071,298.1500244963334,100000.0,100000.00000006924
185.70000000000002,298.1500852830367,298.1500790753831,298.1499262530141,298.15007451827586,298.1500243492506,100000.0,100000.00000006927
185.8,298.1500847709735,298.15007860059234,298.1499266958116,298.15007407084727,298.1500242030509,100000.0,100000.00000006927
185.9,298.15008426198483,298.15007812865247,298.1499271359505,298.1500736261052,298.150024057729,100000.0,100000.00000006933
186.0,298.15008375605237,298.1500776595462,298.1499275734467,298.1500731840335,298.1500239132797,100000.0,100000.00000006937
186.10000000000002,298.15008325315756,298.15007719325655,298.14992800831595,298.15007274461607,298.1500237696977,100000.0,100000.00000006941
186.20000000000002,298.15008275328233,298.1500767297666,298.1499284405742,298.15007230783704,298.1500236269778,100000.0,100000.00000006946
186.3,298.1500822564085,298.1500762690597,298.1499288702371,298.1500718736806,298.15002348511484,100000.0,100000.0000000695
186.4,298.150081762518,298.1500758111189,298.1499292973201,298.1500714421309,298.15002334410366,100000.0,100000.0000000695
186.5,298.15008127159297,298.15007535592775,298.1499297218388,298.15007101317246,298.15002320393916,100000.0,100000.00000006956
186.60000000000002,298.15008078361564,298.1500749034697,298.14993014380855,298.15007058678947,298.1500230646162,100000.0,100000.00000006959
186.70000000000002,298.15008029856824,298.15007445372834,298.1499305632447,298.15007016296664,298.15002292612985,100000.0,100000.00000006963
186.8,298.15007981643316,298.1500740066873,298.1499309801625,298.15006974168864,298.150022788475,100000.0,100000.00000006966
186.9,298.150079337193,298.1500735623305,298.1499313945769,298.15006932294006,298.1500226516466,100000.0,100000.00000006972
187.0,298.15007886083026,298.15007312064165,298.1499318065031,298.1500689067057,298.1500225156398,100000.0,100000.00000006976
187.10000000000002,298.1500783873279,298.1500726816049,298.1499322159559,298.15006849297055,298.1500223804496,100000.0,100000.0000000698
187.20000000000002,298.1500779166684,298.1500722452042,298.14993262295036,298.15006808171967,298.15002224607116,100000.0,100000.00000006983
187.3,298.15007744883496,298.15007181142386,298.149933027501,298.15006767293795,298.1500221124996,100000.0,100000.00000006988
187.4,298.1500769838105,298.150071380248,298.1499334296227,298.1500672666107,298.15002197972996,100000.0,100000.00000006991
187.5,298.15007652157817,298.15007095166106,298.1499338293298,298.1500668627232,298.1500218477575,100000.0,100000.00000006994
187.60000000000002,298.15007606212123,298.15007052564744,298.14993422663713,298.1500664612607,298.1500217165775,100000.0,100000.00000007
187.70000000000002,298.150075605423,298.15007010219176,298.1499346215588,298.15006606220874,298.1500215861851,100000.0,100000.00000007002
187.8,298.15007515146687,298.1500696812785,298.14993501410925,298.15006566555275,298.15002145657564,100000.0,100000.00000007005
187.9,298.1500747002365,298.15006926289266,298.1499354043028,298.15006527127844,298.15002132774435,100000.0,100000.00000007005
188.0,298.15007425171535,298.15006884701893,298.1499357921534,298.1500648793714,298.15002119968665,100000.0,100000.00000007011
188.10000000000002,298.1500738058873,298.15006843364216,298.1499361776754,298.1500644898175,298.1500210723978,100000.0,100000.00000007017
188.20000000000002,298.15007336273607,298.15006802274746,298.14993656088245,298.15006410260264,298.1500209458733,100000.0,100000.00000007017
188.3,298.1500729222457,298.1500676143198,298.1499369417887,298.15006371771267,298.1500208201084,100000.0,100000.00000007023
188.4,298.1500724844002,298.1500672083446,298.14993732040784,298.1500633351337,298.15002069509865,100000.0,100000.00000007029
188.5,298.15007204918356,298.1500668048069,298.1499376967537,298.1500629548519,298.1500205708395,100000.0,100000.0000000703
188.60000000000002,298.15007161658014,298.15006640369216,298.1499380708399,298.1500625768534,298.1500204473264,100000.0,100000.00000007037
188.70000000000002,298.1500711865742,298.15006600498583,298.1499384426799,298.15006220112446,298.15002032455504,100000.0,100000.00000007042
188.8,298.1500707591501,298.15006560867346,298.1499388122873,298.1500618276515,298.15002020252075,100000.0,100000.00000007046
188.9,298.1500703342924,298.1500652147406,298.14993917967547,298.150061456421,298.15002008121917,100000.0,100000.00000007047
189.0,298.1500699119856,298.1500648231731,298.1499395448577,298.1500610874195,298.1500199606459,100000.0,100000.0000000705
189.10000000000002,298.1500694922145,298.1500644339567,298.14993990784734,298.1500607206335,298.15001984079663,100000.0,100000.00000007055
189.20000000000002,298.1500690749639,298.1500640470772,298.1499402686575,298.1500603560499,298.150019721667,100000.0,100000.0000000706
189.3,298.15006866021844,298.1500636625206,298.14994062730125,298.1500599936553,298.1500196032526,100000.0,100000.00000007066
189.4,298.1500682479633,298.150063280273,298.14994098379157,298.1500596334367,298.15001948554925,100000.0,100000.0000000707
189.5,298.1500678381834,298.15006290032056,298.1499413381414,298.15005927538084,298.15001936855253,100000.0,100000.00000007072
189.60000000000002,298.15006743086406,298.1500625226495,298.1499416903636,298.1500589194749,298.15001925225835,100000.0,100000.00000007077
189.70000000000002,298.15006702599027,298.150062147246,298.14994204047105,298.1500585657058,298.1500191366624,100000.0,100000.00000007077
189.8,298.1500666235475,298.15006177409657,298.14994238847623,298.15005821406095,298.15001902176056,100000.0,100000.00000007081
189.9,298.1500662235211,298.1500614031877,298.14994273439197,298.15005786452747,298.15001890754866,100000.0,100000.00000007085
190.0,298.15006582589655,298.15006103450577,298.14994307823076,298.1500575170927,298.1500187940224,100000.0,100000.0000000709
190.10000000000002,298.1500654306595,298.15006066803755,298.149943420005,298.15005717174404,298.1500186811779,100000.0,100000.00000007093
190.20000000000002,298.15006503779546,298.1500603037697,298.1499437597272,298.1500568284689,298.15001856901085,100000.0,100000.00000007096
190.3,298.15006464729044,298.150059941689,298.1499440974095,298.15005648725486,298.1500184575173,100000.0,100000.000000071
190.4,298.15006425913,298.15005958178233,298.1499444330643,298.1500561480896,298.1500183466933,100000.0,100000.00000007104
190.5,298.1500638733002,298.1500592240367,298.1499447667038,298.1500558109608,298.1500182365346,100000.0,100000.00000007107
190.60000000000002,298.15006348978704,298.15005886843903,298.14994509834,298.15005547585616,298.15001812703736,100000.0,100000.0000000711
190.70000000000002,298.15006310857666,298.1500585149764,298.14994542798496,298.1500551427636,298.1500180181976,100000.0,100000.00000007116
190.8,298.15006272965513,298.1500581636361,298.1499457556506,298.1500548116711,298.15001791001134,100000.0,100000.00000007119
190.9,298.1500623530087,298.15005781440544,298.1499460813489,298.15005448256653,298.1500178024746,100000.0,100000.0000000712
191.0,298.15006197862385,298.1500574672716,298.1499464050916,298.15005415543794,298.15001769558364,100000.0,100000.00000007126
191.10000000000002,298.1500616064869,298.15005712222205,298.14994672689045,298.1500538302735,298.1500175893344,100000.0,100000.00000007132
191.20000000000002,298.1500612365843,298.1500567792442,298.1499470467571,298.15005350706156,298.15001748372316,100000.0,100000.00000007136
191.3,298.15006086890276,298.1500564383258,298.1499473647033,298.1500531857902,298.150017378746,100000.0,100000.0000000714
191.4,298.15006050342885,298.15005609945433,298.14994768074035,298.1500528664478,298.1500172743992,100000.0,100000.00000007145
191.5,298.1500601401493,298.1500557626175,298.1499479948799,298.1500525490229,298.15001717067884,100000.0,100000.00000007148
191.60000000000002,298.15005977905105,298.1500554278032,298.1499483071332,298.1500522335039,298.1500170675813,100000.0,100000.00000007152
191.70000000000002,298.15005942012095,298.1500550949992,298.14994861751165,298.1500519198794,298.15001696510285,100000.0,100000.00000007157
191.8,298.1500590633459,298.1500547641934,298.14994892602647,298.1500516081379,298.1500168632396,100000.0,100000.0000000716
191.9,298.1500587087131,298.1500544353739,298.1499492326889,298.15005129826824,298.150016761988,100000.0,100000.00000007165
192.0,298.15005835620957,298.1500541085287,298.1499495375101,298.1500509902591,298.15001666134435,100000.0,100000.00000007168
192.10000000000002,298.15005800582253,298.15005378364594,298.149949840501,298.15005068409937,298.15001656130505,100000.0,100000.00000007171
192.20000000000002,298.15005765753943,298.15005346071393,298.1499501416727,298.15005037977784,298.15001646186636,100000.0,100000.00000007177
192.3,298.15005731134744,298.15005313972085,298.14995044103614,298.15005007728354,298.1500163630247,100000.0,100000.00000007183
192.4,298.1500569672341,298.1500528206551,298.149950738602,298.15004977660556,298.1500162647766,100000.0,100000.00000007186
192.5,298.1500566251869,298.1500525035051,298.1499510343813,298.1500494777329,298.1500161671183,100000.0,100000.00000007192
192.60000000000002,298.15005628519344,298.15005218825945,298.14995132838453,298.1500491806548,298.1500160700464,100000.0,100000.00000007196
192.70000000000002,298.1500559472414,298.1500518749065,298.1499516206226,298.1500488853604,298.1500159735574,100000.0,100000.000000072
192.8,298.1500556113185,298.1500515634351,298.149951911106,298.15004859183904,298.1500158776477,100000.0,100000.00000007203
192.9,298.15005527741266,298.1500512538338,298.14995219984513,298.1500483000801,298.1500157823139,100000.0,100000.00000007206
193.0,298.15005494551167,298.1500509460915,298.1499524868507,298.1500480100729,298.1500156875525,100000.0,100000.00000007212
193.10000000000002,298.15005461560344,298.1500506401969,298.1499527721329,298.15004772180697,298.15001559336,100000.0,100000.00000007218
193.20000000000002,298.1500542876761,298.15005033613903,298.1499530557023,298.1500474352719,298.1500154997332,100000.0,100000.0000000722
193.3,298.15005396171773,298.1500500339068,298.149953337569,298.15004715045734,298.15001540666844,100000.0,100000.00000007224
193.4,298.15005363771644,298.15004973348925,298.14995361774334,298.1500468673528,298.15001531416254,100000.0,100000.00000007226
193.5,298.1500533156606,298.1500494348754,298.1499538962354,298.1500465859481,298.150015222212,100000.0,100000.0000000723
193.60000000000002,298.15005299553854,298.15004913805467,298.14995417305533,298.15004630623304,298.15001513081364,100000.0,100000.00000007234
193.70000000000002,298.1500526773385,298.15004884301607,298.1499544482132,298.1500460281975,298.15001503996405,100000.0,100000.00000007238
193.8,298.150052361049,298.15004854974893,298.1499547217188,298.1500457518313,298.1500149496599,100000.0,100000.00000007241
193.9,298.15005204665863,298.1500482582427,298.14995499358236,298.15004547712454,298.15001485989796,100000.0,100000.00000007244
194.0,298.15005173415597,298.1500479684867,298.14995526381347,298.1500452040672,298.150014770675,100000.0,100000.0000000725
194.10000000000002,298.15005142352965,298.1500476804705,298.14995553242215,298.15004493264934,298.1500146819878,100000.0,100000.00000007253
194.20000000000002,298.1500511147684,298.1500473941836,298.1499557994179,298.1500446628612,298.150014593833,100000.0,100000.00000007256
194.3,298.150050807861,298.15004710961574,298.14995606481057,298.1500443946929,298.15001450620764,100000.0,100000.0000000726
194.4,298.1500505027965,298.15004682675647,298.1499563286098,298.15004412813477,298.1500144191083,100000.0,100000.00000007261
194.5,298.15005019956357,298.1500465455955,298.14995659082507,298.15004386317713,298.15001433253195,100000.0,100000.00000007267
194.60000000000002,298.15004989815134,298.1500462661228,298.1499568514659,298.1500435998103,298.15001424647545,100000.0,100000.0000000727
194.70000000000002,298.1500495985489,298.15004598832803,298.14995711054183,298.15004333802494,298.1500141609356,100000.0,100000.00000007276
194.8,298.15004930074537,298.1500457122013,298.1499573680622,298.1500430778113,298.15001407590944,100000.0,100000.00000007282
194.9,298.1500490047299,298.1500454377324,298.14995762403623,298.1500428191601,298.1500139913938,100000.0,100000.00000007282
195.0,298.1500487104918,298.1500451649116,298.1499578784734,298.1500425620619,298.1500139073856,100000.0,100000.00000007288
195.10000000000002,298.15004841802045,298.1500448937288,298.1499581313829,298.1500423065074,298.15001382388175,100000.0,100000.00000007292
195.20000000000002,298.1500481273051,298.15004462417437,298.1499583827738,298.15004205248727,298.15001374087933,100000.0,100000.00000007296
195.3,298.1500478383353,298.15004435623837,298.1499586326553,298.1500417999924,298.15001365837526,100000.0,100000.000000073
195.4,298.15004755110056,298.15004408991115,298.14995888103647,298.15004154901357,298.1500135763665,100000.0,100000.00000007304
195.5,298.1500472655905,298.15004382518293,298.1499591279262,298.15004129954167,298.15001349485027,100000.0,100000.00000007308
195.60000000000002,298.15004698179473,298.1500435620443,298.1499593733336,298.1500410515677,298.15001341382344,100000.0,100000.00000007312
195.70000000000002,298.15004669970284,298.15004330048566,298.14995961726754,298.15004080508265,298.15001333328314,100000.0,100000.00000007317
195.8,298.1500464193048,298.15004304049745,298.1499598597368,298.1500405600775,298.15001325322635,100000.0,100000.00000007321
195.9,298.15004614059035,298.1500427820703,298.14996010075015,298.1500403165435,298.1500131736503,100000.0,100000.00000007324
196.0,298.1500458635493,298.15004252519475,298.1499603403165,298.1500400744717,298.1500130945521,100000.0,100000.00000007328
196.10000000000002,298.1500455881718,298.1500422698616,298.14996057844434,298.1500398338534,298.1500130159287,100000.0,100000.00000007331
196.20000000000002,298.15004531444765,298.15004201606155,298.14996081514244,298.15003959467975,298.1500129377775,100000.0,100000.00000007337
196.3,298.150045042367,298.1500417637854,298.1499610504193,298.1500393569423,298.1500128600955,100000.0,100000.0000000734
196.4,298.15004477192014,298.15004151302395,298.1499612842835,298.15003912063224,298.15001278287986,100000.0,100000.00000007344
196.5,298.150044503097,298.1500412637681,298.14996151674353,298.150038885741,298.15001270612794,100000.0,100000.00000007347
196.60000000000002,298.15004423588795,298.150041016009,298.14996174780777,298.15003865226015,298.1500126298368,100000.0,100000.00000007352
196.70000000000002,298.1500439702833,298.1500407697374,298.1499619774846,298.1500384201812,298.1500125540037,100000.0,100000.00000007356
196.8,298.15004370627344,298.15004052494453,298.1499622057825,298.1500381894957,298.150012478626,100000.0,100000.0000000736
196.9,298.15004344384874,298.1500402816214,298.1499624327096,298.15003796019533,298.1500124037008,100000.0,100000.00000007362
197.0,298.15004318299975,298.15004003975935,298.14996265827415,298.1500377322717,298.1500123292256,100000.0,100000.00000007366
197.10000000000002,298.15004292371697,298.15003979934943,298.1499628824844,298.15003750571657,298.1500122551975,100000.0,100000.00000007372
197.20000000000002,298.150042665991,298.150039560383,298.1499631053483,298.1500372805218,298.15001218161393,100000.0,100000.00000007378
197.3,298.1500424098125,298.1500393228514,298.1499633268742,298.15003705667914,298.1500121084721,100000.0,100000.00000007378
197.4,298.1500421551721,298.150039086746,298.1499635470699,298.15003683418047,298.15001203576946,100000.0,100000.00000007382
197.5,298.1500419020607,298.1500388520583,298.14996376594354,298.1500366130178,298.15001196350335,100000.0,100000.00000007387
197.60000000000002,298.150041650469,298.1500386187797,298.1499639835029,298.150036393183,298.15001189167117,100000.0,100000.00000007392
197.70000000000002,298.150041400388,298.15003838690177,298.1499641997561,298.1500361746682,298.15001182027027,100000.0,100000.00000007395
197.8,298.15004115180847,298.1500381564161,298.1499644147108,298.1500359574654,298.1500117492981,100000.0,100000.00000007397
197.9,298.15004090472155,298.1500379273143,298.14996462837485,298.15003574156674,298.15001167875204,100000.0,100000.00000007403
198.0,298.15004065911813,298.1500376995881,298.14996484075607,298.15003552696436,298.1500116086296,100000.0,100000.00000007405
198.10000000000002,298.15004041498946,298.15003747322925,298.14996505186195,298.15003531365056,298.15001153892814,100000.0,100000.00000007407
198.20000000000002,298.15004017232656,298.1500372482295,298.1499652617004,298.15003510161756,298.15001146964516,100000.0,100000.00000007413
198.3,298.1500399311207,298.1500370245808,298.1499654702789,298.1500348908576,298.1500114007783,100000.0,100000.00000007417
198.4,298.1500396913631,298.1500368022748,298.14996567760505,298.15003468136314,298.1500113323248,100000.0,100000.00000007421
198.5,298.15003945304505,298.1500365813037,298.1499658836864,298.15003447312654,298.1500112642824,100000.0,100000.00000007421
198.60000000000002,298.15003921615795,298.1500363616593,298.1499660885303,298.15003426614027,298.1500111966485,100000.0,100000.00000007429
198.70000000000002,298.15003898069324,298.15003614333375,298.14996629214426,298.1500340603968,298.1500111294207,100000.0,100000.00000007432
198.8,298.1500387466422,298.1500359263191,298.14996649453565,298.15003385588875,298.1500110625966,100000.0,100000.00000007436
198.9,298.1500385139966,298.1500357106074,298.1499666957119,298.15003365260844,298.1500109961737,100000.0,100000.00000007439
199.0,298.1500382827478,298.150035496191,298.14996689568017,298.15003345054885,298.15001093014956,100000.0,100000.00000007439
199.10000000000002,298.15003805288745,298.150035283062,298.1499670944478,298.1500332497024,298.15001086452196,100000.0,100000.00000007443
199.20000000000002,298.1500378244073,298.15003507121264,298.149967292022,298.1500330500619,298.15001079928834,100000.0,100000.00000007448
199.3,298.15003759729905,298.1500348606353,298.14996748840986,298.15003285162015,298.1500107344464,100000.0,100000.00000007453
199.4,298.15003737155433,298.15003465132224,298.14996768361857,298.1500326543698,298.15001066999383,100000.0,100000.00000007458
199.5,298.1500371471651,298.15003444326607,298.1499678776552,298.1500324583039,298.15001060592823,100000.0,100000.00000007465
199.60000000000002,298.1500369241231,298.1500342364591,298.1499680705267,298.15003226341514,298.1500105422473,100000.0,100000.00000007468
199.70000000000002,298.1500367024204,298.15003403089383,298.14996826224024,298.1500320696966,298.1500104789487,100000.0,100000.00000007471
199.8,298.1500364820488,298.15003382656283,298.1499684528027,298.1500318771412,298.1500104160302,100000.0,100000.00000007475
199.9,298.1500362630004,298.15003362345874,298.14996864222087,298.1500316857419,298.15001035348945,100000.0,100000.0000000748
200.0,298.15003604526726,298.1500334215741,298.14996883050185,298.15003149549193,298.1500102913242,100000.0,100000.00000007483
