time_s,T_2mm_K,T_4mm_K,T_7mm_K,T_interface_left_K,T_interface_right_K,energy_input_J_m2,energy_stored_J_m2
0.0,293.15,293.15,293.15,293.15,293.15,0.0,0.0
0.05,293.15919962479677,293.1501717802295,293.1500000000212,293.1500438914571,293.1500060921994,500.0,500.00000000000045
0.1,293.1821452687347,293.15094869295365,293.15000000027754,293.1502839988198,293.1500419441343,1000.0,1000.0000000000014
0.15000000000000002,293.2176702988282,293.1529273487556,293.1500000018973,293.151006165763,293.1501577417794,1500.0,1500.0000000000025
0.2,293.2625319954141,293.1567002365301,293.1500000090251,293.15259596367684,293.1504308707627,2000.0,2000.0000000000045
0.25,293.31361646605296,293.1627358234198,293.1500000335926,293.1554716487076,293.1509587793006,2500.0,2500.0000000000055
0.30000000000000004,293.3685736856357,293.1713351266955,293.1500001043056,293.1600186600895,293.1518480548443,3000.0,3000.000000000008
0.35000000000000003,293.4257892314337,293.1826419623804,293.15000028126383,293.1665459104652,293.15320374462516,3500.0,3500.00000000001
0.4,293.4841979244141,293.19667651067675,293.1500006770566,293.17526738338955,293.1551212511494,4000.0,4000.0000000000136
0.45,293.54311021614143,293.21337222276753,293.1500014842636,293.18630319009674,293.1576814411295,4500.0,4500.000000000015
0.5,293.6020854107905,293.23260713018635,293.15000300827256,293.1996919330351,293.1609485802606,5000.0,5000.00000000002
0.55,293.6608462033968,293.25422732945776,293.1500057034332,293.2154076275704,293.16497031645326,5500.0,5500.000000000025
0.6000000000000001,293.71922256244454,293.27806337963,293.15001020999426,293.2333768453554,293.1697789313575,6000.0,6000.000000000027
0.65,293.7771150326712,293.3039412097987,293.1500173890921,293.2534938396731,293.1753932415827,6500.0,6500.000000000031
0.7000000000000001,293.8344706154228,293.3316890886647,293.15002835325856,293.2756328264791,293.1818207236616,7000.0,7000.000000000034
0.75,293.89126678712796,293.3611418860664,293.1500444904036,293.29965739400683,293.189059601258,7500.0,7500.000000000038
0.8,293.9475008257217,293.39214351819464,293.15006747988514,293.32542738807075,293.197100753241,8000.0,8000.000000000043
0.8500000000000001,294.00318263825943,293.4245481951517,293.15009929998234,293.3528037434125,293.2059293804837,8500.0,8500.00000000005
0.9,294.0583299247362,293.4582208907523,293.1501422267497,293.38165172543086,293.21552641723775,9000.0,9000.000000000055
0.9500000000000001,294.11296491683936,293.4930373165696,293.1501988247737,293.4118429851574,293.2258696994302,9500.0,9500.000000000062
1.0,294.1671121872263,293.5288835886569,293.1502719307643,293.44325675321227,293.2369349150026,10000.0,10000.00000000007
1.05,294.2207971908,293.5656557124152,293.1503646311711,293.47578042473486,293.2486963659678,10500.0,10500.000000000073
1.1,294.2740453082614,293.60325896878106,293.1504802351411,293.50930972441967,293.2611275718335,11000.0,11000.00000000008
1.1500000000000001,294.3268812346604,293.64160725645036,293.1506222441506,293.5437485904586,293.27420174169583,11500.0,11500.00000000009
1.2000000000000002,294.37932860452975,293.6806224256512,293.15079431957616,293.5790088774307,293.2878921389889,12000.0,12000.000000000093
1.25,294.4314097785102,293.72023362601317,293.15100024934617,293.6150099491064,293.3021723593416,12500.0,12500.000000000102
1.3,294.48314573931043,293.76037668232107,293.15124391465645,293.6516782107218,293.3170165386302,13000.0,13000.000000000107
1.35,294.53455606073,293.80099350604723,293.1515292575629,293.6889466147351,293.3323995053135,13500.0,13500.000000000113
1.4000000000000001,294.5856589245443,293.84203154661475,293.15186025009194,293.72675416292503,293.348296888547,14000.0,14000.00000000012
1.4500000000000002,294.6364711677837,293.8834432837427,293.1522408653494,293.76504541976624,293.3646851913916,14500.0,14500.000000000127
1.5,294.6870083483555,293.9251857605386,293.1526750509624,293.80377004644487,293.38154183663005,15000.0,15000.000000000138
1.55,294.7372848207586,293.96722015594366,293.15316670506263,293.84288236100235,293.3988451912229,15500.0,15500.000000000146
1.6,294.7873138163012,294.0095113945051,293.15371965491516,293.88234092743005,293.4165745742346,16000.0,16000.000000000151
1.6500000000000001,294.83710752409684,294.0520277911095,293.1543376382087,293.922108174737,293.43471025208936,16500.0,16500.000000000156
1.7000000000000002,294.88667717041244,294.09474072815874,293.15502428695845,293.962150045822,293.4532334242322,17000.0,17000.000000000167
1.75,294.93603309484786,294.13762436265245,293.15578311391994,294.00243567521596,293.47212620164066,17500.0,17500.000000000175
1.8,294.98518482244845,294.18065536069815,293.1566175013754,294.0429370942935,293.49137158013,18000.0,18000.00000000018
1.85,295.03414113128,294.2238126570805,293.1575306921306,294.08362896229073,293.51095340998717,18500.0,18500.000000000196
1.9000000000000001,295.0829101152825,294.2670772376613,293.15852578254385,294.1244883213441,293.53085636314637,19000.0,19000.000000000207
1.9500000000000002,295.1314992424113,294.3104319425335,293.15960571740163,294.1654943737349,293.5510658988575,19500.0,19500.000000000215
2.0,295.17991540819605,294.35386128800957,293.16077328645554,294.20662827955607,293.57156822859247,20000.0,20000.00000000022
2.0500000000000003,295.2281649849267,294.39735130568243,293.16203112243636,294.247872973089,293.5923502807669,20500.0,20500.000000000233
2.1,295.27625386671457,294.44088939694495,293.16338170037096,294.28921299626774,293.6133996657197,21000.0,21000.00000000024
2.15,295.32418751070315,294.4844642014982,293.16482733803366,294.33063434771714,293.6347046412908,21500.0,21500.000000000247
2.2,295.37197097470676,294.52806547851014,293.1663701973784,294.3721243459574,293.6562540792455,22000.0,22000.000000000262
2.25,295.4196089515516,294.57168399921215,293.1680122868064,294.4136715054779,293.6780374327331,22500.0,22500.00000000027
2.3000000000000003,295.4671058003869,294.6153114498311,293.16975546413767,294.45526542449284,293.7000447049072,23000.0,23000.000000000276
2.35,295.51446557521774,294.65894034386145,293.1716014401676,294.49689668328625,293.7222664187957,23500.0,23500.000000000287
2.4000000000000004,295.5616920508975,294.702563942776,293.1735517827004,294.5385567521586,293.74469358847335,24000.0,24000.0000000003
2.45,295.6087887468002,294.7461761843599,293.175607920963,294.5802379080674,293.76731769156225,24500.0,24500.000000000313
2.5,295.65575894837855,294.7897716179308,293.1777711503151,294.6219331591424,293.7901306430663,25000.0,25000.000000000327
2.5500000000000003,295.70260572679433,294.8333453457802,293.18004263717836,294.6636361763309,293.81312477052836,25500.0,25500.00000000034
2.6,295.7493319567963,294.8768929702354,293.1824234241204,294.7053412314954,293.8362927904867,26000.0,26000.000000000353
2.6500000000000004,295.7959403330015,294.92041054579795,293.1849144350356,294.74704314135204,293.8596277861978,26500.0,26500.000000000364
2.7,295.84243338472635,294.9638945358686,293.187516480373,294.78873721669584,293.883123186586,27000.0,27000.00000000038
2.75,295.8888134894984,295.0073417736179,293.1902302623698,294.83041921640915,293.90677274637693,27500.0,27500.0000000004
2.8000000000000003,295.93508288536896,295.0507494265999,293.19305638025287,294.8720853058,293.9305705273644,28000.0,28000.000000000407
2.85,295.9812436821363,295.0941149647507,293.19599533537945,294.91373201885835,293.9545108807638,28500.0,28500.00000000043
2.9000000000000004,296.02729787157784,295.13743613144436,293.1990475362916,294.9553562240584,293.97858843059925,29000.0,29000.000000000444
2.95,296.0732473367825,295.1807109173126,293.202213303662,294.99695509337096,294.0027980580751,29500.0,29500.000000000455
3.0,296.1190938606645,295.22393753656235,293.2054928751173,295.0385260741803,294.02713488688005,30000.0,30000.000000000466
3.0500000000000003,296.16483913373406,295.2671144055517,293.2088864099221,295.080066863831,294.05159426937524,30500.0,30500.000000000473
3.1,296.21048476119097,295.3102401234063,293.2123939935169,295.12157538655595,294.07617177361647,31000.0,31000.000000000495
3.1500000000000004,296.25603226940393,295.35331345448185,293.2160156418993,295.16304977255845,294.1008631711656,31500.0,31500.000000000513
3.2,296.30148311183126,295.3963333124949,293.2197513058452,295.20448833904743,294.12566442564366,32000.0,32000.00000000052
3.25,296.346838674432,295.4392987461625,293.2236008749657,295.24588957303894,294.15057168198445,32500.0,32500.000000000535
3.3000000000000003,296.3921002806153,295.48220892620606,293.227564181598,295.28725211575767,294.1755812563446,33000.0,33000.00000000055
3.35,296.43726919576864,295.52506313358975,293.23164100452993,295.3285747484892,294.2006896266332,33500.0,33500.00000000057
3.4000000000000004,296.48234663140283,295.56786074887464,293.2358310725598,295.36985637974425,294.2258934236207,34000.0,34000.00000000058
3.45,296.5273337489484,295.61060124258273,293.24013406789226,295.41109603361275,294.2511894225935,34500.0,34500.00000000061
3.5,296.57223166323485,295.6532841664739,293.2445496293735,295.4522928391955,294.27657453551905,35000.0,35000.0000000006
3.5500000000000003,296.6170414456793,295.6959091456499,293.2490773555695,295.4934460210124,294.3020458036906,35500.0,35500.000000000626
3.6,296.6617641272136,295.7384758714056,293.2537168076908,295.53455489029574,294.3276003908201,36000.0,36000.00000000065
3.6500000000000004,296.70640070096965,295.78098409475655,293.25846751236776,295.57561883708496,294.35323557655255,36500.0,36500.00000000067
3.7,296.75095212474656,295.8234336205795,293.263328964282,295.61663732304936,294.3789487503736,37000.0,37000.000000000684
3.75,296.7954193232782,295.8658243023066,293.2683006286584,295.65760987496895,294.4047374058865,37500.0,37500.0000000007
3.8000000000000003,296.83980319031843,295.908156037121,293.2733819436221,295.69853607881373,294.43059913543414,38000.0,38000.000000000706
3.85,296.88410459056024,295.950428761607,293.2785723224272,295.7394155743642,294.4565316250441,38500.0,38500.00000000073
3.9000000000000004,296.9283243614031,295.9926424478105,293.2838711555607,295.7802480503236,294.48253264967684,39000.0,39000.00000000075
3.95,296.972463314582,296.0347970996723,293.2892778127281,295.8210332398764,294.5086000687562,39500.0,39500.00000000076
4.0,297.01652223766985,296.0768927497976,293.29479164472536,295.8617709166499,294.5347318219659,40000.0,40000.000000000786
4.05,297.0605018954642,296.11892945653113,293.30041198520286,295.9024608910446,294.560925925293,40500.0,40500.00000000079
4.1000000000000005,297.1044030312683,296.1609073013082,293.3061381523249,295.9431030068958,294.5871804673041,41000.0,41000.00000000083
4.15,297.1482263680755,296.20282638625605,293.31196945033207,295.98369713843834,294.6134936056387,41500.0,41500.000000000844
4.2,297.19197260966484,296.2446868320218,293.3179051710091,296.02424318754584,294.6398635637062,42000.0,42000.00000000086
4.25,297.2356424416163,296.28648877580565,293.32394459506435,296.06474108121773,294.6662886275722,42500.0,42500.00000000086
4.3,297.279236532251,296.32823236958035,293.330086993424,296.1051907692943,294.69276714302487,43000.0,43000.00000000089
4.3500000000000005,297.32275553350405,296.3699177784784,293.33633162844717,296.1455922223753,294.71929751280686,43500.0,43500.00000000091
4.4,297.366200081735,296.4115451793325,293.3426777550643,296.185945429926,294.745878194004,44000.0,44000.00000000094
4.45,297.4095707984807,296.45311475935443,293.3491246218442,296.226250398553,294.7725076955808,44500.0,44500.00000000095
4.5,297.452868291156,296.49462671493814,293.35567147199254,296.2665071504331,294.7991845760533,45000.0,45000.00000000097
4.55,297.4960931537065,296.53608125057815,293.3623175442864,296.30671572188254,294.8259074412898,45500.0,45500.00000000099
4.6000000000000005,297.5392459672162,296.57747857788917,293.36906207394816,296.3468761620541,294.8526749424337,46000.0,46000.000000001004
4.65,297.58232730047547,296.61881891472,293.37590429346153,296.38698853174856,294.87948577393786,46500.0,46500.000000001026
4.7,297.62533771051073,296.66010248435185,293.3828434333335,296.4270529023324,294.90633867170664,47000.0,47000.00000000105
4.75,297.6682777430801,296.70132951477297,293.3898787228054,296.46706935475044,294.9332324113365,47500.0,47500.00000000108
4.800000000000001,297.7111479331371,296.7425002380231,293.39700939051534,296.5070379786261,294.96016580645085,48000.0,48000.000000001106
4.8500000000000005,297.7539488052654,296.78361488960104,293.40423466511544,296.5469588714401,294.98713770712186,48500.0,48500.00000000112
4.9,297.7966808740857,296.82467370792835,293.41155377584624,296.586832137782,295.0141469983759,49000.0,49000.00000000114
4.95,297.83934464463925,296.86567693386667,293.4189659530703,296.6266578886663,295.0411925987753,49500.0,49500.00000000118
5.0,297.8819406127466,296.90662481027994,293.42647042876837,296.6664362409097,295.0682734590739,50000.0,50000.00000000121
5.050000000000001,297.92446926534615,296.9475175816408,293.4340664369993,296.706167316561,295.09538856094053,50500.0,50500.00000000123
5.1000000000000005,297.96693108081314,296.9883554936746,293.44175321432647,296.74585124238195,295.12253691574716,51000.0,51000.00000000125
5.15,298.0093265292594,297.029138793039,293.4495300002127,296.7854881493726,295.14971756341777,51500.0,51500.00000000128
5.2,298.0516560728174,297.06986772703533,293.45739603738485,296.8250781723378,295.176929571334,52000.0,52000.000000001295
5.25,298.0939201659078,297.1105425433481,293.465350572171,296.8646214494908,295.20417203329487,52500.0,52500.00000000131
5.300000000000001,298.13611925549293,297.15116348981144,293.4733928548109,296.90411812209237,295.231444068527,53000.0,53000.00000000134
5.3500000000000005,298.1782537813167,297.1917308141987,293.48152213974197,296.94356833411956,295.2587448207428,53500.0,53500.00000000137
5.4,298.2203241761317,297.232244764034,293.4897376858615,296.9829722319634,295.286073457243,54000.0,54000.000000001375
5.45,298.2623308659154,297.2727055864227,293.498038756768,297.0223299641532,295.3134291680628,54500.0,54500.00000000141
5.5,298.304274270074,297.3131135279,293.50642462098085,297.06164168110365,295.3408111651567,55000.0,55000.00000000144
5.550000000000001,298.34615480163836,297.35346883429526,293.51489455214187,297.1009075348839,295.36821868162264,55500.0,55500.000000001455
5.6000000000000005,298.38797286744807,297.39377175061117,293.52344782919795,297.1401276790065,295.39565097096056,56000.0,56000.000000001484
5.65,298.4297288683287,297.43402252091585,293.53208373656696,297.1793022682344,295.42310730636547,56500.0,56500.000000001506
5.7,298.47142319925973,297.4742213882471,293.5408015642885,297.21843145840376,295.4505869800523,57000.0,57000.00000000153
5.75,298.513056249535,297.514368594527,293.54960060815836,297.2575154062631,295.47808930261095,57500.0,57500.00000000156
5.800000000000001,298.55462840291614,297.5544643804874,293.55848016985044,297.29655426932504,295.50561360238964,58000.0,58000.000000001586
5.8500000000000005,298.59614003777904,297.5945089856028,293.5674395570247,297.33554820573124,295.5331592249057,58500.0,58500.00000000162
5.9,298.63759152725413,297.6345026480327,293.576478083423,297.3744973741288,295.56072553228194,59000.0,59000.000000001644
5.95,298.67898323936055,297.67444560457074,293.58559506895386,297.4134019335568,295.58831190270627,59500.0,59500.000000001666
6.0,298.7203155371351,297.7143380905998,293.5947898397659,297.4522620433435,295.6159177299163,60000.0,60000.00000000168
6.050000000000001,298.7615887787554,297.7541803400544,293.6040617283115,297.49107786301124,295.64354242270355,60500.0,60500.00000000172
6.1000000000000005,298.8028033176586,297.7939725853874,293.6134100734014,297.52984955218983,295.67118540444017,61000.0,61000.00000000173
6.15,298.84395950265485,297.8337150575423,293.6228342202496,297.568577270538,295.6988461126236,61500.0,61500.00000000176
6.2,298.8850576780373,297.8734079859297,293.63233352051145,297.6072611776708,295.7265239984414,62000.0,62000.00000000178
6.25,298.92609818368703,297.91305159840783,293.64190733231226,297.6459014330936,295.75421852635276,62500.0,62500.000000001804
6.300000000000001,298.9670813551745,297.95264612126687,293.6515550202701,297.6844981961417,295.7819291736873,63000.0,63000.00000000184
6.3500000000000005,299.0080075238573,297.9921917792159,293.6612759555117,297.7230516259257,295.80965543025917,63500.0,63500.00000000186
6.4,299.04887701697425,298.0316887953743,293.67106951568167,297.7615618812806,295.8373967979976,64000.0,64000.00000000189
6.45,299.0896901577362,298.0711373912639,293.680935084946,297.80002912072086,295.86515279059074,64500.0,64500.00000000195
6.5,299.13044726541403,298.11053778680525,293.6908720539905,297.8384535023978,295.89292293314355,65000.0,65000.00000000196
6.550000000000001,299.17114865542305,298.1498902003149,293.70087982001394,297.87683518406214,295.92070676184915,65500.0,65500.00000000199
6.6000000000000005,299.21179463940496,298.18919484850545,293.71095778671645,297.9151743230295,295.94850382367224,66000.0,66000.00000000202
6.65,299.2523855253072,298.2284519464865,293.72110536428346,297.95347107614845,295.9763136760447,66500.0,66500.00000000204
6.7,299.2929216174594,298.2676617077683,293.73132196936604,297.9917255997727,296.00413588657227,67000.0,67000.00000000207
6.75,299.3334032166475,298.3068243442659,293.7416070250571,298.0299380497348,296.03197003275227,67500.0,67500.00000000211
6.800000000000001,299.3738306201861,298.3459400663049,293.75195996086387,298.06810858132303,296.0598157017014,68000.0,68000.00000000212
6.8500000000000005,299.41420412198715,298.38500908262824,293.7623802126781,298.1062373492598,296.0876724898935,68500.0,68500.00000000215
6.9,299.45452401262844,298.4240316004044,293.7728672227423,298.14432450768334,296.1155400029069,69000.0,69000.00000000217
6.95,299.4947905794187,298.463007825236,293.78342043961334,298.18237021013005,296.14341785518025,69500.0,69500.0000000022
7.0,299.53500410646075,298.50193796116935,293.79403931812436,298.2203746095192,296.1713056697775,70000.0,70000.00000000223
7.050000000000001,299.575164874714,298.540822210705,293.8047233193433,298.2583378581395,296.1992030781605,70500.0,70500.00000000227
7.1000000000000005,299.61527316205394,298.5796607748086,293.8154719105299,298.2962601076365,296.22710971997003,71000.0,71000.00000000228
7.15,299.65532924333013,298.61845385292224,293.8262845650906,298.33414150900205,296.2550252428139,71500.0,71500.00000000233
7.2,299.69533339042357,298.65720164297676,293.83716076253165,298.37198221256443,296.28294930206204,72000.0,72000.00000000236
7.25,299.73528587230084,298.695904341404,293.84809998841047,298.40978236798014,296.3108815606494,72500.0,72500.00000000239
7.300000000000001,299.77518695506853,298.7345621431497,293.8591017342857,298.4475421242264,296.33882168888437,73000.0,73000.00000000242
7.3500000000000005,299.81503690202476,298.7731752416863,293.87016549766565,298.48526162959513,296.3667693642637,73500.0,73500.00000000246
7.4,299.8548359737103,298.8117438290268,293.88129078195607,298.5229410316872,296.3947242712943,74000.0,74000.00000000247
7.45,299.8945844279576,298.85026809573804,293.89247709640597,298.5605804774081,296.4226861013196,74500.0,74500.0000000025
7.5,299.93428251993936,298.88874823095455,293.90372395605334,298.5981801129639,296.4506545523524,75000.0,75000.00000000253
7.550000000000001,299.97393050221524,298.92718442239254,293.9150308816695,298.6357400838586,296.4786293289125,75500.0,75500.00000000258
7.6000000000000005,300.01352862477745,298.9655768563639,293.9263973997024,298.67326053489114,296.5066101418697,76000.0,76000.00000000263
7.65,300.0530771350956,299.0039257177906,293.93782304222054,298.7107416101544,296.53459670829164,76500.0,76500.00000000262
7.7,300.0925762781601,299.04223119021844,293.9493073468543,298.7481834530332,296.56258875129623,77000.0,77000.00000000265
7.75,300.1320262965245,299.08049345583186,293.9608498567386,298.78558620620396,296.59058599990874,77500.0,77500.00000000268
7.800000000000001,300.17142743034685,299.11871269546793,293.9724501204544,298.82295001163476,296.6185881889234,78000.0,78000.0000000027
7.8500000000000005,300.2107799174304,299.15688908863063,293.9841076919695,298.86027501058487,296.64659505876847,78500.0,78500.00000000274
7.9,300.2500839932627,299.1950228135054,293.9958221305796,298.8975613436061,296.67460635537634,79000.0,79000.00000000276
7.95,300.2893398910544,299.23311404697296,294.00759300084906,298.93480915054334,296.70262183005656,79500.0,79500.00000000278
8.0,300.32854784177664,299.27116296462407,294.0194198725514,298.97201857053597,296.7306412393732,80000.0,80000.00000000282
8.05,300.3677080741981,299.30916974077314,294.03130232060954,299.00918974201977,296.75866434502547,80500.0,80500.00000000285
8.1,300.4068208149207,299.3471345484728,294.0432399250365,299.0463228027286,296.786690913732,81000.0,81000.00000000291
8.15,300.4458862884147,299.38505755952747,294.05523227087554,299.08341788969665,296.81472071711795,81500.0,81500.00000000294
8.200000000000001,300.4849047170534,299.4229389445077,294.0672789481406,299.1204751392613,296.84275353160626,82000.0,82000.00000000297
8.25,300.52387632114636,299.46077887276374,294.07937955175703,299.15749468706514,296.87078913831067,82500.0,82500.000000003
8.3,300.5628013189722,299.4985775124394,294.09153368150226,299.19447666805934,296.89882732293285,83000.0,83000.00000000303
8.35,300.6016799268111,299.5363350304854,294.1037409419463,299.2314212165067,296.92686787566197,83500.0,83500.0000000031
8.4,300.6405123589758,299.57405159267347,294.1160009423934,299.26832846598467,296.95491059107667,84000.0,84000.00000000314
8.450000000000001,300.6792988278427,299.611727363609,294.1283132968226,299.305198549389,296.98295526805026,84500.0,84500.00000000314
8.5,300.71803954388156,299.649362506745,294.14067762383013,299.3420315989372,297.0110017096581,85000.0,85000.0000000032
8.55,300.75673471568575,299.68695718439454,294.15309354657063,299.3788277461721,297.03904972308754,85500.0,85500.00000000323
8.6,300.79538454999994,299.72451155774456,294.1655606926996,299.4155871219659,297.0670991195505,86000.0,86000.00000000326
8.65,300.8339892517494,299.762025786868,294.178078694316,299.4523098565238,297.095149714198,86500.0,86500.00000000329
8.700000000000001,300.8725490240672,299.79950003073697,294.19064718790503,299.48899607938824,297.1232013260369,87000.0,87000.00000000332
8.75,300.91106406832114,299.83693444723536,294.2032658142815,299.52564591944275,297.15125377784915,87500.0,87500.00000000338
8.8,300.94953458414074,299.8743291931711,294.21593421853356,299.56225950491626,297.17930689611296,88000.0,88000.0000000034
8.85,300.9879607694429,299.9116844242885,294.22865204996697,299.59883696338727,297.20736051092575,88500.0,88500.00000000343
8.9,301.0263428204577,299.9490002952808,294.24141896204935,299.6353784217882,297.23541445592946,89000.0,89000.00000000343
8.950000000000001,301.06468093175306,299.98627695980167,294.2542346123554,299.67188400640936,297.2634685682371,89500.0,89500.00000000349
9.0,301.1029752962593,300.0235145704776,294.2670986625127,299.70835384290393,297.2915226883621,90000.0,90000.00000000352
9.05,301.1412261052934,300.0607132789189,294.28001077814713,299.744788056292,297.3195766601484,90500.0,90500.00000000357
9.1,301.1794335485822,300.09787323573266,294.29297062882983,299.78118677096495,297.347630330703,91000.0,91000.00000000361
9.15,301.21759781428585,300.13499459053287,294.3059778880241,299.81755011069004,297.3756835503295,91500.0,91500.00000000367
9.200000000000001,301.25571908902,300.17207749195234,294.31903223303254,299.85387819861506,297.40373617246405,92000.0,92000.00000000368
9.25,301.2937975578782,300.2091220876539,294.33213334494565,299.89017115727245,297.43178805361197,92500.0,92500.00000000373
9.3,301.33183340445385,300.24612852434126,294.34528090859,299.9264291085842,297.4598390532867,93000.0,93000.00000000375
9.35,301.36982681086147,300.2830969477702,294.3584746124774,299.9626521738663,297.48788903394944,93500.0,93500.0000000038
9.4,301.4077779577573,300.32002750275905,294.3717141487542,299.9988404738329,297.5159378609508,94000.0,94000.00000000381
9.450000000000001,301.4456870243603,300.35692033319935,294.3849992131524,300.0349941286015,297.54398540247354,94500.0,94500.00000000384
9.5,301.48355418847234,300.3937755820665,294.39832950493917,300.07111325769694,297.5720315294764,95000.0,95000.00000000387
9.55,301.5213796264975,300.43059339142974,294.4117047268687,300.1071979800561,297.6000761156402,95500.0,95500.00000000391
9.600000000000001,301.55916351346207,300.4673739024629,294.4251245851342,300.1432484140326,297.62811903731375,96000.0,96000.00000000393
9.65,301.5969060230334,300.50411725545405,294.4385887893197,300.17926467740097,297.6561601734619,96500.0,96500.00000000399
9.700000000000001,301.63460732753845,300.54082358981543,294.45209705235334,300.21524688736133,297.684199405615,97000.0,97000.00000000402
9.75,301.67226759798257,300.57749304409356,294.4656490904608,300.25119516054406,297.7122366178185,97500.0,97500.00000000405
9.8,301.7098870040671,300.6141257559784,294.47924462311914,300.2871096130137,297.74027169658456,98000.0,98000.00000000407
9.850000000000001,301.7474657142076,300.6507218623136,294.4928833730115,300.32299036027405,297.76830453084455,98500.0,98500.00000000413
9.9,301.78500389555074,300.6872814991052,294.5065650659823,300.35883751727226,297.7963350119021,99000.0,99000.00000000416
9.950000000000001,301.82250171399164,300.7238048015313,294.52028943099276,300.3946511984031,297.82436303338784,99500.0,99500.00000000416
10.0,301.859959334191,300.7602919039511,294.5340562000771,300.4304315175135,297.85238849121475,100000.0,100000.00000000422
10.05,301.8881772947939,300.7965711596844,294.5478651082783,300.46613469645,297.88040519133517,100000.0,100000.00000000423
10.100000000000001,301.90260936369634,300.8322093492144,294.56171589343387,300.50160852352826,297.9083893665608,100000.0,100000.00000000428
10.15,301.90442233493775,300.86660999391415,294.57560829541205,300.5365672673029,297.93629073341907,100000.0,100000.00000000431
10.200000000000001,301.89685908806473,300.8991807360615,294.5895420539682,300.57062546808254,297.96403181089784,100000.0,100000.00000000434
10.25,301.883033674245,300.9294532389113,294.603516903933,300.6033649808932,297.9915150574697,100000.0,100000.0000000044
10.3,301.86529627617585,300.95712661482384,294.6175325661852,300.6344004771508,298.01863379440704,100000.0,100000.0000000044
10.350000000000001,301.84526147304894,300.98205717664854,294.6315887329914,300.6634231543448,298.04528288519805,100000.0,100000.00000000445
10.4,301.8239945992494,301.0042248723056,294.64568504687156,300.6902191385385,298.07136684001455,100000.0,100000.00000000451
10.450000000000001,301.8021853574687,301.02369637799274,294.6598210730584,300.7146684276062,298.09680470674397,100000.0,100000.00000000454
10.5,301.78027459670596,301.0405937888226,294.67399626664246,300.7367325277022,298.1215321361765,100000.0,100000.0000000046
10.55,301.75853977403096,301.0550711341907,294.6882099363793,300.75643753156163,298.14550139873785,100000.0,100000.00000000463
10.600000000000001,301.73715107200996,301.0672979802504,294.7024612077158,300.77385697513495,298.16868013292986,100000.0,100000.00000000469
10.65,301.71620809591485,301.0774485223966,294.7167489877646,300.78909671224864,298.1910494440773,100000.0,100000.00000000471
10.700000000000001,301.6957639933805,301.08569461571585,294.7310719347594,300.80228263356685,298.21260177933067,100000.0,100000.00000000474
10.75,301.67584143594377,301.09220151346096,294.74542843403736,300.81355125698985,298.2333388404255,100000.0,100000.00000000477
10.8,301.6564432926325,301.09712542184354,294.75981658193336,300.8230428423548,298.25326967557726,100000.0,100000.0000000048
10.850000000000001,301.6375598023642,301.1006122524824,294.77423417827174,300.8308965600935,298.2724090126505,100000.0,100000.00000000483
10.9,301.6191734101386,301.1027971526096,294.78867872747867,300.83724724950605,298.29077584775416,100000.0,100000.00000000489
10.950000000000001,301.6012620282978,301.1038045310311,294.80314744779093,300.84222336378906,298.3083922769148,100000.0,100000.00000000492
11.0,301.5838012272594,301.1037483914123,294.8176372876312,300.8459457760837,298.3252825457081,100000.0,100000.00000000498
11.05,301.5667656942537,301.10273284741754,294.832144947959,300.8485271945482,298.34147228717285,100000.0,100000.000000005
11.100000000000001,301.55013018978224,301.10085273652817,294.8466669092807,300.8500719973262,298.35698791836,100000.0,100000.00000000503
11.15,301.53387015907794,301.0981942778262,294.8611994619857,300.85067634860775,298.3718561682107,100000.0,100000.00000000505
11.200000000000001,301.5179621069831,301.0948357382274,294.87573873874345,300.85042849574336,298.3861037127795,100000.0,100000.00000000514
11.25,301.5023838113341,301.09084808461853,294.8902807478215,300.84940917644275,298.3997568973515,100000.0,100000.00000000518
11.3,301.48711442701347,301.08629560811033,294.9048214063388,300.8476920865047,298.4128415283635,100000.0,100000.00000000521
11.350000000000001,301.47213451693636,301.0812365125109,294.9193565726431,300.8453443740638,298.4253827210426,100000.0,100000.00000000524
11.4,301.4574260351767,301.0757234630692,294.933882077171,300.8424271374952,298.437404791268,100000.0,100000.00000000528
11.450000000000001,301.4429722796982,301.06980409413535,294.94839375130925,300.83899591204306,298.4489311823366,100000.0,100000.0000000053
11.5,301.4287578267424,301.06352147607447,294.9628874539247,300.835101135808,298.45998441912286,100000.0,100000.00000000531
11.55,301.41476845512386,301.0569145428273,294.9773590953518,300.83078858960647,298.47058608359936,100000.0,100000.00000000537
11.600000000000001,301.40099106602236,301.05001848214374,294.9918046587367,300.8260998078799,298.48075680688703,100000.0,100000.00000000538
11.65,301.3874136019963,301.0428650908552,295.0062202187186,300.82107245962993,298.4905162739765,100000.0,100000.00000000541
11.700000000000001,301.3740249676444,301.03548309770406,295.0206019575001,300.8157406995491,298.4998832380448,100000.0,100000.00000000544
11.75,301.360814953435,301.0278984562673,295.0349461784066,300.8101354902823,298.50887554192167,100000.0,100000.0000000055
11.8,301.34777416360316,301.02013461045146,295.0492493170733,300.8042848972181,298.5175101447626,100000.0,100000.00000000553
11.850000000000001,301.3348939485842,301.012212734929,295.0635079504226,300.79821435747374,298.5258031523938,100000.0,100000.00000000556
11.9,301.3221663421694,301.0041519527435,295.0777188036097,300.7919469248599,298.533769850116,100000.0,100000.00000000559
11.950000000000001,301.3095840033732,300.9959695321612,295.09187875512083,300.78550349263867,298.5414247370154,100000.0,100000.00000000562
12.0,301.29714016288256,300.98768106468737,295.10598484021267,300.77890299586016,298.54878156103723,100000.0,100000.00000000563
12.05,301.2848285738802,300.9793006260111,295.120034252873,300.7721625949885,298.5558533542448,100000.0,100000.00000000569
12.100000000000001,301.2726434669913,300.9708409214902,295.13402434648003,300.7652978424405,298.56265246781993,100000.0,100000.00000000572
12.15,301.26057950908074,300.9623134176487,295.14795263332724,300.7583228335503,298.56919060646743,100000.0,100000.00000000573
12.200000000000001,301.24863176562326,300.95372846102225,295.1618167831675,300.75125034336816,298.575478861971,100000.0,100000.00000000579
12.25,301.2367956663695,300.9450953855668,295.17561462092306,300.7440919505887,298.5815277457168,100000.0,100000.00000000585
12.3,301.22506697404333,300.9364226097318,295.1893441236907,300.73685814979893,298.5873472200554,100000.0,100000.00000000591
12.350000000000001,301.213441755816,300.92771772419184,295.20300341716336,300.7295584531351,298.5929467284138,100000.0,100000.00000000591
12.4,301.20191635732226,300.9189875711413,295.21659077157403,300.7222014823397,298.59833522410594,100000.0,100000.00000000595
12.450000000000001,301.19048737899453,300.9102383159648,295.2301045972607,300.71479505212284,298.6035211978151,100000.0,100000.000000006
12.5,301.179151654513,300.9014755120214,295.2435434399351,300.7073462456501,298.6085127037428,100000.0,100000.00000000604
12.55,301.16790623118175,300.89270415920737,295.2569059757319,300.69986148289985,298.61331738443505,100000.0,100000.00000000608
12.600000000000001,301.1567483520584,300.8839287568995,295.27019100610465,300.69234658256806,298.6179424943102,100000.0,100000.00000000611
12.65,301.14567543967996,300.8751533518205,295.283397452624,300.68480681813253,298.6223949219203,100000.0,100000.00000000611
12.700000000000001,301.1346850812381,300.8663815813179,295.29652435173017,300.67724696863013,298.6266812109856,100000.0,100000.00000000617
12.75,301.12377501507484,300.85761671249855,295.30957084947966,300.669671364651,298.6308075802463,100000.0,100000.00000000621
12.8,301.11294311837605,300.8488616776185,295.3225361963242,300.66208393000267,298.63477994218044,100000.0,100000.00000000623
12.850000000000001,301.10218739595535,300.8401191060887,295.33541974195055,300.65448821945614,298.6386039206361,100000.0,100000.00000000629
12.9,301.09150597002815,300.8313913534231,295.34822093020796,300.64688745294603,298.64228486742934,100000.0,100000.00000000629
12.950000000000001,301.0808970708857,300.822680527423,295.3609392941429,300.6392845465609,298.64582787795905,100000.0,100000.00000000633
13.0,301.0703590283876,300.8139885118633,295.3735744511581,300.63168214062836,298.64923780588856,100000.0,100000.00000000637
13.05,301.0598902641975,300.8053169879208,295.38612609831034,300.6240826251707,298.65251927694425,100000.0,100000.0000000064
13.100000000000001,301.0494892846956,300.796667453561,295.3985940077546,300.61648816297975,298.6556767018794,100000.0,100000.00000000643
13.15,301.03915467450486,300.7880412410801,295.4109780223456,300.608900710536,298.65871428865,100000.0,100000.00000000643
13.200000000000001,301.02888509057703,300.77943953297745,295.42327805139917,300.6013220369767,298.66163605384844,100000.0,100000.00000000646
13.25,301.018679256787,300.77086337631977,295.43549406661884,300.5937537412961,298.6644458334373,100000.0,100000.00000000649
13.3,301.008535958989,300.7623136957409,295.4476260981878,300.58619726794626,298.6671472928267,100000.0,100000.00000000652
13.350000000000001,300.9984540404944,300.7537913052067,295.4596742310282,300.5786539209868,298.6697439363326,100000.0,100000.00000000658
13.4,300.988432397932,300.74529691866496,295.4716386012251,300.5711248769233,298.6722391160555,100000.0,100000.0000000066
13.450000000000001,300.9784699774574,300.7368311596847,295.48351939261477,300.56361119635494,298.67463604021407,100000.0,100000.0000000066
13.5,300.9685657712794,300.7283945701822,295.4953168335336,300.55611383454516,298.6769377809685,100000.0,100000.00000000666
13.55,300.95871881447584,300.71998761832094,295.5070311937244,300.5486336510152,298.67914728176436,100000.0,100000.00000000666
13.600000000000001,300.9489281820728,300.7116107056636,295.5186627813972,300.54117141825384,298.6812673642281,100000.0,100000.0000000067
13.65,300.9391929863638,300.70326417364754,295.5302119404378,300.5337278296232,298.6833007346424,100000.0,100000.00000000675
13.700000000000001,300.9295123744481,300.6949483094477,295.5416790477625,300.5263035065396,298.6852499900264,100000.0,100000.00000000675
13.75,300.9198855259679,300.6866633512858,295.5530645108114,300.5188990049934,298.6871176238496,100000.0,100000.0000000068
13.8,300.91031165102845,300.67840949323767,295.5643687651768,300.5115148214728,298.68890603139806,100000.0,100000.00000000682
13.850000000000001,300.90078998828375,300.6701868895863,295.575592272361,300.5041513983447,298.6906175148199,100000.0,100000.00000000684
13.9,300.8913198031736,300.66199565876445,295.5867355176581,300.4968091287441,298.6922542878664,100000.0,100000.0000000069
13.950000000000001,300.8819003862999,300.6538358869245,295.5977990081549,300.48948836101846,298.6938184803518,100000.0,100000.00000000691
14.0,300.8725310519286,300.64570763117183,295.6087832708454,300.48218940276706,298.6953121423474,100000.0,100000.00000000693
14.05,300.8632111366076,300.63761092249274,295.619688850854,300.47491252451334,298.69673724812765,100000.0,100000.00000000698
14.100000000000001,300.85393999789073,300.62954576840656,295.63051630976264,300.4676579630443,298.6980956998851,100000.0,100000.00000000701
14.15,300.84471701315715,300.62151215536664,295.6412662240356,300.46042592444826,298.69938933122756,100000.0,100000.00000000706
14.200000000000001,300.8355415785205,300.6135100509357,295.6519391835393,300.4532165868774,298.7006199104723,100000.0,100000.00000000706
14.25,300.82641310781844,300.6055394057554,295.66253579015046,300.4460301030616,298.7017891437501,100000.0,100000.00000000709
14.3,300.81733103167596,300.5976001553295,295.6730566564491,300.4388666025969,298.70289867793065,100000.0,100000.00000000713
14.350000000000001,300.8082947966373,300.58969222163955,295.6835024044922,300.431726194027,298.703950103382,100000.0,100000.00000000714
14.4,300.7993038643598,300.581815514607,295.69387366466265,300.4246089667397,298.7049449565729,100000.0,100000.00000000717
14.450000000000001,300.7903577108646,300.57396993341746,295.7041710745914,300.4175149926928,298.70588472252916,100000.0,100000.00000000722
14.5,300.78145582584057,300.5661553677192,295.7143952781467,300.41044432798697,298.70677083715304,100000.0,100000.00000000722
14.55,300.77259771199556,300.5583716987088,295.72454692448866,300.40339701429764,298.7076046894135,100000.0,100000.00000000729
14.600000000000001,300.763782884452,300.55061880011294,295.7346266671842,300.3963730801804,298.70838762341623,100000.0,100000.0000000073
14.65,300.75501087018387,300.54289653907756,295.74463516338005,300.3893725422605,298.7091209403613,100000.0,100000.00000000732
14.700000000000001,300.7462812074901,300.535204776972,295.75457307302986,300.38239540631736,298.709805900393,100000.0,100000.00000000736
14.75,300.7375934455031,300.5275433701168,295.76444105817257,300.37544166827286,298.71044372435233,100000.0,100000.00000000738
14.8,300.7289471437284,300.51991217044167,295.7742397822596,300.3685113150933,298.71103559543457,100000.0,100000.00000000744
14.850000000000001,300.72034187161444,300.51231102608057,295.78396990952723,300.361604325612,298.7115826607597,100000.0,100000.00000000744
14.9,300.7117772081481,300.50473978190985,295.79363210441227,300.35472067127927,298.71208603286055,100000.0,100000.00000000748
14.950000000000001,300.7032527414759,300.4971982800341,295.8032270310079,300.34786031684786,298.71254679109353,100000.0,100000.00000000751
15.0,300.6947680685482,300.4896863602256,295.81275535255844,300.3410232209976,298.7129659829764,100000.0,100000.00000000754
15.05,300.68632279478413,300.4822038603205,295.8222177309891,300.3342093369064,298.71334462545764,100000.0,100000.0000000076
15.100000000000001,300.6779165337564,300.47475061657696,295.8316148264704,300.3274186127713,298.713683706122,100000.0,100000.0000000076
15.15,300.66954890689465,300.4673264639978,295.8409472970137,300.3206509922846,298.7139841843353,100000.0,100000.00000000767
15.200000000000001,300.661219543205,300.45993123662174,295.85021579809734,300.31390641506886,298.7142469923315,100000.0,100000.00000000768
15.25,300.6529280790054,300.4525647677855,295.85942098232044,300.3071848170742,298.71447303624717,100000.0,100000.00000000771
15.3,300.6446741576758,300.44522689035983,295.8685634990835,300.30048613094147,298.7146631971052,100000.0,100000.00000000774
15.350000000000001,300.6364574294213,300.43791743696204,295.87764399429363,300.29381028633435,298.71481833175034,100000.0,100000.00000000777
15.4,300.62827755104837,300.43063624014655,295.88666311009325,300.28715721024304,298.71493927374024,100000.0,100000.0000000078
15.450000000000001,300.62013418575174,300.42338313257653,295.89562148461084,300.2805268272618,298.7150268341942,100000.0,100000.0000000078
15.5,300.6120270029131,300.41615794717734,295.9045197517323,300.27391905984274,298.7150818026015,100000.0,100000.00000000786
15.55,300.6039556779094,300.40896051727407,295.9133585408914,300.26733382852836,298.7151049475926,100000.0,100000.00000000786
15.600000000000001,300.5959198919305,300.40179067671477,295.92213847687884,300.2607710521639,298.7150970176743,100000.0,100000.00000000787
15.65,300.5879193318058,300.39464825997993,295.9308601796681,300.2542306480919,298.71505874193133,100000.0,100000.0000000079
15.700000000000001,300.5799536898389,300.3875331022806,295.93952426425756,300.24771253232996,298.71499083069597,100000.0,100000.00000000796
15.75,300.57202266364993,300.3804450396451,295.948131340527,300.241216619734,298.7148939761879,100000.0,100000.00000000797
15.8,300.56412595602524,300.37338390899663,295.9566820131091,300.234742824147,298.7147688531256,100000.0,100000.00000000802
15.850000000000001,300.55626327477364,300.3663495482207,295.9651768812733,300.2282910585357,298.71461611930977,100000.0,100000.00000000802
15.9,300.54843433258884,300.3593417962258,295.9736165388226,300.22186123511545,298.7144364161832,100000.0,100000.00000000803
15.950000000000001,300.540638846918,300.35236049299624,295.98200157400197,300.2154532654645,298.7142303693647,100000.0,100000.00000000806
16.0,300.5328765398356,300.34540547963763,295.99033256941686,300.20906706062874,298.7139985891606,100000.0,100000.0000000081
16.05,300.5251471379231,300.3384765984178,295.99861010196275,300.2027025312178,298.7137416710554,100000.0,100000.00000000813
16.1,300.51745037215255,300.3315736928007,296.0068347427639,300.1963595874925,298.71346019618056,100000.0,100000.00000000813
16.150000000000002,300.50978597777566,300.32469660747665,296.015007057121,300.190038139445,298.71315473176446,100000.0,100000.00000000818
16.2,300.5021536942169,300.31784518838725,296.02312760446694,300.1837380968727,298.7128258315641,100000.0,100000.00000000821
16.25,300.4945532649706,300.31101928274666,296.03119693833065,300.177459369445,298.7124740362782,100000.0,100000.00000000824
16.3,300.48698443750226,300.30421873905914,296.0392156063083,300.17120186676516,298.71209987394474,100000.0,100000.00000000825
16.35,300.47944696315324,300.29744340713324,296.04718415004083,300.1649654984262,298.71170386032145,100000.0,100000.0000000083
16.400000000000002,300.47194059704907,300.29069313809305,296.0551031051983,300.1587501740627,298.7112864992523,100000.0,100000.00000000832
16.45,300.4644650980108,300.28396778438656,296.0629730014698,300.152555803397,298.7108482830187,100000.0,100000.00000000835
16.5,300.4570202284701,300.27726719979216,296.0707943625591,300.1463822962828,298.7103896926776,100000.0,100000.0000000084
16.55,300.44960575438654,300.2705912394219,296.07856770618577,300.140229562744,298.7099111983861,100000.0,100000.00000000841
16.6,300.44222144516806,300.26393975972405,296.0862935440898,300.1340975130105,298.70941325971404,100000.0,100000.00000000844
16.650000000000002,300.4348670735942,300.2573126184826,296.0939723820425,300.1279860575501,298.7088963259449,100000.0,100000.00000000847
16.7,300.42754241574164,300.25070967481645,296.10160471986006,300.1218951070992,298.7083608363646,100000.0,100000.00000000848
16.75,300.42024725091255,300.24413078917587,296.1091910514217,300.1158245726886,298.7078072205406,100000.0,100000.00000000853
16.8,300.4129813615642,300.2375758233385,296.116731864691,300.1097743656688,298.7072358985899,100000.0,100000.00000000856
16.85,300.4057445332427,300.2310446404041,296.1242276417413,300.10374439773153,298.70664728143805,100000.0,100000.00000000859
16.900000000000002,300.39853655451634,300.22453710478817,296.1316788587826,300.09773458093036,298.7060417710681,100000.0,100000.00000000861
16.95,300.3913572169131,300.2180530822144,296.13908598619344,300.0917448276987,298.7054197607611,100000.0,100000.00000000863
17.0,300.38420631485894,300.2115924397066,296.14644948855334,300.0857750508659,298.7047816353279,100000.0,100000.00000000867
17.05,300.3770836456182,300.2051550455799,296.15376982467893,300.0798251636724,298.7041277713328,100000.0,100000.0000000087
17.1,300.3699890092356,300.1987407694311,296.161047447662,300.0738950797829,298.7034585373097,100000.0,100000.0000000087
17.150000000000002,300.36292220848014,300.19234948212863,296.1682828049092,300.067984713298,298.7027742939703,100000.0,100000.00000000873
17.2,300.35588304879036,300.18598105580213,296.1754763381844,300.06209397876523,298.7020753944057,100000.0,100000.00000000876
17.25,300.34887133822144,300.1796353638311,296.1826284836519,300.0562227911879,298.70136218428087,100000.0,100000.00000000879
17.3,300.34188688739346,300.17331228083344,296.18973967192153,300.0503710660336,298.7006350020227,100000.0,100000.00000000882
17.35,300.33492950944134,300.16701168265433,296.1968103280957,300.0445387192419,298.6998941790019,100000.0,100000.00000000883
17.400000000000002,300.32799901996566,300.1607334463532,296.20384087181674,300.03872566723027,298.69914003970865,100000.0,100000.00000000886
17.45,300.3210952369857,300.15447745019253,296.2108317173163,300.03293182689964,298.69837290192294,100000.0,100000.00000000888
17.5,300.3142179808924,300.14824357362426,296.2177832734652,300.02715711563945,298.69759307687895,100000.0,100000.0000000089
17.55,300.3073670744042,300.1420316972782,296.22469594382454,300.0214014513312,298.69680086942446,100000.0,100000.00000000893
17.6,300.30054234252236,300.1358417029486,296.23157012669753,300.0156647523522,298.6959965781752,100000.0,100000.00000000895
17.650000000000002,300.2937436124886,300.1296734735813,296.23840621518224,300.00994693757815,298.6951804956641,100000.0,100000.00000000896
17.7,300.2869707137431,300.1235268932612,296.2452045972244,300.0042479263851,298.6943529084862,100000.0,100000.00000000901
17.75,300.2802234778841,300.1174018471987,296.2519656556718,299.99856763865125,298.693514097439,100000.0,100000.00000000905
17.8,300.27350173862817,300.1112982217169,296.25868976832817,299.9929059947581,298.6926643376582,100000.0,100000.00000000908
17.85,300.2668053317715,300.10521590423855,296.26537730800777,299.98726291559086,298.6918038987498,100000.0,100000.0000000091
17.900000000000002,300.2601340951519,300.09915478327304,296.2720286425908,299.981638322539,298.69093304491804,100000.0,100000.00000000912
17.95,300.25348786861247,300.093114748403,296.2786441350785,299.9760321374963,298.69005203508937,100000.0,100000.00000000917
18.0,300.2468664939652,300.0870956902718,296.2852241436485,299.97044428285955,298.6891611230327,100000.0,100000.00000000915
18.05,300.24026981495587,300.08109750056997,296.29176902171093,299.96487468152884,298.6882605574768,100000.0,100000.0000000092
18.1,300.23369767723,300.0751200720229,296.2982791179636,299.95932325690563,298.68735058222325,100000.0,100000.0000000092
18.150000000000002,300.2271499282991,300.0691632983775,296.3047547764485,299.9537899328917,298.68643143625707,100000.0,100000.00000000926
18.2,300.220626417508,300.0632270743895,296.3111963366067,299.9482746338879,298.6855033538536,100000.0,100000.00000000927
18.25,300.2141269960028,300.05731129581113,296.3176041333352,299.94277728479136,298.68456656468265,100000.0,100000.00000000931
18.3,300.2076515166997,300.0514158593779,296.3239784970417,299.9372978109945,298.68362129390937,100000.0,100000.00000000931
18.35,300.2011998342541,300.0455406627967,296.3303197537008,299.9318361383819,298.68266776229314,100000.0,100000.00000000931
18.400000000000002,300.1947718050312,300.039685604733,296.33662822490885,299.92639219332864,298.68170618628244,100000.0,100000.00000000937
18.45,300.1883672870763,300.0338505847985,296.3429042279397,299.9209659026969,298.68073677810827,100000.0,100000.0000000094
18.5,300.1819861400863,300.0280355035392,296.34914807579946,299.91555719383393,298.6797597458747,100000.0,100000.0000000094
18.55,300.1756282253818,300.02224026242334,296.3553600772811,299.91016599456873,298.6787752936466,100000.0,100000.00000000943
18.6,300.16929340587967,300.01646476382916,296.3615405370192,299.9047922332093,298.67778362153524,100000.0,100000.00000000946
18.650000000000002,300.16298154606613,300.01070891103336,296.367689755544,299.89943583853943,298.67678492578216,100000.0,100000.00000000949
18.7,300.1566925119706,300.0049726081993,296.3738080293351,299.89409673981544,298.6757793988399,100000.0,100000.0000000095
18.75,300.15042617114,299.99925576036514,296.3798956508755,299.8887748667629,298.6747672294513,100000.0,100000.00000000958
18.8,300.1441823926135,299.9935582734331,296.38595290870376,299.88347014957355,298.67374860272633,100000.0,100000.00000000959
18.85,300.1379610468981,299.98788005415736,296.3919800874678,299.87818251890127,298.67272370021766,100000.0,100000.00000000962
18.900000000000002,300.1317620059443,299.98222101013334,296.3979774679766,299.87291190585904,298.6716926999932,100000.0,100000.00000000966
18.95,300.12558514312246,299.9765810497866,296.4039453272525,299.8676582420153,298.6706557767076,100000.0,100000.00000000969
19.0,300.1194303331996,299.97096008236184,296.4098839385822,299.8624214593901,298.6696131016721,100000.0,100000.00000000975
19.05,300.11329745231717,299.9653580179121,296.41579357156877,299.85720149045164,298.6685648429218,100000.0,100000.00000000978
19.1,300.1071863779682,299.95977476728814,296.4216744921811,299.85199826811254,298.667511165282,100000.0,100000.00000000978
19.150000000000002,300.10109698897577,299.95421024212806,296.427526962805,299.84681172572607,298.6664522304328,100000.0,100000.00000000981
19.200000000000003,300.0950291654718,299.94866435484676,296.4333512422926,299.84164179708245,298.6653881969719,100000.0,100000.00000000985
19.25,300.0889827888759,299.94313701862563,296.4391475860113,299.83648841640485,298.66431922047565,100000.0,100000.00000000987
19.3,300.082957741875,299.93762814740285,296.4449162458926,299.83135151834585,298.6632454535596,100000.0,100000.00000000992
19.35,300.0769539084031,299.93213765586285,296.4506574704809,299.8262310379836,298.66216704593666,100000.0,100000.00000000994
19.400000000000002,300.07097117362173,299.9266654594269,296.4563715049803,299.8211269108177,298.66108414447416,100000.0,100000.00000000995
19.450000000000003,300.0650094239003,299.92121147424325,296.4620585913026,299.816039072766,298.6599968932497,100000.0,100000.00000000998
19.5,300.05906854679745,299.9157756171776,296.46771896811345,299.81096746015993,298.65890543360547,100000.0,100000.00000001004
19.55,300.0531484310422,299.9103578058033,296.473352870879,299.80591200974135,298.6578099042017,100000.0,100000.00000001007
19.6,300.04724896651595,299.90495795839286,296.4789605319113,299.8008726586585,298.6567104410685,100000.0,100000.00000001007
19.650000000000002,300.04137004423427,299.8995759939079,296.48454218041365,299.795849344462,298.6556071776566,100000.0,100000.0000000101
19.700000000000003,300.03551155632954,299.89421183199045,296.49009804252523,299.79084200510124,298.6545002448871,100000.0,100000.00000001013
19.75,300.0296733960335,299.88886539295413,296.4956283413649,299.78585057892076,298.6533897711999,100000.0,100000.00000001014
19.8,300.02385545766066,299.8835365977751,296.5011332970754,299.78087500465585,298.65227588260103,100000.0,100000.00000001019
19.85,300.0180576365915,299.87822536808375,296.50661312686594,299.7759152214296,298.65115870270915,100000.0,100000.00000001022
19.900000000000002,300.01227982925593,299.8729316261556,296.512068045055,299.7709711687484,298.6500383528011,100000.0,100000.00000001024
19.950000000000003,300.0065219331178,299.8676552949032,296.51749826311226,299.7660427864986,298.6489149518558,100000.0,100000.00000001026
20.0,300.00078384665886,299.8623962978679,296.52290398970024,299.7611300149428,298.6477886165977,100000.0,100000.0000000103
20.05,299.99506546936345,299.8571545592114,296.5282854307152,299.75623279471597,298.6466594615398,100000.0,100000.00000001033
20.1,299.9893667017034,299.8519300037079,296.5336427893276,299.7513510668219,298.6455275990242,100000.0,100000.00000001035
20.150000000000002,299.9836874451229,299.8467225567358,296.53897626602213,299.74648477262963,298.6443931392635,100000.0,100000.00000001036
20.200000000000003,299.9780276020244,299.84153214427045,296.5442860586373,299.74163385386953,298.64325619038027,100000.0,100000.00000001039
20.25,299.9723870757539,299.8363586928756,296.54957236240386,299.73679825263014,298.64211685844595,100000.0,100000.00000001042
20.3,299.966765770587,299.8312021296965,296.55483536998395,299.7319779113542,298.6409752475188,100000.0,100000.00000001043
20.35,299.9611635917152,299.82606238245216,296.5600752715084,299.72717277283533,298.63983145968143,100000.0,100000.00000001048
20.400000000000002,299.95558044523204,299.8209393794277,296.5652922546145,299.7223827802145,298.6386855950774,100000.0,100000.00000001049
20.450000000000003,299.95001623812016,299.8158330494674,296.5704865044827,299.7176078769765,298.6375377519464,100000.0,100000.0000000105
20.5,299.94447087823784,299.81074332196727,296.57565820387316,299.71284800694644,298.63638802666,100000.0,100000.00000001054
20.55,299.93894427430644,299.8056701268682,296.5808075331616,299.7081031142865,298.6352365137552,100000.0,100000.00000001058
20.6,299.93343633589757,299.80061339464874,296.58593467037485,299.7033731434924,298.6340833059687,100000.0,100000.0000000106
20.650000000000002,299.9279469734207,299.7955730563184,296.59103979122546,299.6986580393901,298.6329284942693,100000.0,100000.00000001064
20.700000000000003,299.92247609811125,299.7905490434109,296.59612306914664,299.6939577471324,298.6317721678904,100000.0,100000.00000001065
20.75,299.91702362201806,299.78554128797737,296.60118467532584,299.68927221219576,298.63061441436133,100000.0,100000.00000001068
20.8,299.9115894579922,299.78054972257985,296.60622477873835,299.68460138037693,298.6294553195387,100000.0,100000.00000001074
20.85,299.906173519675,299.7755742802848,296.6112435461805,299.67994519778995,298.62829496763624,100000.0,100000.00000001075
20.900000000000002,299.90077572148687,299.7706148946566,296.61624114230204,299.6753036108624,298.62713344125495,100000.0,100000.00000001077
20.950000000000003,299.89539597861614,299.7656714997517,296.62121772963815,299.6706765663331,298.6259708214119,100000.0,100000.00000001078
21.0,299.89003420700794,299.76074403011194,296.6261734686416,299.6660640112481,298.62480718756905,100000.0,100000.00000001083
21.05,299.88469032335354,299.75583242075857,296.6311085177131,299.66146589295835,298.62364261766123,100000.0,100000.00000001087
21.1,299.8793642450797,299.75093660718653,296.6360230332329,299.6568821591159,298.62247718812324,100000.0,100000.00000001087
21.150000000000002,299.8740558903384,299.7460565253581,296.6409171695906,299.6523127576716,298.6213109739173,100000.0,100000.00000001088
21.200000000000003,299.8687651779962,299.7411921116974,296.64579107921503,299.6477576368715,298.620144048559,100000.0,100000.00000001094
21.25,299.8634920276245,299.73634330308465,296.650644912604,299.64321674525445,298.6189764841434,100000.0,100000.00000001093
21.3,299.85823635948975,299.7315100368502,296.6554788183528,299.6386900316485,298.6178083513704,100000.0,100000.00000001097
21.35,299.8529980945433,299.7266922507693,296.6602929431832,299.6341774451686,298.61663971956955,100000.0,100000.000000011
21.400000000000002,299.84777715441214,299.7218898830565,296.66508743197153,299.6296789352135,298.61547065672465,100000.0,100000.00000001103
21.450000000000003,299.84257346138946,299.71710287236004,296.66986242777625,299.6251944514631,298.61430122949747,100000.0,100000.00000001107
21.5,299.83738693842525,299.7123311577569,296.67461807186544,299.6207239438752,298.6131315032514,100000.0,100000.00000001109
21.55,299.8322175091174,299.70757467874745,296.6793545037435,299.6162673626832,298.6119615420745,100000.0,100000.00000001113
21.6,299.82706509770264,299.70283337524995,296.68407186117804,299.61182465839323,298.610791408802,100000.0,100000.00000001115
21.650000000000002,299.82192962904776,299.6981071875958,296.68877028022587,299.60739578178146,298.60962116503873,100000.0,100000.00000001118
21.700000000000003,299.816811028641,299.69339605652453,296.6934498952585,299.6029806838914,298.60845087118076,100000.0,100000.00000001119
21.75,299.8117092225835,299.68869992317866,296.69811083898765,299.5985793160312,298.6072805864366,100000.0,100000.00000001122
21.8,299.806624137581,299.6840187290991,296.70275324249064,299.5941916297712,298.6061103688486,100000.0,100000.00000001126
21.85,299.8015557009355,299.67935241622,296.70737723523416,299.58981757694147,298.60494027531314,100000.0,100000.00000001128
21.900000000000002,299.7965038405374,299.67470092686455,296.7119829450993,299.58545710962886,298.60377036160094,100000.0,100000.0000000113
21.950000000000003,299.7914684848574,299.6700642037397,296.71657049840485,299.5811101801749,298.6026006823771,100000.0,100000.00000001132
22.0,299.7864495629384,299.66544218993204,296.7211400199311,299.5767767411731,298.6014312912204,100000.0,100000.00000001135
22.05,299.7814470043884,299.66083482890326,296.7256916329431,299.5724567454665,298.6002622406423,100000.0,100000.00000001138
22.1,299.7764607393725,299.65624206448547,296.7302254592129,299.5681501461457,298.59909358210587,100000.0,100000.0000000114
22.150000000000002,299.7714906986055,299.65166384087695,296.73474161904255,299.5638568965457,298.5979253660443,100000.0,100000.00000001144
22.200000000000003,299.7665368133448,299.647100102638,296.7392402312862,299.5595769502442,298.59675764187864,100000.0,100000.00000001144
22.25,299.761599015383,299.64255079468626,296.7437214133714,299.55531026105893,298.59559045803593,100000.0,100000.00000001144
22.3,299.75667723704066,299.6380158622932,296.74818528132096,299.55105678304574,298.5944238619664,100000.0,100000.00000001148
22.35,299.7517714111599,299.63349525107935,296.752631949774,299.5468164704957,298.5932579001606,100000.0,100000.00000001148
22.400000000000002,299.7468814710969,299.62898890701047,296.75706153200645,299.5425892779334,298.59209261816653,100000.0,100000.00000001154
22.450000000000003,299.7420073507154,299.6244967763938,296.7614741399518,299.53837516011475,298.5909280606055,100000.0,100000.00000001155
22.5,299.73714898438027,299.62001880587366,296.7658698842214,299.5341740720245,298.58976427118904,100000.0,100000.00000001158
22.55,299.7323063069508,299.61555494242805,296.77024887412364,299.5299859688741,298.5886012927343,100000.0,100000.00000001161
22.6,299.727479253774,299.6111051333645,296.7746112176843,299.5258108060999,298.5874391671802,100000.0,100000.00000001163
22.650000000000002,299.72266776067886,299.60666932631625,296.7789570216652,299.52164853936085,298.586277935602,100000.0,100000.00000001167
22.700000000000003,299.7178717639696,299.602247469239,296.78328639158326,299.5174991245364,298.5851176382275,100000.0,100000.00000001167
22.75,299.71309120041997,299.59783951040663,296.7875994317294,299.51336251772454,298.58395831445057,100000.0,100000.0000000117
22.8,299.70832600726686,299.5934453984082,296.79189624518654,299.5092386752396,298.5828000028468,100000.0,100000.00000001173
22.85,299.7035761222046,299.58906508214403,296.79617693384785,299.5051275536107,298.58164274118724,100000.0,100000.00000001177
22.900000000000002,299.69884148337906,299.58469851082225,296.8004415984346,299.50102910957924,298.5804865664525,100000.0,100000.00000001179
22.950000000000003,299.69412202938196,299.5803456339553,296.80469033851335,299.4969433000975,298.57933151484673,100000.0,100000.00000001183
23.0,299.68941769924515,299.576006401357,296.8089232525137,299.492870082326,298.5781776218109,100000.0,100000.00000001183
23.05,299.6847284324351,299.5716807631386,296.8131404377447,299.4888094136326,298.57702492203634,100000.0,100000.00000001186
23.1,299.6800541688474,299.5673686697058,296.81734199041205,299.48476125158993,298.57587344947774,100000.0,100000.0000000119
23.150000000000002,299.6753948488014,299.5630700717555,296.82152800563404,299.48072555397346,298.574723237366,100000.0,100000.00000001189
23.200000000000003,299.67075041303485,299.5587849202725,296.8256985774583,299.47670227876023,298.5735743182209,100000.0,100000.00000001196
23.25,299.66612080269886,299.5545131665265,296.8298537988773,299.4726913841268,298.57242672386343,100000.0,100000.00000001196
23.3,299.66150595935267,299.550254762069,296.83399376184417,299.4686928284474,298.57128048542785,100000.0,100000.00000001199
23.35,299.6569058249583,299.5460096587299,296.83811855728817,299.46470657029215,298.57013563337415,100000.0,100000.00000001202
23.400000000000002,299.65232034187625,299.54177780861505,296.8422282751298,299.4607325684256,298.5689921974993,100000.0,100000.00000001205
23.450000000000003,299.6477494528599,299.53755916410284,296.8463230042959,299.4567707818049,298.5678502069491,100000.0,100000.00000001206
23.5,299.6431931010512,299.53335367784143,296.8504028327343,299.45282116957793,298.56670969022935,100000.0,100000.00000001209
23.55,299.6386512299756,299.52916130274605,296.85446784742817,299.44888369108196,298.5655706752172,100000.0,100000.0000000121
23.6,299.6341237835377,299.5249819919957,296.8585181344106,299.44495830584174,298.56443318917206,100000.0,100000.00000001217
23.650000000000002,299.62961070601625,299.5208156990308,296.8625537787783,299.44104497356824,298.5632972587463,100000.0,100000.00000001217
23.700000000000003,299.62511194206,299.51666237755035,296.8665748647057,299.4371436541566,298.562162909996,100000.0,100000.0000000122
23.75,299.6206274366831,299.51252198150905,296.87058147545827,299.433254307685,298.56103016839126,100000.0,100000.00000001222
23.8,299.6161571352606,299.5083944651148,296.8745736934063,299.4293768944127,298.55989905882643,100000.0,100000.00000001225
23.85,299.6117009835245,299.50427978282585,296.8785516000378,299.425511374779,298.55876960563023,100000.0,100000.00000001228
23.900000000000002,299.6072589275589,299.50017788934855,296.88251527597123,299.4216577094012,298.5576418325755,100000.0,100000.00000001228
23.950000000000003,299.60283091379654,299.4960887396344,296.88646480096895,299.4178158590735,298.5565157628892,100000.0,100000.00000001234
24.0,299.598416889014,299.4920122888778,296.8904002539491,299.4139857847653,298.5553914192615,100000.0,100000.00000001237
24.05,299.5940168003283,299.48794849251345,296.8943217129985,299.4101674476201,298.55426882385575,100000.0,100000.00000001243
24.1,299.58963059519215,299.483897306214,296.8982292553844,299.40636080895337,298.5531479983171,100000.0,100000.00000001243
24.150000000000002,299.58525822139075,299.47985868588745,296.90212295756675,299.4025658302519,298.55202896378216,100000.0,100000.00000001246
24.200000000000003,299.58089962703764,299.475832587675,296.9060028952098,299.39878247317205,298.55091174088733,100000.0,100000.00000001249
24.25,299.5765547605706,299.4718189679485,296.9098691431939,299.3950106995383,298.5497963497779,100000.0,100000.0000000125
24.3,299.5722235707484,299.4678177833083,296.91372177562664,299.3912504713421,298.54868281011676,100000.0,100000.00000001253
24.35,299.5679060066468,299.463828990581,296.9175608658544,299.3875017507403,298.5475711410925,100000.0,100000.00000001257
24.400000000000002,299.5636020176549,299.45985254681693,296.92138648647335,299.3837645000541,298.546461361428,100000.0,100000.00000001257
24.450000000000003,299.5593115534716,299.45588840928815,296.9251987093402,299.3800386817675,298.5453534893886,100000.0,100000.00000001263
24.5,299.55503456410247,299.4519365354863,296.9289976055827,299.37632425852604,298.5442475427899,100000.0,100000.00000001266
24.55,299.55077099985533,299.4479968831206,296.93278324561095,299.37262119313567,298.54314353900594,100000.0,100000.00000001266
24.6,299.5465208113379,299.44406941011505,296.9365556991271,299.36892944856146,298.5420414949768,100000.0,100000.00000001269
24.650000000000002,299.5422839494538,299.4401540746072,296.94031503513565,299.3652489879262,298.54094142721635,100000.0,100000.00000001272
24.700000000000003,299.53806036539925,299.43625083494567,296.9440613219539,299.36157977450915,298.5398433518196,100000.0,100000.00000001273
24.75,299.5338500106601,299.432359649688,296.9477946272213,299.35792177174534,298.5387472844703,100000.0,100000.00000001278
24.8,299.52965283700837,299.42848047759895,296.9515150179097,299.35427494322363,298.53765324044775,100000.0,100000.0000000128
24.85,299.5254687964991,299.42461327764835,296.9552225603326,299.3506392526861,298.5365612346346,100000.0,100000.00000001283
24.900000000000002,299.52129784146734,299.42075800900915,296.9589173201547,299.3470146640265,298.53547128152326,100000.0,100000.00000001288
24.950000000000003,299.51713992452505,299.41691463105565,296.9625993624012,299.34340114128946,298.534383395223,100000.0,100000.00000001288
25.0,299.51299499855793,299.4130831033615,296.9662687514669,299.33979864866916,298.5332975894668,100000.0,100000.00000001292
25.05,299.50886301672267,299.4092633856977,296.9699255511253,299.3362071505079,298.53221387761806,100000.0,100000.00000001294
25.1,299.5047439324437,299.40545543803114,296.9735698245373,299.33262661129584,298.53113227267676,100000.0,100000.00000001295
25.150000000000002,299.50063769941073,299.4016592205224,296.9772016342599,299.3290569956689,298.5300527872863,100000.0,100000.000000013
25.200000000000003,299.4965442715755,299.39787469352416,296.98082104225523,299.32549826840847,298.5289754337398,100000.0,100000.00000001302
25.25,299.4924636031491,299.39410181757955,296.9844281098981,299.32195039443985,298.52790022398585,100000.0,100000.00000001307
25.3,299.4883956485992,299.39034055342006,296.98802289798516,299.3184133388315,298.52682716963534,100000.0,100000.00000001308
25.35,299.4843403626474,299.3865908619642,296.9916054667427,299.31488706679374,298.5257562819669,100000.0,100000.00000001308
25.400000000000002,299.48029770026665,299.38285270431555,296.9951758758348,299.31137154367804,298.524687571933,100000.0,100000.00000001313
25.450000000000003,299.4762676166781,299.37912604176137,296.99873418437096,299.30786673497573,298.52362105016584,100000.0,100000.00000001313
25.5,299.4722500673492,299.3754108357706,297.0022804509144,299.30437260631703,298.522556726983,100000.0,100000.0000000132
25.55,299.4682450079905,299.3717070479926,297.0058147334893,299.3008891234702,298.5214946123928,100000.0,100000.00000001318
25.6,299.4642523945535,299.3680146402551,297.0093370895886,299.2974162523406,298.52043471610045,100000.0,100000.00000001324
25.650000000000002,299.4602721832281,299.36433357456343,297.01284757618123,299.2939539589694,298.5193770475127,100000.0,100000.00000001329
25.700000000000003,299.45630433044005,299.360663813098,297.01634624971973,299.290502209533,298.5183216157437,100000.0,100000.00000001333
25.75,299.4523487928485,299.3570053182134,297.019833166147,299.2870609703418,298.5172684296201,100000.0,100000.00000001333
25.8,299.44840552734377,299.35335805243665,297.0233083809039,299.28363020783956,298.5162174976863,100000.0,100000.00000001336
25.85,299.44447449104496,299.34972197846594,297.0267719489358,299.2802098886022,298.51516882820914,100000.0,100000.00000001339
25.900000000000002,299.4405556412976,299.34609705916876,297.03022392469967,299.276799979337,298.5141224291835,100000.0,100000.00000001342
25.950000000000003,299.4366489356711,299.34248325758097,297.03366436217084,299.27340044688185,298.5130783083365,100000.0,100000.0000000134
26.0,299.4327543319572,299.33888053690475,297.03709331484936,299.270011258204,298.5120364731329,100000.0,100000.00000001345
26.05,299.42887178816693,299.33528886050794,297.040510835767,299.2666323803997,298.5109969307797,100000.0,100000.00000001348
26.1,299.4250012625291,299.33170819192185,297.0439169774934,299.26326378069285,298.50995968823037,100000.0,100000.0000000135
26.150000000000002,299.4211427134878,299.3281384948405,297.04731179214247,299.25990542643444,298.50892475219,100000.0,100000.00000001352
26.200000000000003,299.4172960997002,299.3245797331191,297.0506953313786,299.25655728510145,298.5078921291196,100000.0,100000.00000001356
26.25,299.41346138003473,299.3210318707724,297.0540676464229,299.2532193242964,298.5068618252404,100000.0,100000.00000001358
26.3,299.4096385135689,299.31749487197396,297.05742878805904,299.2498915117461,298.5058338465381,100000.0,100000.00000001362
26.35,299.4058274595873,299.31396870105425,297.0607788066396,299.2465738153013,298.5048081987677,100000.0,100000.00000001365
26.400000000000002,299.40202817757944,299.31045332249994,297.0641177520913,299.2432662029352,298.503784887457,100000.0,100000.00000001365
26.450000000000003,299.398240627238,299.30694870095203,297.06744567392155,299.23996864274363,298.50276391791124,100000.0,100000.0000000137
26.5,299.3944647684568,299.30345480120513,297.07076262122337,299.2366811029431,298.50174529521706,100000.0,100000.00000001371
26.55,299.3907005613289,299.29997158820595,297.0740686426815,299.2334035518711,298.50072902424614,100000.0,100000.00000001372
26.6,299.3869479661447,299.29649902705205,297.0773637865776,299.2301359579847,298.4997151096597,100000.0,100000.00000001377
26.650000000000002,299.3832069433898,299.29303708299096,297.080648100796,299.22687828985994,298.4987035559119,100000.0,100000.00000001378
26.700000000000003,299.3794774537438,299.2895857214187,297.08392163282844,299.22363051619106,298.497694367254,100000.0,100000.0000000138
26.75,299.3757594580778,299.28614490787834,297.08718442978,299.22039260578987,298.4966875477375,100000.0,100000.00000001385
26.8,299.3720529174534,299.28271460805985,297.09043653837364,299.2171645275849,298.4956831012188,100000.0,100000.00000001387
26.85,299.36835779311997,299.27929478779777,297.0936780049559,299.21394625062067,298.4946810313617,100000.0,100000.0000000139
26.900000000000002,299.3646740465137,299.2758854130708,297.0969088755014,299.21073774405716,298.49368134164183,100000.0,100000.00000001391
26.950000000000003,299.3610016392555,299.27248645000066,297.1001291956178,299.2075389771688,298.4926840353495,100000.0,100000.00000001394
27.0,299.35734053314957,299.2690978648506,297.10333901055117,299.20434991934394,298.49168911559354,100000.0,100000.00000001394
27.05,299.35369069018157,299.26571962402477,297.10653836519,299.2011705400842,298.49069658530453,100000.0,100000.000000014
27.1,299.35005207251686,299.262351694067,297.10972730407036,299.1980008090039,298.48970644723823,100000.0,100000.000000014
27.150000000000002,299.3464246424992,299.25899404165943,297.11290587138063,299.1948406958287,298.4887187039784,100000.0,100000.00000001403
27.200000000000003,299.34280836264895,299.25564663362206,297.11607411096566,299.19169017039604,298.48773335794067,100000.0,100000.00000001406
27.25,299.33920319566164,299.25230943691133,297.11923206633145,299.18854920265346,298.4867504113752,100000.0,100000.00000001407
27.3,299.335609104406,299.24898241861905,297.1223797806496,299.1854177626586,298.48576986637,100000.0,100000.00000001412
27.35,299.3320260519232,299.24566554597175,297.12551729676164,299.1822958205781,298.4847917248537,100000.0,100000.00000001414
27.400000000000002,299.3284540014246,299.2423587863293,297.12864465718314,299.1791833466874,298.483815988599,100000.0,100000.00000001414
27.450000000000003,299.32489291629065,299.2390621071844,297.13176190410826,299.17608031136984,298.4828426592253,100000.0,100000.00000001417
27.5,299.32134276006946,299.23577547616117,297.1348690794134,299.17298668511586,298.48187173820145,100000.0,100000.0000000142
27.55,299.317803496475,299.23249886101416,297.1379662246617,299.16990243852285,298.480903226849,100000.0,100000.0000000142
27.6,299.3142750893861,299.22923222962817,297.1410533811069,299.1668275422942,298.4799371263448,100000.0,100000.00000001423
27.650000000000002,299.3107575028448,299.2259755500163,297.1441305896973,299.16376196723866,298.47897343772354,100000.0,100000.00000001425
27.700000000000003,299.30725070105507,299.2227287903197,297.1471978910796,299.16070568427,298.4780121618808,100000.0,100000.00000001428
27.75,299.3037546483813,299.2194919188066,297.15025532560276,299.15765866440626,298.47705329957563,100000.0,100000.00000001429
27.8,299.30026930934713,299.2162649038711,297.1533029333219,299.15462087876915,298.4760968514328,100000.0,100000.0000000143
27.85,299.296794648634,299.21304771403265,297.1563407540017,299.1515922985834,298.475142817946,100000.0,100000.00000001433
27.900000000000002,299.2933306310798,299.209840317935,297.1593688271205,299.14857289517636,298.4741911994798,100000.0,100000.00000001435
27.950000000000003,299.2898772216778,299.2066426843453,297.1623871918733,299.1455626399774,298.4732419962723,100000.0,100000.00000001439
28.0,299.28643438557515,299.2034547821534,297.165395887176,299.14256150451723,298.47229520843786,100000.0,100000.00000001439
28.05,299.2830020880716,299.20027658037094,297.16839495166835,299.1395694604274,298.471350835969,100000.0,100000.00000001444
28.1,299.27958029461854,299.1971080481304,297.17138442371765,299.13658647943976,298.4704088787393,100000.0,100000.00000001446
28.150000000000002,299.2761689708174,299.19394915468456,297.17436434142195,299.13361253338593,298.46946933650514,100000.0,100000.00000001448
28.200000000000003,299.27276808241874,299.1907998694054,297.17733474261354,299.1306475941968,298.46853220890847,100000.0,100000.00000001451
28.25,299.26937759532086,299.18766016178347,297.1802956648622,299.1276916339018,298.4675974954787,100000.0,100000.00000001452
28.3,299.2659974755686,299.1845300014271,297.1832471454784,299.1247446246286,298.46666519563524,100000.0,100000.00000001454
28.35,299.2626276893526,299.1814093580616,297.1861892215163,299.12180653860247,298.46573530868926,100000.0,100000.00000001457
28.400000000000002,299.2592682030075,299.1782982015284,297.18912192977734,299.1188773481458,298.46480783384624,100000.0,100000.00000001458
28.450000000000003,299.25591898301127,299.1751965017844,297.19204530681276,299.1159570256776,298.46388277020776,100000.0,100000.00000001464
28.5,299.2525799959839,299.1721042289013,297.19495938892703,299.1130455437129,298.4629601167737,100000.0,100000.00000001465
28.55,299.24925120868653,299.1690213530645,297.1978642121808,299.1101428748622,298.46203987244405,100000.0,100000.00000001467
28.6,299.2459325880199,299.16594784457277,297.20075981239347,299.10724899183145,298.46112203602127,100000.0,100000.00000001468
28.650000000000002,299.2426241010238,299.1628836738373,297.2036462251466,299.1043638674209,298.460206606212,100000.0,100000.0000000147
28.700000000000003,299.2393257148757,299.1598288113813,297.2065234857866,299.1014874745249,298.45929358162897,100000.0,100000.00000001474
28.75,299.2360373968896,299.15678322783856,297.2093916294272,299.0986197861315,298.4583829607929,100000.0,100000.00000001476
28.8,299.2327591145155,299.15374689395355,297.2122506909527,299.095760775322,298.45747474213454,100000.0,100000.00000001477
28.85,299.22949083533786,299.1507197805804,297.2151007050204,299.09291041527007,298.45656892399614,100000.0,100000.0000000148
28.900000000000002,299.22623252707467,299.1477018586822,297.21794170606324,299.0900686792418,298.45566550463366,100000.0,100000.00000001483
28.950000000000003,299.2229841575768,299.1446930993302,297.2207737282928,299.0872355405951,298.4547644822181,100000.0,100000.00000001484
29.0,299.21974569482666,299.1416934737034,297.2235968057015,299.08441097277887,298.4538658548376,100000.0,100000.00000001487
29.05,299.2165171069375,299.13870295308783,297.2264109720654,299.081594949333,298.45296962049906,100000.0,100000.00000001492
29.1,299.21329836215205,299.13572150887575,297.2292162609465,299.0787874438878,298.45207577712955,100000.0,100000.00000001493
29.150000000000002,299.210089428842,299.1327491125652,297.2320127056955,299.0759884301633,298.4511843225783,100000.0,100000.00000001494
29.200000000000003,299.2068902755071,299.1297857357591,297.2348003394541,299.07319788196924,298.4502952546181,100000.0,100000.00000001497
29.25,299.2037008707737,299.12683135016493,297.2375791951575,299.0704157732042,298.4494085709471,100000.0,100000.00000001499
29.3,299.2005211833943,299.12388592759385,297.24034930553637,299.0676420778555,298.4485242691901,100000.0,100000.000000015
29.35,299.1973511822467,299.1209494399602,297.2431107031199,299.06487676999853,298.4476423469003,100000.0,100000.00000001506
29.400000000000002,299.1941908363327,299.11802185928104,297.2458634202376,299.0621198237965,298.4467628015606,100000.0,100000.00000001508
29.450000000000003,299.1910401147778,299.1151031576751,297.2486074890215,299.0593712134999,298.4458856305854,100000.0,100000.00000001509
29.5,299.18789898682974,299.11219330736265,297.2513429414088,299.05663091344604,298.4450108313217,100000.0,100000.0000000151
29.55,299.18476742185806,299.1092922806646,297.25406980914363,299.05389889805895,298.44413840105085,100000.0,100000.00000001513
29.6,299.181645389353,299.1064000500023,297.25678812377964,299.0511751418485,298.4432683369898,100000.0,100000.00000001516
29.650000000000002,299.1785328589249,299.10351658789637,297.2594979166818,299.0484596194103,298.4424006362924,100000.0,100000.00000001518
29.700000000000003,299.1754298003033,299.1006418669666,297.2621992190286,299.04575230542537,298.441535296051,100000.0,100000.0000000152
29.75,299.17233618333586,299.09777585993135,297.2648920618142,299.04305317465924,298.44067231329745,100000.0,100000.00000001525
29.8,299.16925197798804,299.09491853960674,297.2675764758502,299.04036220196235,298.43981168500494,100000.0,100000.00000001525
29.85,299.166177154342,299.0920698789063,297.27025249176825,299.0376793622688,298.43895340808865,100000.0,100000.0000000153
29.900000000000002,299.1631116825958,299.0892298508403,297.2729201400213,299.0350046305968,298.4380974794076,100000.0,100000.00000001532
29.950000000000003,299.16005553306263,299.08639842851534,297.27557945088597,299.0323379820474,298.4372438957653,100000.0,100000.00000001532
30.0,299.15700867617045,299.0835755851339,297.2782304544645,299.02967939180485,298.4363926539116,100000.0,100000.00000001535
30.05,299.1539710824604,299.0807612939932,297.2808731806864,299.0270288351359,298.4355437505437,100000.0,100000.00000001538
30.1,299.15094272258693,299.07795552848563,297.28350765931043,299.0243862873894,298.4346971823069,100000.0,100000.0000000154
30.150000000000002,299.14792356731664,299.0751582620975,297.28613391992656,299.0217517239961,298.4338529457962,100000.0,100000.00000001541
30.200000000000003,299.14491358752736,299.0723694684088,297.2887519919576,299.01912512046783,298.43301103755766,100000.0,100000.00000001545
30.25,299.14191275420797,299.0695891210926,297.291361904661,299.0165064523979,298.432171454089,100000.0,100000.00000001544
30.3,299.13892103845717,299.06681719391463,297.2939636871307,299.01389569546006,298.4313341918407,100000.0,100000.00000001548
30.35,299.13593841148304,299.06405366073284,297.296557368299,299.0112928254084,298.43049924721765,100000.0,100000.00000001551
30.400000000000002,299.13296484460244,299.06129849549666,297.2991429769377,299.00869781807705,298.4296666165799,100000.0,100000.00000001551
30.450000000000003,299.1300003092399,299.0585516722467,297.30172054166036,299.0061106493797,298.4288362962433,100000.0,100000.00000001554
30.5,299.1270447769275,299.05581316511444,297.30429009092387,299.00353129530924,298.42800828248136,100000.0,100000.00000001557
30.55,299.1240982193037,299.0530829483213,297.30685165302987,299.0009597319376,298.4271825715255,100000.0,100000.00000001561
30.6,299.121160608113,299.0503609961785,297.3094052561263,298.99839593541515,298.4263591595666,100000.0,100000.00000001563
30.650000000000002,299.1182319152052,299.04764728308646,297.31195092820934,298.9958398819705,298.4255380427555,100000.0,100000.00000001567
30.700000000000003,299.11531211253464,299.04494178353457,297.3144886971247,298.9932915479102,298.4247192172044,100000.0,100000.0000000157
30.75,299.1124011721597,299.0422444721004,297.3170185905692,298.99075090961827,298.4239026789876,100000.0,100000.00000001572
30.8,299.1094990662422,299.03955532344935,297.31954063609226,298.98821794355604,298.42308842414235,100000.0,100000.00000001575
30.85,299.10660576704663,299.03687431233425,297.3220548610975,298.9856926262616,298.42227644866995,100000.0,100000.00000001575
30.900000000000002,299.10372124693936,299.03420141359504,297.32456129284424,298.9831749343496,298.42146674853626,100000.0,100000.0000000158
30.950000000000003,299.1008454783887,299.031536602158,297.3270599584486,298.98066484451095,298.42065931967335,100000.0,100000.00000001582
31.0,299.0979784339635,299.02887985303573,297.3295508848855,298.97816233351244,298.4198541579794,100000.0,100000.00000001585
31.05,299.09512008633294,299.0262311413262,297.33203409898954,298.9756673781964,298.4190512593204,100000.0,100000.00000001589
31.1,299.09227040826613,299.02359044221294,297.3345096274566,298.9731799554805,298.4182506195304,100000.0,100000.00000001589
31.150000000000002,299.089429372631,299.020957730964,297.33697749684535,298.9707000423572,298.41745223441245,100000.0,100000.0000000159
31.200000000000003,299.0865969523943,299.01833298293207,297.3394377335784,298.9682276158936,298.41665609973995,100000.0,100000.00000001592
31.25,299.08377312062055,299.0157161735535,297.34189036394355,298.96576265323125,298.41586221125647,100000.0,100000.00000001595
31.3,299.08095785047163,299.01310727834857,297.34433541409544,298.9633051315856,298.4150705646773,100000.0,100000.00000001598
31.35,299.0781511152064,299.01050627292034,297.3467729100566,298.96085502824576,298.41428115569005,100000.0,100000.000000016
31.400000000000002,299.07535288817996,299.00791313295497,297.34920287771865,298.95841232057427,298.4134939799551,100000.0,100000.00000001604
31.450000000000003,299.0725631428431,299.0053278342207,297.35162534284365,298.95597698600665,298.4127090331067,100000.0,100000.00000001607
31.5,299.0697818527418,299.0027503525677,297.35404033106556,298.95354900205143,298.41192631075353,100000.0,100000.00000001607
31.55,299.06700899151673,299.000180663928,297.356447867891,298.9511283462893,298.4111458084793,100000.0,100000.00000001612
31.6,299.06424453290265,298.9976187443144,297.35884797870096,298.9487149963735,298.41036752184385,100000.0,100000.00000001615
31.650000000000002,299.061488450728,298.9950645698208,297.36124068875137,298.9463089300288,298.4095914463832,100000.0,100000.00000001617
31.700000000000003,299.0587407189142,298.9925181166211,297.3636260231749,298.94391012505184,298.408817577611,100000.0,100000.00000001618
31.75,299.0560013114752,298.98997936096976,297.3660040069818,298.9415185593104,298.40804591101846,100000.0,100000.00000001621
31.8,299.0532702025171,298.98744827920035,297.3683746650611,298.9391342107434,298.4072764420755,100000.0,100000.00000001624
31.85,299.05054736623754,298.984924847726,297.3707380221814,298.93675705736047,298.40650916623105,100000.0,100000.00000001624
31.900000000000002,299.04783277692525,298.9824090430387,297.3730941029926,298.9343870772416,298.40574407891404,100000.0,100000.00000001628
31.950000000000003,299.0451264089593,298.97990084170874,297.37544293202654,298.932024248537,298.40498117553375,100000.0,100000.00000001627
32.0,299.0424282368091,298.9774002203849,297.3777845336982,298.92966854946684,298.40422045148034,100000.0,100000.0000000163
32.050000000000004,299.0397382350334,298.9749071557935,297.38011893230674,298.92731995832077,298.40346190212585,100000.0,100000.00000001634
32.1,299.03705637828034,298.97242162473844,297.38244615203644,298.92497845345804,298.4027055228243,100000.0,100000.00000001631
32.15,299.03438264128647,298.96994360410076,297.38476621695804,298.9226440133066,298.40195130891266,100000.0,100000.00000001637
32.2,299.0317169988766,298.967473070838,297.3870791510294,298.92031661636344,298.4011992557111,100000.0,100000.00000001639
32.25,299.0290594259633,298.96501000198435,297.38938497809676,298.917996241194,298.40044935852376,100000.0,100000.00000001641
32.300000000000004,299.02640989754616,298.96255437464987,297.39168372189545,298.91568286643195,298.39970161263915,100000.0,100000.00000001643
32.35,299.0237683887118,298.9601061660204,297.39397540605114,298.913376470779,298.3989560133309,100000.0,100000.00000001644
32.4,299.02113487463305,298.95766535335724,297.3962600540807,298.91107703300463,298.39821255585804,100000.0,100000.00000001647
32.45,299.0185093305687,298.95523191399644,297.39853768939315,298.90878453194557,298.3974712354657,100000.0,100000.00000001653
32.5,299.0158917318629,298.95280582534906,297.4008083352904,298.90649894650596,298.3967320473852,100000.0,100000.0000000165
32.550000000000004,299.0132820539449,298.95038706490027,297.40307201496853,298.9042202556568,298.3959949868355,100000.0,100000.00000001655
32.6,299.01068027232856,298.9479756102095,297.4053287515185,298.9019484384358,298.3952600490225,100000.0,100000.00000001657
32.65,299.0080863626118,298.9455714389097,297.407578567927,298.8996834739471,298.3945272291402,100000.0,100000.00000001657
32.7,299.0055003004762,298.9431745287073,297.40982148707724,298.8974253413608,298.39379652237136,100000.0,100000.0000000166
32.75,299.002922061687,298.9407848573818,297.4120575317503,298.8951740199133,298.39306792388726,100000.0,100000.00000001662
32.800000000000004,299.0003516220919,298.9384024027854,297.4142867246254,298.8929294889064,298.3923414288488,100000.0,100000.00000001665
32.85,298.9977889576213,298.9360271428428,297.41650908828115,298.89069172770746,298.3916170324066,100000.0,100000.00000001668
32.9,298.9952340442876,298.93365905555083,297.4187246451961,298.88846071574886,298.3908947297015,100000.0,100000.00000001669
32.95,298.99268685818504,298.931298118978,297.4209334177499,298.886236432528,298.39017451586517,100000.0,100000.0000000167
33.0,298.99014737548896,298.92894431126456,297.4231354282237,298.88401885760686,298.38945638602024,100000.0,100000.00000001673
33.050000000000004,298.9876155724555,298.9265976106217,297.4253306988013,298.88180797061216,298.3887403352808,100000.0,100000.00000001675
33.1,298.9850914254215,298.92425799533163,297.4275192515698,298.87960375123447,298.38802635875305,100000.0,100000.0000000168
33.15,298.9825749108037,298.9219254437472,297.42970110852036,298.8774061792284,298.38731445153536,100000.0,100000.0000000168
33.2,298.9800660050987,298.91959993429157,297.43187629154914,298.8752152344124,298.3866046087188,100000.0,100000.00000001682
33.25,298.97756468488217,298.9172814454578,297.43404482245774,298.8730308966683,298.38589682538776,100000.0,100000.00000001684
33.300000000000004,298.97507092680905,298.91496995580866,297.4362067229541,298.8708531459412,298.3851910966198,100000.0,100000.00000001685
33.35,298.9725847076125,298.9126654439765,297.43836201465365,298.86868196223924,298.38448741748647,100000.0,100000.00000001687
33.4,298.9701060041042,298.9103678886627,297.44051071907927,298.86651732563325,298.3837857830534,100000.0,100000.00000001688
33.45,298.9676347931734,298.9080772686373,297.4426528576626,298.86435921625673,298.383086188381,100000.0,100000.00000001695
33.5,298.9651710517869,298.9057935627393,297.44478845174444,298.86220761430536,298.38238862852444,100000.0,100000.00000001694
33.550000000000004,298.9627147569887,298.9035167498757,297.4469175225758,298.8600625000371,298.3816930985341,100000.0,100000.00000001697
33.6,298.9602658858993,298.9012468090215,297.4490400913181,298.85792385377147,298.380999593456,100000.0,100000.00000001698
33.65,298.9578244157158,298.8989837192195,297.45115617904435,298.85579165588985,298.38030810833214,100000.0,100000.00000001703
33.7,298.9553903237112,298.8967274595799,297.4532658067394,298.85366588683513,298.37961863820067,100000.0,100000.00000001705
33.75,298.95296358723425,298.89447800928014,297.455368995301,298.85154652711105,298.37893117809637,100000.0,100000.00000001705
33.800000000000004,298.9505441837089,298.89223534756445,297.4574657655402,298.8494335572826,298.37824572305067,100000.0,100000.00000001707
33.85,298.9481320906344,298.88999945374377,297.4595561381818,298.8473269579755,298.3775622680926,100000.0,100000.00000001708
33.9,298.9457272855842,298.88777030719535,297.4616401338658,298.8452267098757,298.3768808082483,100000.0,100000.00000001711
33.95,298.94332974620636,298.8855478873626,297.463717773147,298.84313279372986,298.37620133854176,100000.0,100000.00000001714
34.0,298.9409394502229,298.8833321737546,297.4657890764963,298.8410451903445,298.37552385399516,100000.0,100000.00000001714
34.050000000000004,298.9385563754294,298.88112314594616,297.46785406430126,298.83896388058605,298.37484834962885,100000.0,100000.00000001714
34.1,298.93618049969473,298.8789207835773,297.46991275686634,298.83688884538054,298.37417482046203,100000.0,100000.0000000172
34.15,298.9338118009608,298.8767250663532,297.4719651744138,298.8348200657137,298.37350326151244,100000.0,100000.00000001723
34.2,298.9314502572423,298.8745359740436,297.4740113370844,298.83275752263006,298.3728336677973,100000.0,100000.00000001726
34.25,298.92909584662596,298.87235348648306,297.4760512649376,298.83070119723357,298.3721660343332,100000.0,100000.00000001726
34.300000000000004,298.9267485472708,298.8701775835702,297.47808497795256,298.8286510706868,298.37150035613615,100000.0,100000.00000001729
34.35,298.92440833740744,298.8680082452677,297.4801124960284,298.8266071242111,298.37083662822255,100000.0,100000.00000001732
34.4,298.92207519533787,298.8658454516021,297.4821338389849,298.82456933908594,298.3701748456087,100000.0,100000.00000001733
34.45,298.9197490994352,298.8636891826635,297.48414902656305,298.82253769664914,298.36951500331116,100000.0,100000.00000001735
34.5,298.9174300281434,298.86153941860505,297.48615807842555,298.82051217829667,298.36885709634754,100000.0,100000.00000001737
34.550000000000004,298.91511795997667,298.8593961396432,297.4881610141574,298.8184927654819,298.368201119736,100000.0,100000.00000001739
34.6,298.9128128735196,298.85725932605703,297.49015785326657,298.8164794397161,298.3675470684961,100000.0,100000.0000000174
34.65,298.91051474742665,298.8551289581883,297.4921486151842,298.8144721825678,298.3668949376485,100000.0,100000.00000001742
34.7,298.90822356042156,298.8530050164409,297.4941333192653,298.8124709756628,298.36624472221575,100000.0,100000.00000001746
34.75,298.90593929129767,298.8508874812809,297.49611198478954,298.81047580068366,298.36559641722175,100000.0,100000.00000001746
34.800000000000004,298.9036619189172,298.8487763332362,297.4980846309612,298.80848663936996,298.3649500176928,100000.0,100000.0000000175
34.85,298.90139142221085,298.8466715528964,297.5000512769102,298.80650347351775,298.36430551865715,100000.0,100000.00000001752
34.9,298.8991277801781,298.84457312091223,297.5020119416922,298.80452628497943,298.36366291514554,100000.0,100000.00000001755
34.95,298.8968709718862,298.84248101799574,297.50396664428945,298.80255505566373,298.36302220219136,100000.0,100000.0000000176
35.0,298.89462097647026,298.8403952249198,297.50591540361097,298.80058976753514,298.3623833748307,100000.0,100000.0000000176
35.050000000000004,298.8923777731331,298.838315722518,297.50785823849327,298.79863040261426,298.36174642810266,100000.0,100000.00000001762
35.1,298.8901413411447,298.8362424916844,297.5097951677006,298.796676942977,298.36111135704965,100000.0,100000.00000001764
35.15,298.8879116598421,298.83417551337305,297.5117262099256,298.79472937075485,298.3604781567172,100000.0,100000.00000001767
35.2,298.8856887086288,298.83211476859833,297.5136513837897,298.7927876681345,298.3598468221546,100000.0,100000.00000001768
35.25,298.8834724669749,298.8300602384341,297.5155707078436,298.79085181735775,298.3592173484148,100000.0,100000.00000001771
35.300000000000004,298.8812629144168,298.828011904014,297.51748420056765,298.78892180072114,298.3585897305545,100000.0,100000.00000001772
35.35,298.8790600305566,298.82596974653075,297.5193918803724,298.7869976005759,298.3579639636346,100000.0,100000.00000001778
35.4,298.87686379506204,298.82393374723637,297.521293765599,298.78507919932764,298.3573400427202,100000.0,100000.0000000178
35.45,298.87467418766613,298.8219038874417,297.52318987451963,298.78316657943645,298.3567179628808,100000.0,100000.00000001783
35.5,298.87249118816715,298.8198801485162,297.5250802253379,298.78125972341644,298.3560977191904,100000.0,100000.00000001786
35.550000000000004,298.87031477642813,298.8178625118878,297.52696483618934,298.77935861383565,298.35547930672766,100000.0,100000.00000001787
35.6,298.86814493237665,298.81585095904285,297.5288437251419,298.77746323331576,298.3548627205762,100000.0,100000.0000000179
35.65,298.86598163600456,298.8138454715254,297.53071691019596,298.7755735645321,298.3542479558246,100000.0,100000.00000001794
35.7,298.86382486736784,298.81184603093755,297.53258440928545,298.77368959021345,298.3536350075664,100000.0,100000.00000001794
35.75,298.8616746065861,298.8098526189388,297.5344462402776,298.7718112931416,298.35302387090087,100000.0,100000.00000001797
35.800000000000004,298.85953083384277,298.80786521724633,297.5363024209737,298.7699386561514,298.3524145409322,100000.0,100000.00000001802
35.85,298.85739352938424,298.80588380763425,297.5381529691093,298.76807166213064,298.3518070127705,100000.0,100000.00000001803
35.9,298.85526267352026,298.80390837193374,297.5399979023549,298.7662102940197,298.3512012815314,100000.0,100000.00000001804
35.95,298.8531382466231,298.8019388920328,297.541837238316,298.7643545348114,298.3505973423364,100000.0,100000.00000001807
36.0,298.8510202291277,298.79997534987587,297.5436709945337,298.76250436755095,298.3499951903131,100000.0,100000.00000001809
36.050000000000004,298.8489086015313,298.79801772746384,297.5454991884849,298.76065977533557,298.34939482059485,100000.0,100000.00000001813
36.1,298.84680334439315,298.7960660068537,297.5473218375829,298.7588207413146,298.34879622832153,100000.0,100000.00000001815
36.15,298.84470443833436,298.7941201701585,297.54913895917775,298.7569872486889,298.3481994086393,100000.0,100000.00000001816
36.2,298.8426118640376,298.79218019954703,297.5509505705563,298.75515928071127,298.3476043567005,100000.0,100000.00000001819
36.25,298.8405256022468,298.7902460772435,297.5527566889431,298.7533368206856,298.3470110676643,100000.0,100000.0000000182
36.300000000000004,298.83844563376715,298.7883177855276,297.5545573315002,298.7515198519674,298.34641953669643,100000.0,100000.00000001822
36.35,298.8363719394646,298.7863953067342,297.55635251532783,298.74970835796296,298.3458297589695,100000.0,100000.00000001823
36.4,298.83430450026566,298.78447862325305,297.5581422574649,298.7479023221296,298.3452417296628,100000.0,100000.00000001828
36.45,298.8322432971574,298.78256771752876,297.55992657488883,298.7461017279755,298.34465544396284,100000.0,100000.00000001828
36.5,298.83018831118693,298.7806625720604,297.56170548451655,298.7443065590592,298.3440708970631,100000.0,100000.0000000183
36.550000000000004,298.82813952346135,298.7787631694016,297.5634790032042,298.74251679899,298.34348808416416,100000.0,100000.00000001834
36.6,298.82609691514745,298.77686949216,297.56524714774787,298.74073243142703,298.34290700047416,100000.0,100000.00000001836
36.65,298.82406046747155,298.77498152299745,297.567009934884,298.7389534400798,298.3423276412084,100000.0,100000.0000000184
36.7,298.8220301617193,298.77309924462946,297.5687673812893,298.7371798087077,298.3417500015897,100000.0,100000.00000001838
36.75,298.8200059792351,298.7712226398252,297.5705195035815,298.7354115211198,298.34117407684846,100000.0,100000.00000001841
36.800000000000004,298.8179879014224,298.76935169140734,297.5722663183195,298.73364856117473,298.3405998622229,100000.0,100000.00000001845
36.85,298.8159759097433,298.76748638225166,297.57400784200354,298.73189091278067,298.3400273529587,100000.0,100000.00000001848
36.9,298.81396998571813,298.7656266952872,297.5757440910759,298.730138559895,298.3394565443096,100000.0,100000.0000000185
36.95,298.81197011092536,298.7637726134957,297.5774750819206,298.72839148652423,298.33888743153705,100000.0,100000.00000001851
37.0,298.80997626700156,298.7619241199118,297.5792008308647,298.7266496767237,298.3383200099108,100000.0,100000.00000001854
37.050000000000004,298.8079884356408,298.7600811976225,297.58092135417746,298.72491311459777,298.3377542747083,100000.0,100000.00000001854
37.1,298.806006598595,298.75824382976714,297.58263666807136,298.7231817842992,298.3371902212155,100000.0,100000.0000000186
37.15,298.804030737673,298.75641199953736,297.5843467887024,298.72145567002923,298.3366278447263,100000.0,100000.00000001863
37.2,298.802060834741,298.7545856901766,297.58605173217006,298.7197347560376,298.3360671405431,100000.0,100000.00000001863
37.25,298.80009687172185,298.75276488498025,297.5877515145178,298.718019026622,298.3355081039765,100000.0,100000.00000001864
37.300000000000004,298.79813883059535,298.75094956729504,297.58944615173334,298.71630846612817,298.3349507303457,100000.0,100000.00000001867
37.35,298.79618669339766,298.7491397205196,297.59113565974883,298.7146030589497,298.33439501497827,100000.0,100000.0000000187
37.4,298.794240442221,298.7473353281035,297.5928200544415,298.7129027895279,298.3338409532105,100000.0,100000.00000001873
37.45,298.79230005921386,298.74553637354734,297.5944993516333,298.71120764235155,298.3332885403871,100000.0,100000.00000001874
37.5,298.79036552658056,298.7437428404029,297.596173567092,298.70951760195675,298.33273777186173,100000.0,100000.00000001877
37.550000000000004,298.788436826581,298.74195471227245,297.59784271653075,298.7078326529269,298.3321886429967,100000.0,100000.0000000188
37.6,298.78651394153053,298.7401719728091,297.5995068156086,298.7061527798926,298.33164114916303,100000.0,100000.0000000188
37.65,298.7845968537998,298.73839460571617,297.60116587993093,298.704477967531,298.33109528574084,100000.0,100000.00000001883
37.7,298.7826855458145,298.73662259474713,297.60281992504974,298.70280820056627,298.330551048119,100000.0,100000.00000001883
37.75,298.7807800000551,298.7348559237057,297.60446896646346,298.7011434637692,298.3300084316955,100000.0,100000.00000001887
37.800000000000004,298.77888019905674,298.7330945764454,297.60611301961774,298.699483741957,298.3294674318772,100000.0,100000.00000001889
37.85,298.77698612540905,298.73133853686954,297.60775209990555,298.69782901999304,298.32892804408027,100000.0,100000.00000001892
37.9,298.775097761756,298.7295877889308,297.60938622266724,298.69617928278717,298.32839026372994,100000.0,100000.00000001892
37.95,298.77321509079536,298.7278423166315,297.6110154031912,298.6945345152949,298.3278540862605,100000.0,100000.00000001895
38.0,298.77133809527913,298.72610210402286,297.61263965671355,298.69289470251783,298.3273195071157,100000.0,100000.00000001895
38.050000000000004,298.76946675801264,298.72436713520545,297.6142589984189,298.69125982950317,298.32678652174843,100000.0,100000.000000019
38.1,298.7676010618551,298.7226373943286,297.6158734434406,298.6896298813439,298.326255125621,100000.0,100000.000000019
38.15,298.76574098971855,298.72091286559044,297.6174830068604,298.688004843178,298.32572531420504,100000.0,100000.00000001903
38.2,298.76388652456865,298.71919353323744,297.6190877037094,298.6863847001893,298.3251970829815,100000.0,100000.00000001906
38.25,298.76203764942363,298.7174793815647,297.620687548968,298.68476943760623,298.3246704274411,100000.0,100000.00000001908
38.300000000000004,298.76019434735457,298.7157703949156,297.622282557566,298.6831590407025,298.32414534308367,100000.0,100000.00000001912
38.35,298.75835660148516,298.71406655768124,297.623872744383,298.6815534947966,298.3236218254189,100000.0,100000.00000001914
38.400000000000006,298.7565243949914,298.7123678543011,297.62545812424867,298.6799527852518,298.32309986996586,100000.0,100000.00000001915
38.45,298.7546977111016,298.710674269262,297.627038711943,298.6783568974758,298.3225794722533,100000.0,100000.0000000192
38.5,298.75287653309573,298.70898578709875,297.62861452219636,298.6767658169208,298.32206062781967,100000.0,100000.00000001921
38.550000000000004,298.75106084430604,298.7073023923932,297.63018556968984,298.67517952908315,298.32154333221285,100000.0,100000.00000001921
38.6,298.7492506281162,298.7056240697749,297.63175186905556,298.6735980195035,298.3210275809907,100000.0,100000.00000001927
38.650000000000006,298.7474458679613,298.70395080392007,297.63331343487675,298.67202127376646,298.32051336972086,100000.0,100000.00000001927
38.7,298.74564654732785,298.7022825795524,297.634870281688,298.67044927750044,298.32000069398043,100000.0,100000.00000001931
38.75,298.7438526497533,298.7006193814419,297.63642242397555,298.6688820163776,298.31948954935655,100000.0,100000.00000001932
38.800000000000004,298.7420641588262,298.6989611944057,297.6379698761776,298.66731947611356,298.3189799314462,100000.0,100000.00000001934
38.85,298.7402810581859,298.69730800330706,297.63951265268423,298.6657616424676,298.3184718358561,100000.0,100000.00000001937
38.900000000000006,298.7385033315221,298.6956597930558,297.641050767838,298.6642085012422,298.3179652582029,100000.0,100000.00000001938
38.95,298.73673096257505,298.69401654860803,297.6425842359338,298.66266003828275,298.31746019411315,100000.0,100000.00000001941
39.0,298.7349639351353,298.69237825496555,297.6441130712192,298.6611162394782,298.3169566392234,100000.0,100000.00000001946
39.050000000000004,298.73320223304324,298.6907448971765,297.64563728789494,298.6595770907599,298.31645458918007,100000.0,100000.00000001947
39.1,298.7314458401895,298.6891164603344,297.6471569001146,298.6580425781022,298.31595403963956,100000.0,100000.00000001947
39.150000000000006,298.72969474051416,298.68749292957864,297.6486719219853,298.65651268752197,298.3154549862683,100000.0,100000.00000001953
39.2,298.72794891800686,298.68587429009386,297.65018236756765,298.6549874050786,298.3149574247429,100000.0,100000.00000001953
39.25,298.7262083567068,298.68426052711027,297.65168825087596,298.65346671687394,298.3144613507495,100000.0,100000.00000001956
39.300000000000004,298.72447304070226,298.68265162590285,297.65318958587864,298.6519506090519,298.313966759985,100000.0,100000.0000000196
39.35,298.72274295413047,298.68104757179185,297.65468638649804,298.65043906779835,298.31347364815576,100000.0,100000.0000000196
39.400000000000006,298.7210180811778,298.6794483501425,297.656178666611,298.64893207934153,298.31298201097866,100000.0,100000.00000001963
39.45,298.71929840607925,298.6778539463644,297.657666440049,298.64742962995115,298.31249184418033,100000.0,100000.00000001966
39.5,298.7175839131183,298.67626434591193,297.6591497205981,298.64593170593866,298.3120031434979,100000.0,100000.00000001967
39.550000000000004,298.7158745866267,298.67467953428394,297.66062852199946,298.64443829365723,298.3115159046784,100000.0,100000.0000000197
39.6,298.71417041098476,298.6730994970234,297.6621028579492,298.64294937950126,298.311030123479,100000.0,100000.0000000197
39.650000000000006,298.7124713706206,298.6715242197175,297.6635727420989,298.6414649499065,298.31054579566705,100000.0,100000.00000001972
39.7,298.71077745001026,298.6699536879975,297.66503818805575,298.63998499135,298.31006291702033,100000.0,100000.00000001973
39.75,298.70908863367765,298.6683878875384,297.6664992093825,298.6385094903496,298.3095814833264,100000.0,100000.00000001976
39.800000000000004,298.70740490619414,298.66682680405904,297.6679558195978,298.6370384334642,298.3091014903832,100000.0,100000.00000001979
39.85,298.7057262521785,298.66527042332154,297.66940803217653,298.6355718072936,298.3086229339992,100000.0,100000.00000001982
39.900000000000006,298.70405265629694,298.6637187311319,297.6708558605497,298.634109598478,298.3081458099924,100000.0,100000.00000001983
39.95,298.7023841032626,298.6621717133389,297.6722993181048,298.6326517936983,298.3076701141917,100000.0,100000.00000001986
40.0,298.70072057783557,298.660629355835,297.67373841818613,298.6311983796757,298.30719584243576,100000.0,100000.00000001988
40.050000000000004,298.6990620648229,298.6590916445552,297.67517317409454,298.6297493431716,298.30672299057386,100000.0,100000.0000000199
40.1,298.6974085490781,298.65755856547776,297.6766035990881,298.62830467098786,298.3062515544652,100000.0,100000.0000000199
40.150000000000006,298.69576001550126,298.65603010462326,297.67802970638184,298.62686434996596,298.30578152997936,100000.0,100000.00000001995
40.2,298.69411644903863,298.6545062480553,297.6794515091484,298.6254283669876,298.3053129129963,100000.0,100000.00000001997
40.25,298.6924778346829,298.65298698187985,297.6808690205177,298.623996708974,298.30484569940614,100000.0,100000.00000002
40.300000000000004,298.6908441574726,298.6514722922449,297.68228225357757,298.6225693628862,298.30437988510926,100000.0,100000.00000002001
40.35,298.6892154024921,298.64996216534087,297.6836912213736,298.62114631572473,298.30391546601624,100000.0,100000.00000002004
40.400000000000006,298.6875915548717,298.64845658740023,297.6850959369094,298.61972755452945,298.30345243804817,100000.0,100000.00000002005
40.45,298.68597259978696,298.64695554469745,297.6864964131469,298.61831306637947,298.3029907971361,100000.0,100000.00000002007
40.5,298.6843585224591,298.64545902354865,297.68789266300644,298.61690283839323,298.3025305392217,100000.0,100000.00000002011
40.550000000000004,298.6827493081546,298.6439670103116,297.68928469936657,298.6154968577279,298.3020716602567,100000.0,100000.00000002011
40.6,298.6811449421848,298.64247949138564,297.6906725350651,298.61409511158,298.30161415620313,100000.0,100000.00000002014
40.650000000000006,298.67954540990627,298.6409964532115,297.6920561828982,298.6126975871844,298.30115802303334,100000.0,100000.00000002017
40.7,298.6779506967203,298.6395178822712,297.69343565562156,298.61130427181496,298.30070325673,100000.0,100000.0000000202
40.75,298.6763607880729,298.63804376508784,297.6948109659497,298.6099151527838,298.30024985328606,100000.0,100000.00000002021
40.800000000000004,298.67477566945456,298.63657408822553,297.6961821265568,298.60853021744174,298.29979780870474,100000.0,100000.00000002023
40.85,298.6731953264001,298.6351088382891,297.6975491500764,298.6071494531778,298.29934711899944,100000.0,100000.00000002026
40.900000000000006,298.67161974448885,298.6336480019245,297.69891204910164,298.605772847419,298.2988977801939,100000.0,100000.00000002026
40.95,298.6700489093438,298.63219156581783,297.7002708361857,298.6044003876308,298.2984497883222,100000.0,100000.00000002029
41.0,298.66848280663226,298.630739516696,297.7016255238419,298.60303206131636,298.2980031394287,100000.0,100000.0000000203
41.050000000000004,298.66692142206523,298.6292918413261,297.7029761245434,298.6016678560167,298.2975578295679,100000.0,100000.00000002034
41.1,298.6653647413972,298.6278485265155,297.70432265072384,298.6003077593106,298.29711385480465,100000.0,100000.00000002036
41.150000000000006,298.6638127504265,298.6264095591116,297.7056651147773,298.5989517588145,298.296671211214,100000.0,100000.00000002037
41.2,298.6622654349945,298.624974926002,297.70700352905857,298.5975998421822,298.2962298948814,100000.0,100000.00000002037
41.25,298.6607227809861,298.6235446141137,297.7083379058831,298.596251997105,298.29578990190237,100000.0,100000.0000000204
41.300000000000004,298.6591847743291,298.62211861041396,297.70966825752737,298.5949082113113,298.2953512283828,100000.0,100000.0000000204
41.35,298.6576514009945,298.6206969019091,297.71099459622894,298.5935684725668,298.2949138704387,100000.0,100000.00000002043
41.400000000000006,298.65612264699575,298.61927947564527,297.71231693418656,298.592232768674,298.2944778241965,100000.0,100000.00000002046
41.45,298.65459849838936,298.61786631870785,297.7136352835603,298.5909010874727,298.29404308579274,100000.0,100000.00000002049
41.5,298.6530789412742,298.61645741822144,297.71494965647184,298.589573416839,298.2936096513741,100000.0,100000.00000002049
41.550000000000004,298.65156396179145,298.6150527613496,297.7162600650046,298.58824974468604,298.2931775170975,100000.0,100000.00000002053
41.6,298.6500535461247,298.6136523352952,297.71756652120365,298.58693005896333,298.2927466791302,100000.0,100000.00000002053
41.650000000000006,298.64854768049975,298.6122561272996,297.71886903707616,298.58561434765704,298.2923171336496,100000.0,100000.00000002056
41.7,298.64704635118426,298.610864124643,297.72016762459134,298.5843025987895,298.2918888768432,100000.0,100000.00000002058
41.75,298.6455495444878,298.6094763146443,297.7214622956806,298.5829948004193,298.29146190490866,100000.0,100000.00000002062
41.800000000000004,298.6440572467616,298.6080926846608,297.722753062238,298.58169094064124,298.2910362140539,100000.0,100000.00000002063
41.85,298.64256944439865,298.60671322208816,297.72403993611977,298.58039100758606,298.2906118004971,100000.0,100000.00000002063
41.900000000000006,298.64108612383313,298.60533791436035,297.725322929145,298.57909498942035,298.29018866046636,100000.0,100000.00000002066
41.95,298.63960727154097,298.60396674894935,297.72660205309563,298.57780287434656,298.2897667902,100000.0,100000.0000000207
42.0,298.63813287403883,298.6025997133652,297.7278773197164,298.57651465060275,298.28934618594656,100000.0,100000.00000002072
42.050000000000004,298.6366629178848,298.60123679515584,297.72914874071535,298.57523030646263,298.28892684396453,100000.0,100000.00000002072
42.1,298.6351973896776,298.59987798190707,297.7304163277636,298.5739498302353,298.28850876052263,100000.0,100000.00000002077
42.150000000000006,298.63373627605705,298.598523261242,297.7316800924956,298.5726732102652,298.28809193189966,100000.0,100000.00000002078
42.2,298.6322795637035,298.5971726208217,297.73294004650927,298.5714004349321,298.2876763543845,100000.0,100000.00000002078
42.25,298.63082723933775,298.5958260483444,297.73419620136633,298.5701314926508,298.28726202427595,100000.0,100000.00000002081
42.300000000000004,298.62937928972116,298.59448353154556,297.73544856859223,298.5688663718711,298.2868489378832,100000.0,100000.00000002082
42.35,298.6279357016553,298.59314505819805,297.7366971596761,298.56760506107776,298.2864370915251,100000.0,100000.00000002084
42.400000000000006,298.626496461982,298.5918106161117,297.7379419860713,298.5663475487904,298.2860264815308,100000.0,100000.00000002087
42.45,298.62506155758297,298.59048019313315,297.7391830591953,298.56509382356336,298.28561710423946,100000.0,100000.0000000209
42.5,298.62363097537985,298.5891537771461,297.74042039042985,298.5638438739854,298.2852089560001,100000.0,100000.0000000209
42.550000000000004,298.6222047023342,298.5878313560708,297.7416539911211,298.5625976886798,298.2848020331717,100000.0,100000.00000002093
42.6,298.6207827254471,298.58651291786424,297.7428838725797,298.5613552563044,298.28439633212355,100000.0,100000.00000002095
42.650000000000006,298.6193650317591,298.5851984505197,297.7441100460811,298.56011656555125,298.28399184923444,100000.0,100000.00000002095
42.7,298.6179516083504,298.583887942067,297.7453325228655,298.5588816051463,298.2835885808936,100000.0,100000.000000021
42.75,298.6165424423401,298.58258138057226,297.74655131413783,298.5576503638501,298.2831865234998,100000.0,100000.00000002101
42.800000000000004,298.6151375208867,298.5812787541376,297.74776643106844,298.5564228304566,298.2827856734619,100000.0,100000.00000002104
42.85,298.61373683118785,298.5799800509012,297.74897788479257,298.5551989937939,298.28238602719864,100000.0,100000.00000002107
42.900000000000006,298.6123403604797,298.5786852590373,297.7501856864109,298.5539788427239,298.2819875811387,100000.0,100000.00000002111
42.95,298.61094809603753,298.5773943667557,297.75138984698935,298.5527623661419,298.28159033172057,100000.0,100000.00000002116
43.0,298.60956002517514,298.5761073623023,297.75259037755967,298.551549552977,298.2811942753927,100000.0,100000.00000002114
43.050000000000004,298.6081761352449,298.57482423395817,297.75378728911903,298.5503403921917,298.28079940861323,100000.0,100000.00000002116
43.1,298.6067964136374,298.5735449700401,297.75498059263066,298.54913487278156,298.28040572785034,100000.0,100000.00000002119
43.150000000000006,298.60542084778194,298.5722695589002,297.7561702990234,298.54793298377587,298.2800132295818,100000.0,100000.00000002122
43.2,298.60404942514555,298.5709979889258,297.7573564191922,298.54673471423655,298.2796219102953,100000.0,100000.00000002123
43.25,298.60268213323366,298.5697302485395,297.7585389639984,298.54554005325895,298.2792317664883,100000.0,100000.00000002125
43.300000000000004,298.6013189595893,298.56846632619875,297.75971794426925,298.5443489899711,298.27884279466804,100000.0,100000.00000002127
43.35,298.5999598917937,298.5672062103961,297.7608933707987,298.543161513534,298.2784549913515,100000.0,100000.00000002127
43.400000000000006,298.59860491746537,298.5659498896589,297.76206525434714,298.54197761314134,298.2780683530654,100000.0,100000.0000000213
43.45,298.5972540242607,298.56469735254916,297.7632336056414,298.54079727801945,298.27768287634615,100000.0,100000.00000002132
43.5,298.5959071998734,298.5634485876635,297.7643984353752,298.53962049742717,298.2772985577398,100000.0,100000.00000002133
43.550000000000004,298.5945644320346,298.56220358363316,297.7655597542091,298.53844726065574,298.2769153938023,100000.0,100000.00000002136
43.6,298.59322570851253,298.56096232912364,297.76671757277063,298.5372775570289,298.276533381099,100000.0,100000.00000002136
43.650000000000006,298.5918910171127,298.5597248128348,297.7678719016544,298.53611137590235,298.276152516205,100000.0,100000.0000000214
43.7,298.59056034567743,298.55849102350066,297.7690227514223,298.53494870666424,298.2757727957051,100000.0,100000.00000002142
43.75,298.58923368208593,298.55726094988927,297.77017013260337,298.5337895387345,298.2753942161937,100000.0,100000.00000002145
43.800000000000004,298.5879110142545,298.5560345808028,297.7713140556942,298.5326338615652,298.27501677427466,100000.0,100000.00000002148
43.85,298.58659233013543,298.55481190507726,297.7724545311588,298.53148166464,298.2746404665616,100000.0,100000.00000002151
43.900000000000006,298.58527761771825,298.5535929115822,297.77359156942913,298.5303329374746,298.27426528967743,100000.0,100000.00000002151
43.95,298.5839668650284,298.5523775892211,297.7747251809045,298.5291876696162,298.2738912402549,100000.0,100000.00000002154
44.0,298.58266006012786,298.55116592693093,297.77585537595235,298.5280458506435,298.2735183149362,100000.0,100000.00000002155
44.050000000000004,298.58135719111476,298.549957913682,297.7769821649081,298.5269074701668,298.27314651037284,100000.0,100000.00000002157
44.1,298.58005824612326,298.5487535384782,297.77810555807514,298.5257725178276,298.272775823226,100000.0,100000.0000000216
44.150000000000006,298.5787632133235,298.5475527903563,297.77922556572526,298.5246409832988,298.2724062501663,100000.0,100000.00000002162
44.2,298.5774720809215,298.54635565838663,297.7803421980982,298.52351285628436,298.2720377878737,100000.0,100000.00000002162
44.25,298.57618483715896,298.5451621316723,297.78145546540253,298.52238812651944,298.27167043303774,100000.0,100000.00000002168
44.300000000000004,298.5749014703132,298.54397219934947,297.78256537781516,298.52126678377016,298.27130418235726,100000.0,100000.00000002168
44.35,298.5736219686972,298.542785850587,297.7836719454816,298.52014881783333,298.2709390325405,100000.0,100000.0000000217
44.400000000000006,298.5723463206591,298.5416030745867,297.78477517851604,298.5190342185368,298.2705749803052,100000.0,100000.00000002174
44.45,298.57107451458273,298.54042386058296,297.78587508700184,298.5179229757389,298.2702120223782,100000.0,100000.00000002174
44.5,298.56980653888655,298.53924819784254,297.78697168099086,298.5168150793288,298.2698501554959,100000.0,100000.00000002174
44.550000000000004,298.5685423820246,298.5380760756648,297.78806497050437,298.515710519226,298.2694893764038,100000.0,100000.0000000218
44.6,298.56728203248565,298.53690748338147,297.7891549655326,298.51460928538046,298.2691296818569,100000.0,100000.0000000218
44.650000000000006,298.56602547879334,298.5357424103564,297.79024167603507,298.5135113677726,298.2687710686194,100000.0,100000.00000002183
44.7,298.5647727095061,298.5345808459856,297.79132511194075,298.5124167564128,298.26841353346475,100000.0,100000.00000002186
44.75,298.5635237132169,298.5334227796973,297.7924052831481,298.51132544134174,298.26805707317556,100000.0,100000.00000002186
44.800000000000004,298.5622784785535,298.53226820095136,297.793482199525,298.5102374126302,298.26770168454374,100000.0,100000.00000002189
44.85,298.5610369941778,298.53111709923974,297.7945558709091,298.5091526603789,298.26734736437044,100000.0,100000.0000000219
44.900000000000006,298.5597992487863,298.5299694640861,297.7956263071078,298.5080711747183,298.26699410946577,100000.0,100000.00000002194
44.95,298.55856523110936,298.5288252850456,297.79669351789835,298.50699294580875,298.2666419166492,100000.0,100000.00000002194
45.0,298.5573349299118,298.5276845517053,297.7977575130281,298.50591796384026,298.26629078274925,100000.0,100000.00000002197
45.050000000000004,298.55610833399226,298.52654725368325,297.79881830221433,298.5048462190324,298.2659407046036,100000.0,100000.000000022
45.1,298.55488543218326,298.5254133806292,297.7998758951445,298.5037777016343,298.265591679059,100000.0,100000.00000002203
45.150000000000006,298.5536662133512,298.52428292222396,297.8009303014765,298.5027124019245,298.2652437029712,100000.0,100000.00000002206
45.2,298.5524506663962,298.52315586817986,297.8019815308385,298.50165031021083,298.26489677320507,100000.0,100000.00000002208
45.25,298.5512387802519,298.5220322082398,297.8030295928289,298.50059141683033,298.26455088663454,100000.0,100000.00000002209
45.300000000000004,298.55003054388527,298.5209119321781,297.8040744970172,298.4995357121492,298.2642060401425,100000.0,100000.00000002209
45.35,298.548825946297,298.51979502979964,297.8051162529431,298.49848318656285,298.2638622306208,100000.0,100000.00000002212
45.400000000000006,298.54762497652075,298.51868149094037,297.8061548701172,298.4974338304954,298.26351945497044,100000.0,100000.00000002213
45.45,298.54642762362346,298.5175713054667,297.80719035802105,298.49638763440015,298.26317771010105,100000.0,100000.00000002218
45.5,298.5452338767053,298.5164644632757,297.80822272610703,298.4953445887588,298.2628369929314,100000.0,100000.00000002219
45.550000000000004,298.5440437248991,298.51536095429515,297.80925198379873,298.4943046840822,298.26249730038927,100000.0,100000.00000002224
45.6,298.5428571573708,298.5142607684829,297.8102781404907,298.4932679109095,298.2621586294111,100000.0,100000.0000000222
45.650000000000006,298.54167416331893,298.51316389582746,297.8113012055489,298.4922342598085,298.26182097694226,100000.0,100000.00000002224
45.7,298.54049473197495,298.51207032634727,297.8123211883104,298.4912037213754,298.26148433993706,100000.0,100000.00000002224
45.75,298.5393188526025,298.51098005009106,297.81333809808393,298.49017628623494,298.2611487153585,100000.0,100000.00000002226
45.800000000000004,298.53814651449795,298.5098930571377,297.8143519441497,298.4891519450399,298.2608141001785,100000.0,100000.0000000223
45.85,298.5369777069901,298.5088093375958,297.8153627357594,298.4881306884713,298.26048049137773,100000.0,100000.00000002234
45.900000000000006,298.5358124194397,298.50772888160395,297.81637048213656,298.4871125072383,298.2601478859456,100000.0,100000.00000002235
45.95,298.53465064124003,298.5066516793305,297.81737519247645,298.48609739207814,298.2598162808802,100000.0,100000.00000002238
46.0,298.5334923618161,298.5055777209735,297.8183768759462,298.4850853337559,298.25948567318846,100000.0,100000.00000002238
46.050000000000004,298.53233757062515,298.5045069967606,297.8193755416851,298.4840763230645,298.259156059886,100000.0,100000.00000002241
46.1,298.53118625715615,298.5034394969488,297.8203711988043,298.48307035082473,298.25882743799696,100000.0,100000.00000002245
46.150000000000006,298.53003841092976,298.5023752118247,297.82136385638717,298.4820674078849,298.2584998045543,100000.0,100000.00000002247
46.2,298.52889402149856,298.501314131704,297.8223535234895,298.4810674851212,298.2581731565996,100000.0,100000.00000002247
46.25,298.52775307844655,298.50025624693205,297.82334020913913,298.4800705734369,298.257847491183,100000.0,100000.00000002248
46.300000000000004,298.52661557138924,298.49920154788276,297.8243239223366,298.479076663763,298.25752280536324,100000.0,100000.0000000225
46.35,298.5254814899734,298.4981500249595,297.8253046720549,298.4780857470578,298.25719909620756,100000.0,100000.00000002253
46.400000000000006,298.5243508238773,298.49710166859455,297.82628246723954,298.47709781430683,298.256876360792,100000.0,100000.00000002257
46.45,298.52322356281024,298.49605646924886,297.82725731680887,298.4761128565228,298.25655459620083,100000.0,100000.00000002256
46.5,298.5220996965127,298.49501441741245,297.82822922965386,298.4751308647455,298.256233799527,100000.0,100000.0000000226
46.550000000000004,298.52097921475615,298.4939755036038,297.82919821463855,298.4741518300418,298.25591396787195,100000.0,100000.00000002261
46.6,298.5198621073429,298.49293971837017,297.8301642805999,298.47317574350546,298.2555950983455,100000.0,100000.00000002263
46.650000000000006,298.51874836410605,298.4919070522872,297.83112743634774,298.4722025962571,298.25527718806603,100000.0,100000.00000002267
46.7,298.5176379749096,298.4908774959591,297.83208769066516,298.47123237944396,298.2549602341602,100000.0,100000.0000000227
46.75,298.5165309296479,298.4898510400184,297.83304505230876,298.4702650842402,298.25464423376314,100000.0,100000.0000000227
46.800000000000004,298.51542721824603,298.4888276751257,297.8339995300079,298.4693007018466,298.2543291840184,100000.0,100000.00000002276
46.85,298.51432683065946,298.48780739197014,297.8349511324657,298.46833922349015,298.2540150820779,100000.0,100000.00000002276
46.900000000000006,298.513229756874,298.4867901812686,297.83589986835875,298.46738064042466,298.2537019251018,100000.0,100000.00000002277
46.95,298.5121359869056,298.48577603376623,297.8368457463371,298.46642494393006,298.2533897102586,100000.0,100000.00000002279
47.0,298.5110455108006,298.4847649402359,297.8377887750245,298.46547212531266,298.2530784347252,100000.0,100000.0000000228
47.050000000000004,298.5099583186351,298.4837568914785,297.83872896301835,298.46452217590496,298.25276809568663,100000.0,100000.00000002285
47.1,298.5088744005153,298.4827518783226,297.83966631889007,298.4635750870655,298.2524586903364,100000.0,100000.00000002288
47.150000000000006,298.5077937465775,298.48174989162425,297.84060085118483,298.46263085017915,298.252150215876,100000.0,100000.00000002289
47.2,298.5067163469874,298.4807509222674,297.84153256842177,298.4616894566564,298.25184266951527,100000.0,100000.00000002286
47.25,298.50564219194064,298.4797549611633,297.84246147909425,298.46075089793396,298.2515360484721,100000.0,100000.00000002292
47.300000000000004,298.50457127166237,298.4787619992507,297.84338759166957,298.4598151654739,298.2512303499728,100000.0,100000.0000000229
47.35,298.5035035764074,298.47777202749563,297.84431091458947,298.4588822507646,298.25092557125157,100000.0,100000.00000002296
47.400000000000006,298.50243909645974,298.4767850368914,297.84523145626986,298.4579521453196,298.25062170955096,100000.0,100000.00000002296
47.45,298.5013778221329,298.4758010184584,297.84614922510104,298.4570248406783,298.2503187621215,100000.0,100000.00000002299
47.5,298.5003197437695,298.47481996324433,297.84706422944805,298.45610032840546,298.2500167262217,100000.0,100000.00000002302
47.550000000000004,298.4992648517416,298.47384186232364,297.84797647765015,298.4551786000915,298.2497155991183,100000.0,100000.00000002305
47.6,298.4982131364499,298.47286670679773,297.84888597802137,298.4542596473517,298.2494153780861,100000.0,100000.00000002305
47.650000000000006,298.49716458832444,298.4718944877951,297.8497927388506,298.45334346182716,298.2491160604079,100000.0,100000.00000002306
47.7,298.496119197824,298.4709251964707,297.8506967684013,298.4524300351839,298.2488176433743,100000.0,100000.0000000231
47.75,298.49507695543605,298.4699588240063,297.851598074912,298.45151935911304,298.24852012428414,100000.0,100000.00000002314
47.800000000000004,298.49403785167704,298.4689953616102,297.85249666659604,298.4506114253308,298.2482235004441,100000.0,100000.00000002314
47.85,298.49300187709184,298.46803480051733,297.8533925516419,298.4497062255784,298.2479277691688,100000.0,100000.00000002317
47.900000000000006,298.4919690222539,298.46707713198884,297.85428573821315,298.4488037516218,298.24763292778084,100000.0,100000.00000002322
47.95,298.49093927776516,298.46612234731253,297.8551762344486,298.44790399525203,298.2473389736106,100000.0,100000.00000002322
48.0,298.489912634256,298.46517043780216,297.8560640484624,298.4470069482846,298.2470459039964,100000.0,100000.00000002325
48.050000000000004,298.48888908238473,298.4642213947979,297.85694918834366,298.4461126025598,298.2467537162844,100000.0,100000.00000002325
48.1,298.4878686128384,298.463275209666,297.8578316621575,298.4452209499426,298.24646240782863,100000.0,100000.00000002328
48.150000000000006,298.4868512163317,298.4623318737986,297.8587114779441,298.44433198232235,298.2461719759909,100000.0,100000.00000002331
48.2,298.4858368836075,298.46139137861405,297.85958864371946,298.44344569161285,298.24588241814075,100000.0,100000.00000002334
48.25,298.48482560543664,298.46045371555624,297.86046316747525,298.4425620697523,298.2455937316556,100000.0,100000.00000002338
48.300000000000004,298.48381737261786,298.4595188760953,297.8613350571786,298.44168110870316,298.24530591392056,100000.0,100000.0000000234
48.35,298.4828121759775,298.45858685172664,297.8622043207729,298.4408028004524,298.2450189623285,100000.0,100000.00000002343
48.400000000000006,298.48181000636964,298.4576576339715,297.863070966177,298.43992713701056,298.24473287428,100000.0,100000.00000002349
48.45,298.48081085467606,298.45673121437676,297.8639350012861,298.43905411041266,298.24444764718316,100000.0,100000.00000002347
48.5,298.479814711806,298.45580758451473,297.86479643397104,298.4381837127178,298.2441632784539,100000.0,100000.00000002352
48.550000000000004,298.47882156869605,298.45488673598305,297.86565527207915,298.4373159360087,298.24387976551594,100000.0,100000.00000002353
48.6,298.47783141631015,298.4539686604047,297.8665115234338,298.4364507723921,298.24359710580023,100000.0,100000.00000002354
48.650000000000006,298.4768442456396,298.45305334942816,297.8673651958345,298.4355882139986,298.24331529674566,100000.0,100000.00000002357
48.7,298.4758600477029,298.4521407947267,297.8682162970574,298.4347282529823,298.2430343357986,100000.0,100000.0000000236
48.75,298.4748788135454,298.451230987999,297.8690648348547,298.43387088152116,298.24275422041285,100000.0,100000.0000000236
48.800000000000004,298.4739005342398,298.4503239209686,297.86991081695555,298.4330160918166,298.24247494805,100000.0,100000.00000002363
48.85,298.4729252008855,298.4494195853841,297.87075425106514,298.4321638760936,298.24219651617886,100000.0,100000.00000002363
48.900000000000006,298.4719528046089,298.44851797301885,297.87159514486564,298.43131422660036,298.241918922276,100000.0,100000.00000002366
48.95,298.47098333656294,298.4476190756711,297.8724335060159,298.43046713560875,298.2416421638254,100000.0,100000.00000002372
49.0,298.47001678792753,298.4467228851638,297.8732693421515,298.42962259541383,298.24136623831845,100000.0,100000.00000002373
49.050000000000004,298.469053149909,298.44582939334464,297.8741026608848,298.42878059833356,298.24109114325387,100000.0,100000.00000002375
49.1,298.4680924137401,298.44493859208563,297.8749334698052,298.42794113670953,298.24081687613807,100000.0,100000.00000002375
49.150000000000006,298.4671345706804,298.4440504732835,297.87576177647907,298.42710420290615,298.24054343448455,100000.0,100000.00000002378
49.2,298.4661796120155,298.4431650288594,297.87658758844987,298.4262697893107,298.24027081581454,100000.0,100000.0000000238
49.25,298.4652275290575,298.44228225075875,297.8774109132381,298.42543788833376,298.2399990176563,100000.0,100000.00000002382
49.300000000000004,298.4642783131444,298.44140213095125,297.8782317583416,298.42460849240854,298.23972803754555,100000.0,100000.00000002385
49.35,298.4633319556407,298.44052466143086,297.87905013123543,298.42378159399107,298.23945787302534,100000.0,100000.00000002387
49.400000000000006,298.46238844793663,298.43964983421563,297.879866039372,298.4229571855601,298.2391885216461,100000.0,100000.0000000239
49.45,298.46144778144867,298.43877764134766,297.88067949018114,298.4221352596171,298.2389199809653,100000.0,100000.00000002392
49.5,298.4605099476189,298.4379080748931,297.8814904910703,298.4213158086861,298.23865224854785,100000.0,100000.00000002395
49.550000000000004,298.45957493791536,298.43704112694195,297.8822990494243,298.4204988253136,298.2383853219659,100000.0,100000.00000002395
49.6,298.4586427438319,298.4361767896081,297.8831051726057,298.4196843020686,298.23811919879864,100000.0,100000.00000002398
49.650000000000006,298.4577133568878,298.4353150550292,297.8839088679548,298.41887223154265,298.2378538766327,100000.0,100000.00000002401
49.7,298.45678676862815,298.4344559153665,297.8847101427896,298.4180626063493,298.23758935306165,100000.0,100000.00000002403
49.75,298.45586297062334,298.433599362805,297.88550900440595,298.4172554191247,298.23732562568637,100000.0,100000.00000002403
49.800000000000004,298.4549419544693,298.43274538955325,297.88630546007766,298.4164506625267,298.2370626921148,100000.0,100000.00000002407
49.85,298.4540237117873,298.4318939878432,297.8870995170565,298.41564832923586,298.23680054996214,100000.0,100000.0000000241
49.900000000000006,298.4531082342237,298.43104514993024,297.8878911825723,298.4148484119545,298.2365391968503,100000.0,100000.00000002411
49.95,298.4521955134503,298.43019886809316,297.8886804638329,298.41405090340675,298.2362786304088,100000.0,100000.00000002413
50.0,298.451285541164,298.42935513463385,297.8894673680245,298.413255796339,298.2360188482738,100000.0,100000.00000002416
50.050000000000004,298.45037830908643,298.42851394187767,297.89025190231143,298.4124630835192,298.23575984808855,100000.0,100000.00000002421
50.1,298.4494738089645,298.42767528217286,297.8910340738363,298.41167275773734,298.2355016275035,100000.0,100000.00000002417
50.150000000000006,298.44857203256987,298.42683914789086,297.8918138897203,298.410884811805,298.235244184176,100000.0,100000.00000002417
50.2,298.447672971699,298.4260055314261,297.89259135706294,298.41009923855535,298.23498751577034,100000.0,100000.00000002421
50.25,298.4467766181731,298.4251744251958,297.8933664829422,298.4093160308433,298.2347316199578,100000.0,100000.00000002424
50.300000000000004,298.44588296383813,298.42434582164015,297.89413927441467,298.4085351815452,298.2344764944166,100000.0,100000.00000002424
50.35,298.4449920005644,298.42351971322216,297.8949097385158,298.40775668355883,298.23422213683176,100000.0,100000.00000002427
50.400000000000006,298.4441037202471,298.4226960924274,297.8956778822594,298.40698052980343,298.2339685448954,100000.0,100000.0000000243
50.45,298.4432181148054,298.4218749517642,297.8964437126383,298.4062067132196,298.2337157163063,100000.0,100000.00000002432
50.5,298.4423351761832,298.42105628376345,297.8972072366242,298.40543522676916,298.23346364877034,100000.0,100000.00000002433
50.550000000000004,298.44145489634855,298.4202400809785,297.8979684611675,298.40466606343506,298.2332123400001,100000.0,100000.00000002433
50.6,298.44057726729363,298.41942633598524,297.8987273931979,298.4038992162215,298.2329617877149,100000.0,100000.00000002436
50.650000000000006,298.43970228103495,298.4186150413817,297.8994840396238,298.4031346781536,298.2327119896409,100000.0,100000.00000002436
50.7,298.4388299296129,298.4178061897886,297.90023840733295,298.40237244227774,298.2324629435112,100000.0,100000.00000002439
50.75,298.437960205092,298.4169997738485,297.90099050319225,298.4016125016611,298.23221464706546,100000.0,100000.00000002443
50.800000000000004,298.43709309956057,298.41619578622635,297.9017403340477,298.4008548493917,298.23196709805023,100000.0,100000.00000002442
50.85,298.4362286051309,298.4153942196092,297.90248790672473,298.4000994785784,298.2317202942187,100000.0,100000.00000002446
50.900000000000006,298.435366713939,298.41459506670606,297.90323322802806,298.399346382351,298.2314742333308,100000.0,100000.00000002448
50.95,298.43450741814456,298.4137983202479,297.90397630474183,298.39859555385965,298.23122891315296,100000.0,100000.00000002448
51.0,298.43365070993093,298.4130039729877,297.9047171436298,298.3978469862754,298.2309843314586,100000.0,100000.0000000245
51.050000000000004,298.43279658150504,298.4122120177002,297.90545575143517,298.3971006727899,298.2307404860276,100000.0,100000.00000002452
51.1,298.4319450250972,298.41142244718185,297.9061921348807,298.39635660661514,298.23049737464646,100000.0,100000.00000002458
51.150000000000006,298.43109603296136,298.4106352542509,297.90692630066906,298.39561478098364,298.2302549951083,100000.0,100000.00000002455
51.2,298.43024959737465,298.40985043174715,297.9076582554823,298.39487518914825,298.2300133452128,100000.0,100000.00000002462
51.25,298.4294057106374,298.4090679725322,297.9083880059827,298.3941378243822,298.2297724227663,100000.0,100000.00000002462
51.300000000000004,298.42856436507344,298.4082878694889,297.9091155588121,298.39340267997903,298.22953222558164,100000.0,100000.00000002465
51.35,298.4277255530294,298.40751011552163,297.9098409205924,298.3926697492524,298.2292927514782,100000.0,100000.00000002468
51.400000000000006,298.4268892668752,298.4067347035561,297.9105640979253,298.391939025536,298.2290539982818,100000.0,100000.00000002468
51.45,298.42605549900367,298.40596162653947,297.9112850973929,298.39121050218387,298.2288159638249,100000.0,100000.00000002471
51.5,298.42522424183056,298.4051908774401,297.9120039255572,298.3904841725699,298.22857864594636,100000.0,100000.00000002472
51.550000000000004,298.4243954877946,298.40442244924736,297.91272058896027,298.389760030088,298.2283420424914,100000.0,100000.00000002475
51.6,298.4235692293571,298.40365633497197,297.9134350941247,298.38903806815193,298.2281061513118,100000.0,100000.00000002475
51.650000000000006,298.4227454590022,298.40289252764563,297.914147447553,298.38831828019516,298.22787097026577,100000.0,100000.0000000248
51.7,298.4219241692368,298.40213102032106,297.9148576557284,298.38760065967136,298.2276364972179,100000.0,100000.00000002481
51.75,298.42110535259013,298.40137180607184,297.91556572511433,298.3868852000534,298.227402730039,100000.0,100000.00000002483
51.800000000000004,298.4202890016142,298.40061487799244,297.9162716621548,298.38617189483415,298.2271696666064,100000.0,100000.00000002483
51.85,298.41947510888326,298.39986022919817,297.91697547327436,298.38546073752593,298.2269373048039,100000.0,100000.00000002487
51.900000000000006,298.418663666994,298.39910785282507,297.917677164878,298.3847517216608,298.2267056425215,100000.0,100000.00000002488
51.95,298.4178546685656,298.39835774202976,297.9183767433515,298.38404484079,298.22647467765535,100000.0,100000.0000000249
52.0,298.4170481062391,298.39760988998967,297.91907421506136,298.38334008848443,298.2262444081081,100000.0,100000.00000002491
52.050000000000004,298.41624397267816,298.3968642899027,297.9197695863548,298.3826374583342,298.2260148317886,100000.0,100000.00000002494
52.1,298.41544226056817,298.39612093498715,297.9204628635599,298.38193694394886,298.2257859466119,100000.0,100000.00000002494
52.150000000000006,298.41464296261677,298.39537981848184,297.92115405298557,298.3812385389571,298.22555775049955,100000.0,100000.00000002497
52.2,298.4138460715535,298.3946409336459,297.92184316092187,298.380542237007,298.22533024137897,100000.0,100000.00000002501
52.25,298.41305158012983,298.39390427375895,297.9225301936396,298.37984803176545,298.22510341718385,100000.0,100000.00000002501
52.300000000000004,298.4122594811192,298.3931698321205,297.9232151573907,298.3791559169186,298.22487727585434,100000.0,100000.00000002506
52.35,298.4114697673165,298.39243760205073,297.9238980584084,298.3784658861716,298.22465181533636,100000.0,100000.00000002509
52.400000000000006,298.41068243153865,298.3917075768895,297.9245789029069,298.3777779332487,298.2244270335824,100000.0,100000.00000002509
52.45,298.40989746662405,298.39097974999686,297.92525769708175,298.37709205189276,298.22420292855065,100000.0,100000.00000002512
52.5,298.4091148654328,298.390254114753,297.92593444710974,298.3764082358657,298.2239794982056,100000.0,100000.00000002512
52.550000000000004,298.4083346208463,298.389530664558,297.92660915914905,298.3757264789482,298.22375674051796,100000.0,100000.00000002515
52.6,298.4075567257677,298.3888093928317,297.92728183933934,298.37504677493956,298.2235346534644,100000.0,100000.00000002515
52.650000000000006,298.4067811731212,298.3880902930139,297.92795249380157,298.3743691176579,298.2233132350275,100000.0,100000.00000002515
52.7,298.4060079558527,298.387373358564,297.9286211286383,298.37369350093996,298.2230924831962,100000.0,100000.00000002517
52.75,298.405237066929,298.3866585829614,297.9292877499338,298.3730199186408,298.22287239596517,100000.0,100000.00000002519
52.800000000000004,298.40446849933824,298.3859459597048,297.9299523637537,298.3723483646343,298.22265297133515,100000.0,100000.00000002522
52.85,298.4037022460898,298.38523548231274,297.9306149761456,298.3716788328126,298.2224342073131,100000.0,100000.00000002523
52.900000000000006,298.4029383002138,298.38452714432304,297.9312755931386,298.3710113170864,298.2222161019116,100000.0,100000.00000002526
52.95,298.40217665476183,298.3838209392933,297.93193422074387,298.3703458113845,298.22199865314946,100000.0,100000.00000002529
53.0,298.40141730280595,298.3831168608002,297.93259086495425,298.36968230965414,298.22178185905125,100000.0,100000.00000002532
53.050000000000004,298.4006602374394,298.38241490244,297.93324553174443,298.3690208058608,298.22156571764754,100000.0,100000.00000002535
53.1,298.3999054517761,298.3817150578283,297.93389822707127,298.36836129398813,298.2213502269747,100000.0,100000.00000002535
53.150000000000006,298.3991529389507,298.38101732059954,297.9345489568736,298.3677037680378,298.22113538507523,100000.0,100000.00000002536
53.2,298.3984026921187,298.3803216844078,297.93519772707214,298.3670482220297,298.22092118999717,100000.0,100000.0000000254
53.25,298.39765470445593,298.379628142926,297.93584454357006,298.36639465000167,298.2207076397946,100000.0,100000.00000002541
53.300000000000004,298.3969089691591,298.37893668984617,297.9364894122525,298.3657430460094,298.22049473252747,100000.0,100000.00000002541
53.35,298.39616547944524,298.3782473188794,297.9371323389868,298.3650934041265,298.22028246626144,100000.0,100000.00000002544
53.400000000000006,298.39542422855175,298.37756002375573,297.9377733296228,298.3644457184447,298.22007083906794,100000.0,100000.00000002547
53.45,298.3946852097365,298.376874798224,297.93841238999255,298.3637999830732,298.21985984902426,100000.0,100000.00000002548
53.5,298.39394841627785,298.37619163605194,297.9390495259105,298.36315619213906,298.21964949421346,100000.0,100000.00000002551
53.550000000000004,298.393213841474,298.37551053102595,297.93968474317364,298.36251433978714,298.21943977272434,100000.0,100000.00000002554
53.6,298.3924814786438,298.3748314769514,297.94031804756133,298.3618744201797,298.21923068265136,100000.0,100000.00000002555
53.650000000000006,298.39175132112575,298.37415446765203,297.94094944483567,298.3612364274967,298.2190222220947,100000.0,100000.00000002558
53.7,298.39102336227893,298.37347949697033,297.94157894074124,298.3606003559358,298.2188143891604,100000.0,100000.00000002558
53.75,298.3902975954819,298.37280655876737,297.94220654100536,298.3599661997118,298.2186071819599,100000.0,100000.00000002558
53.800000000000004,298.38957401413364,298.3721356469225,297.942832251338,298.3593339530571,298.2184005986105,100000.0,100000.00000002563
53.85,298.3888526116527,298.3714667553338,297.9434560774321,298.35870361022165,298.2181946372352,100000.0,100000.00000002564
53.900000000000006,298.3881333814776,298.37079987791765,297.9440780249631,298.35807516547226,298.2179892959624,100000.0,100000.00000002566
53.95,298.38741631706654,298.3701350086085,297.9446980995896,298.35744861309354,298.2177845729263,100000.0,100000.00000002568
54.0,298.38670141189755,298.3694721413594,297.94531630695303,298.3568239473869,298.21758046626667,100000.0,100000.0000000257
54.050000000000004,298.38598865946824,298.3688112701414,297.9459326526778,298.3562011626711,298.2173769741287,100000.0,100000.0000000257
54.1,298.3852780532958,298.3681523889438,297.9465471423714,298.3555802532819,298.2171740946634,100000.0,100000.00000002573
54.150000000000006,298.3845695869169,298.3674954917741,297.94715978162424,298.3549612135723,298.21697182602725,100000.0,100000.00000002576
54.2,298.38386325388774,298.3668405726576,297.94777057601016,298.35434403791226,298.216770166382,100000.0,100000.00000002577
54.25,298.3831590477839,298.36618762563785,297.9483795310859,298.3537287206884,298.2165691138952,100000.0,100000.0000000258
54.300000000000004,298.38245696220054,298.36553664477606,297.9489866523916,298.35311525630476,298.2163686667399,100000.0,100000.0000000258
54.35,298.3817569907517,298.36488762415166,297.9495919454507,298.35250363918175,298.2161688230945,100000.0,100000.00000002584
54.400000000000006,298.3810591270709,298.3642405578617,297.95019541576994,298.3518938637568,298.21596958114293,100000.0,100000.00000002587
54.45,298.38036336481093,298.3635954400211,297.9507970688395,298.3512859244842,298.21577093907445,100000.0,100000.00000002587
54.5,298.37966969764346,298.36295226476227,297.95139691013276,298.3506798158347,298.21557289508394,100000.0,100000.0000000259
54.550000000000004,298.3789781192594,298.36231102623566,297.951994945107,298.35007553229593,298.2153754473716,100000.0,100000.0000000259
54.6,298.3782886233686,298.36167171860916,297.9525911792027,298.34947306837194,298.2151785941431,100000.0,100000.00000002592
54.650000000000006,298.37760120369984,298.36103433606814,297.95318561784416,298.34887241858337,298.2149823336093,100000.0,100000.00000002596
54.7,298.37691585400086,298.3603988728156,297.95377826643914,298.3482735774676,298.2147866639868,100000.0,100000.00000002598
54.75,298.3762325680382,298.3597653230721,297.95436913037923,298.34767653957795,298.21459158349705,100000.0,100000.00000002599
54.800000000000004,298.375551339597,298.35913368107526,297.9549582150397,298.34708129948467,298.21439709036724,100000.0,100000.00000002599
54.85,298.37487216248155,298.35850394108047,297.95554552577966,298.3464878517741,298.2142031828298,100000.0,100000.00000002602
54.900000000000006,298.3741950305144,298.3578760973601,297.956131067942,298.34589619104884,298.2140098591223,100000.0,100000.00000002602
54.95,298.3735199375368,298.3572501442039,297.9567148468535,298.34530631192797,298.2138171174878,100000.0,100000.00000002605
55.0,298.37284687740873,298.3566260759188,297.957296867825,298.34471820904656,298.2136249561745,100000.0,100000.00000002608
55.050000000000004,298.37217584400844,298.35600388682906,297.95787713615107,298.34413187705593,298.213433373436,100000.0,100000.00000002609
55.1,298.3715068312328,298.35538357127575,297.9584556571107,298.3435473106235,298.2132423675309,100000.0,100000.0000000261
55.150000000000006,298.3708398329969,298.35476512361697,297.9590324359665,298.34296450443264,298.2130519367232,100000.0,100000.00000002612
55.2,298.3701748432343,298.3541485382282,297.9596074779656,298.34238345318306,298.2128620792823,100000.0,100000.00000002615
55.25,298.3695118558967,298.3535338095014,297.96018078833913,298.34180415159,298.21267279348234,100000.0,100000.00000002618
55.300000000000004,298.36885086495414,298.3529209318457,297.9607523723026,298.34122659438475,298.21248407760294,100000.0,100000.00000002621
55.35,298.36819186439476,298.35230989968693,297.9613222350555,298.3406507763148,298.212295929929,100000.0,100000.0000000262
55.400000000000006,298.3675348482248,298.3517007074679,297.96189038178187,298.3400766921431,298.21210834875023,100000.0,100000.00000002625
55.45,298.3668798104686,298.35109334964784,297.96245681765015,298.33950433664836,298.2119213323617,100000.0,100000.00000002627
55.5,298.36622674516855,298.35048782070305,297.963021547813,298.33893370462516,298.2117348790636,100000.0,100000.00000002628
55.550000000000004,298.36557564638474,298.34988411512614,297.9635845774079,298.33836479088376,298.2115489871611,100000.0,100000.0000000263
55.6,298.3649265081955,298.34928222742644,297.9641459115564,298.33779759025,298.21136365496466,100000.0,100000.00000002632
55.650000000000006,298.36427932469667,298.3486821521299,297.96470555536484,298.3372320975653,298.21117888078953,100000.0,100000.00000002634
55.7,298.36363409000205,298.3480838837788,297.96526351392436,298.3366683076866,298.2109946629563,100000.0,100000.00000002638
55.75,298.36299079824323,298.3474874169319,297.9658197923103,298.3361062154863,298.21081099979045,100000.0,100000.0000000264
55.800000000000004,298.3623494435693,298.3468927461645,297.966374395583,298.33554581585247,298.2106278896225,100000.0,100000.0000000264
55.85,298.36171002014714,298.3462998660679,297.9669273287876,298.3349871036882,298.21044533078805,100000.0,100000.00000002643
55.900000000000006,298.36107252216095,298.3457087712501,297.9674785969539,298.33443007391224,298.2102633216276,100000.0,100000.00000002644
55.95,298.36043694381283,298.34511945633506,297.9680282050965,298.33387472145847,298.2100818604868,100000.0,100000.00000002648
56.0,298.359803279322,298.34453191596293,297.968576158215,298.3333210412761,298.2099009457161,100000.0,100000.0000000265
56.050000000000004,298.35917152292524,298.3439461447902,297.96912246129375,298.33276902832955,298.20972057567093,100000.0,100000.00000002653
56.1,298.3585416688766,298.3433621374893,297.96966711930247,298.3322186775984,298.2095407487118,100000.0,100000.00000002654
56.150000000000006,298.3579137114477,298.34277988874874,297.9702101371954,298.3316699840773,298.20936146320395,100000.0,100000.00000002654
56.2,298.35728764492706,298.342199393273,297.97075151991214,298.331122942776,298.2091827175177,100000.0,100000.00000002656
56.25,298.3566634636205,298.34162064578254,297.9712912723774,298.3305775487193,298.20900451002814,100000.0,100000.00000002659
56.300000000000004,298.3560411618513,298.3410436410138,297.97182939950096,298.330033796947,298.2088268391154,100000.0,100000.0000000266
56.35,298.35542073395936,298.34046837371886,297.97236590617786,298.32949168251383,298.2086497031642,100000.0,100000.00000002663
56.400000000000006,298.35480217430194,298.3398948386658,297.97290079728833,298.3289512004893,298.20847310056445,100000.0,100000.00000002664
56.45,298.35418547725317,298.3393230306384,297.9734340776979,298.328412345958,298.2082970297107,100000.0,100000.00000002666
56.5,298.35357063720426,298.3387529444361,297.9739657522575,298.327875114019,298.2081214890023,100000.0,100000.00000002669
56.550000000000004,298.3529576485631,298.33818457487405,297.9744958258035,298.32733949978643,298.2079464768435,100000.0,100000.0000000267
56.6,298.35234650575467,298.33761791678296,297.9750243031574,298.326805498389,298.20777199164337,100000.0,100000.00000002673
56.650000000000006,298.3517372032205,298.33705296500926,297.9755511891264,298.32627310497,298.2075980318156,100000.0,100000.00000002675
56.7,298.351129735419,298.3364897144147,297.9760764885033,298.3257423146876,298.2074245957789,100000.0,100000.00000002678
56.75,298.3505240968253,298.33592815987663,297.9766002060662,298.3252131227144,298.20725168195645,100000.0,100000.0000000268
56.800000000000004,298.3499202819311,298.3353682962878,297.9771223465791,298.3246855242374,298.20707928877636,100000.0,100000.0000000268
56.85,298.34931828524464,298.33481011855633,297.9776429147913,298.32415951445824,298.20690741467143,100000.0,100000.00000002683
56.900000000000006,298.34871810129084,298.3342536216057,297.978161915438,298.32363508859316,298.2067360580792,100000.0,100000.00000002683
56.95,298.348119724611,298.3336988003746,297.9786793532402,298.32311224187254,298.2065652174417,100000.0,100000.00000002686
57.0,298.3475231497629,298.333145649817,297.97919523290443,298.3225909695411,298.206394891206,100000.0,100000.00000002689
57.050000000000004,298.3469283713206,298.3325941649022,297.9797095591232,298.3220712668583,298.2062250778235,100000.0,100000.00000002689
57.1,298.3463353838748,298.3320443406145,297.9802223365749,298.3215531290974,298.2060557757504,100000.0,100000.00000002692
57.150000000000006,298.3457441820322,298.3314961719533,297.9807335699238,298.32103655154606,298.20588698344756,100000.0,100000.00000002695
57.2,298.3451547604159,298.3309496539331,297.98124326382,298.32052152950627,298.20571869938044,100000.0,100000.00000002696
57.25,298.344567113665,298.3304047815834,297.9817514228997,298.32000805829387,298.2055509220192,100000.0,100000.00000002698
57.300000000000004,298.34398123643496,298.32986154994876,297.98225805178515,298.31949613323917,298.2053836498384,100000.0,100000.00000002701
57.35,298.34339712339727,298.32931995408853,297.9827631550847,298.3189857496862,298.2052168813173,100000.0,100000.00000002704
57.400000000000006,298.34281476923945,298.328779989077,297.98326673739257,298.31847690299327,298.2050506149398,100000.0,100000.00000002705
57.45,298.3422341686651,298.3282416500034,297.9837688032894,298.3179695885326,298.20488484919423,100000.0,100000.00000002705
57.5,298.3416553163935,298.3277049319714,297.98426935734193,298.31746380169017,298.2047195825736,100000.0,100000.00000002707
57.550000000000004,298.3410782071602,298.32716983009993,297.98476840410314,298.31695953786607,298.2045548135752,100000.0,100000.0000000271
57.6,298.3405028357164,298.3266363395221,297.98526594811227,298.3164567924742,298.2043905407013,100000.0,100000.00000002712
57.650000000000006,298.3399291968291,298.32610445538614,297.985761993895,298.3159555609421,298.2042267624581,100000.0,100000.00000002712
57.7,298.33935728528115,298.32557417285443,297.9862565459632,298.3154558387114,298.2040634773567,100000.0,100000.00000002715
57.75,298.33878709587106,298.32504548710443,297.9867496088152,298.31495762123717,298.20390068391265,100000.0,100000.00000002718
57.800000000000004,298.338218623413,298.32451839332765,297.98724118693593,298.3144609039883,298.20373838064575,100000.0,100000.0000000272
57.85,298.3376518627367,298.3239928867303,297.9877312847966,298.31396568244725,298.20357656608036,100000.0,100000.00000002718
57.900000000000006,298.3370868086877,298.3234689625332,297.98821990685497,298.31347195211015,298.2034152387453,100000.0,100000.00000002723
57.95,298.33652345612677,298.3229466159711,297.98870705755553,298.31297970848675,298.20325439717385,100000.0,100000.00000002724
58.0,298.33596179993026,298.32242584229357,297.98919274132925,298.31248894710006,298.2030940399036,100000.0,100000.0000000273
58.050000000000004,298.33540183498997,298.32190663676425,297.98967696259376,298.3119996634869,298.2029341654766,100000.0,100000.00000002731
58.1,298.3348435562132,298.32138899466105,297.9901597257534,298.3115118531974,298.2027747724393,100000.0,100000.00000002734
58.150000000000006,298.3342869585224,298.32087291127607,297.99064103519925,298.311025511795,298.2026158593424,100000.0,100000.00000002736
58.2,298.3337320368554,298.3203583819158,297.9911208953091,298.3105406348566,298.2024574247412,100000.0,100000.00000002736
58.25,298.33317878616515,298.3198454019006,297.9915993104477,298.31005721797237,298.2022994671951,100000.0,100000.00000002742
58.300000000000004,298.3326272014201,298.31933396656507,297.9920762849665,298.3095752567458,298.20214198526793,100000.0,100000.00000002742
58.35,298.3320772776035,298.3188240712579,297.9925518232038,298.3090947467936,298.2019849775279,100000.0,100000.00000002744
58.400000000000006,298.33152900971396,298.3183157113416,297.99302592948504,298.3086156837457,298.20182844254737,100000.0,100000.00000002746
58.45,298.33098239276507,298.31780888219276,297.9934986081225,298.30813806324517,298.20167237890314,100000.0,100000.00000002747
58.5,298.33043742178535,298.31730357920196,297.9939698634154,298.3076618809482,298.20151678517624,100000.0,100000.00000002749
58.550000000000004,298.32989409181846,298.3167997977736,297.9944396996501,298.3071871325241,298.201361659952,100000.0,100000.00000002753
58.6,298.32935239792283,298.3162975333259,297.9949081211,298.3067138136551,298.20120700181985,100000.0,100000.00000002753
58.650000000000006,298.32881233517185,298.3157967812908,297.9953751320258,298.30624192003654,298.2010528093738,100000.0,100000.00000002755
58.7,298.32827389865383,298.31529753711425,297.99584073667506,298.3057714473767,298.20089908121156,100000.0,100000.00000002759
58.75,298.3277370834717,298.31479979625567,297.9963049392827,298.3053023913968,298.20074581593565,100000.0,100000.00000002759
58.800000000000004,298.32720188474315,298.31430355418814,297.9967677440711,298.30483474783097,298.2005930121524,100000.0,100000.0000000276
58.85,298.32666829760075,298.3138088063986,297.99722915524944,298.30436851242604,298.2004406684724,100000.0,100000.00000002765
58.900000000000006,298.3261363171915,298.3133155483874,297.99768917701454,298.30390368094186,298.20028878351064,100000.0,100000.00000002766
58.95,298.3256059386773,298.31282377566845,297.99814781355064,298.3034402491509,298.20013735588594,100000.0,100000.00000002766
59.0,298.32507715723443,298.3123334837693,297.99860506902917,298.3029782128383,298.1999863842214,100000.0,100000.0000000277
59.050000000000004,298.3245499680536,298.31184466823083,297.9990609476091,298.3025175678021,298.19983586714443,100000.0,100000.00000002772
59.1,298.32402436634015,298.31135732460734,297.99951545343686,298.30205830985295,298.1996858032864,100000.0,100000.00000002774
59.150000000000006,298.3235003473138,298.3108714484666,297.9999685906463,298.3016004348139,298.19953619128285,100000.0,100000.00000002775
59.2,298.32297790620885,298.3103870353898,298.000420363359,298.3011439385208,298.19938702977333,100000.0,100000.00000002777
59.25,298.32245703827374,298.30990408097125,298.00087077568395,298.30068881682195,298.1992383174016,100000.0,100000.00000002778
59.300000000000004,298.3219377387712,298.3094225808186,298.00131983171786,298.3002350655782,298.19909005281545,100000.0,100000.00000002777
59.35,298.32142000297836,298.3089425305527,298.00176753554507,298.2997826806628,298.1989422346668,100000.0,100000.0000000278
59.400000000000006,298.3209038261865,298.3084639258078,298.0022138912376,298.2993316579615,298.19879486161153,100000.0,100000.00000002782
59.45,298.3203892037012,298.3079867622309,298.0026589028552,298.29888199337233,298.1986479323096,100000.0,100000.00000002782
59.5,298.3198761308419,298.3075110354825,298.0031025744455,298.2984336828058,298.19850144542505,100000.0,100000.00000002785
59.550000000000004,298.31936460294247,298.30703674123595,298.00354491004373,298.2979867221847,298.1983553996258,100000.0,100000.00000002787
59.6,298.3188546153506,298.30656387517763,298.00398591367315,298.297541107444,298.19820979358406,100000.0,100000.00000002788
59.650000000000006,298.31834616342803,298.306092433007,298.0044255893448,298.29709683453103,298.19806462597563,100000.0,100000.00000002791
59.7,298.3178392425506,298.30562241043646,298.0048639410577,298.29665389940527,298.1979198954807,100000.0,100000.00000002793
59.75,298.31733384810786,298.3051538031913,298.00530097279886,298.29621229803837,298.1977756007832,100000.0,100000.00000002794
59.800000000000004,298.3168299755034,298.30468660700956,298.00573668854304,298.29577202641417,298.19763174057096,100000.0,100000.00000002797
59.85,298.31632762015477,298.3042208176423,298.00617109225334,298.29533308052856,298.197488313536,100000.0,100000.00000002797
59.900000000000006,298.31582677749293,298.30375643085335,298.0066041878807,298.2948954563893,298.197345318374,100000.0,100000.00000002803
59.95,298.31532744296294,298.3032934424192,298.0070359793644,298.29445915001656,298.19720275378484,100000.0,100000.00000002804
60.0,298.3148296120235,298.30283184812913,298.00746647063147,298.2940241574422,298.1970606184721,100000.0,100000.00000002806
60.050000000000004,298.3143332801469,298.3023716437851,298.0078956655975,298.2935904747101,298.1969189111433,100000.0,100000.00000002809
60.1,298.31383844281913,298.3019128252016,298.008323568166,298.2931580978761,298.19677763051004,100000.0,100000.00000002806
60.150000000000006,298.31334509553983,298.3014553882059,298.00875018222905,298.29272702300784,298.1966367752874,100000.0,100000.00000002809
60.2,298.31285323382207,298.3009993286378,298.0091755116665,298.29229724618494,298.1964963441948,100000.0,100000.00000002813
60.25,298.31236285319244,298.30054464234934,298.00959956034706,298.29186876349854,298.19635633595516,100000.0,100000.00000002814
60.300000000000004,298.3118739491912,298.3000913252055,298.0100223321275,298.29144157105196,298.19621674929533,100000.0,100000.00000002814
60.35,298.3113865173717,298.29963937308355,298.01044383085286,298.2910156649599,298.1960775829461,100000.0,100000.00000002817
60.400000000000006,298.31090055330094,298.2991887818729,298.010864060357,298.290591041349,298.19593883564204,100000.0,100000.00000002817
60.45,298.3104160525593,298.29873954747575,298.01128302446176,298.2901676963573,298.1958005061213,100000.0,100000.0000000282
60.5,298.30993301074034,298.29829166580646,298.01170072697784,298.2897456261348,298.1956625931263,100000.0,100000.00000002823
60.550000000000004,298.3094514234508,298.2978451327915,298.01211717170423,298.28932482684274,298.19552509540273,100000.0,100000.00000002825
60.6,298.3089712863108,298.29739994437,298.0125323624286,298.2889052946543,298.19538801170035,100000.0,100000.00000002826
60.650000000000006,298.3084925949538,298.296956096493,298.01294630292716,298.28848702575385,298.19525134077264,100000.0,100000.00000002829
60.7,298.308015345026,298.2965135851238,298.0133589969647,298.28807001633743,298.19511508137685,100000.0,100000.00000002832
60.75,298.3075395321871,298.29607240623807,298.01377044829485,298.2876542626124,298.19497923227385,100000.0,100000.00000002832
60.800000000000004,298.30706515210954,298.2956325558233,298.0141806606598,298.28723976079783,298.19484379222837,100000.0,100000.00000002835
60.85,298.30659220047914,298.29519402987927,298.0145896377904,298.28682650712375,298.1947087600087,100000.0,100000.00000002838
60.900000000000006,298.30612067299455,298.2947568244176,298.01499738340635,298.28641449783197,298.1945741343871,100000.0,100000.00000002839
60.95,298.30565056536716,298.2943209354621,298.0154039012162,298.2860037291752,298.1944399141393,100000.0,100000.0000000284
61.0,298.3051818733216,298.29388635904866,298.0158091949172,298.2855941974179,298.1943060980447,100000.0,100000.00000002843
61.050000000000004,298.30471459259525,298.29345309122476,298.01621326819566,298.28518589883527,298.1941726848866,100000.0,100000.00000002848
61.1,298.30424871893825,298.29302112805,298.0166161247265,298.2847788297142,298.19403967345175,100000.0,100000.00000002846
61.150000000000006,298.30378424811374,298.2925904655959,298.01701776817384,298.2843729863523,298.19390706253057,100000.0,100000.0000000285
61.2,298.30332117589734,298.29216109994564,298.01741820219064,298.28396836505885,298.1937748509172,100000.0,100000.0000000285
61.25,298.3028594980777,298.29173302719437,298.01781743041886,298.28356496215383,298.1936430374094,100000.0,100000.00000002854
61.300000000000004,298.30239921045575,298.2913062434488,298.01821545648954,298.2831627739684,298.19351162080847,100000.0,100000.00000002854
61.35,298.3019403088456,298.2908807448276,298.01861228402265,298.28276179684485,298.19338059991946,100000.0,100000.00000002858
61.400000000000006,298.3014827890735,298.29045652746083,298.0190079166275,298.2823620271364,298.19324997355085,100000.0,100000.0000000286
61.45,298.30102664697847,298.2900335874906,298.01940235790227,298.2819634612074,298.1931197405148,100000.0,100000.00000002862
61.5,298.30057187841203,298.2896119210702,298.01979561143446,298.28156609543294,298.19298989962704,100000.0,100000.00000002865
61.550000000000004,298.3001184792382,298.2891915243648,298.02018768080075,298.2811699261992,298.19286044970687,100000.0,100000.00000002864
61.6,298.2996664453335,298.28877239355114,298.02057856956696,298.2807749499031,298.1927313895771,100000.0,100000.0000000287
61.650000000000006,298.2992157725867,298.28835452481724,298.02096828128833,298.28038116295244,298.19260271806405,100000.0,100000.0000000287
61.7,298.2987664568992,298.2879379143627,298.02135681950915,298.27998856176595,298.1924744339978,100000.0,100000.00000002873
61.75,298.2983184941845,298.2875225583987,298.02174418776326,298.2795971427731,298.1923465362116,100000.0,100000.00000002875
61.800000000000004,298.2978718803686,298.28710845314765,298.0221303895738,298.279206902414,298.1922190235425,100000.0,100000.00000002875
61.85,298.29742661138954,298.2866955948434,298.0225154284533,298.2788178371396,298.1920918948309,100000.0,100000.00000002878
61.900000000000006,298.29698268319794,298.28628397973125,298.0228993079036,298.2784299434115,298.1919651489208,100000.0,100000.0000000288
61.95,298.29654009175624,298.28587360406755,298.0232820314161,298.2780432177019,298.1918387846596,100000.0,100000.00000002884
62.0,298.2960988330393,298.2854644641202,298.02366360247163,298.2776576564937,298.191712800898,100000.0,100000.00000002886
62.050000000000004,298.295658903034,298.28505655616806,298.0240440245407,298.2772732562804,298.1915871964906,100000.0,100000.00000002887
62.1,298.2952202977393,298.2846498765015,298.02442330108306,298.276890013566,298.19146197029505,100000.0,100000.00000002887
62.150000000000006,298.29478301316624,298.2842444214218,298.02480143554834,298.2765079248651,298.1913371211726,100000.0,100000.0000000289
62.2,298.29434704533776,298.2838401872417,298.02517843137565,298.2761269867026,298.191212647988,100000.0,100000.0000000289
62.25,298.293912390289,298.28343717028457,298.02555429199367,298.27574719561414,298.1910885496091,100000.0,100000.00000002891
62.300000000000004,298.2934790440668,298.2830353668852,298.02592902082097,298.27536854814565,298.1909648249076,100000.0,100000.00000002896
62.35,298.29304700273013,298.2826347733894,298.02630262126553,298.2749910408534,298.1908414727582,100000.0,100000.00000002896
62.400000000000006,298.2926162623496,298.28223538615384,298.0266750967254,298.27461467030423,298.19071849203937,100000.0,100000.00000002899
62.45,298.29218681900784,298.28183720154624,298.02704645058805,298.2742394330751,298.19059588163265,100000.0,100000.00000002902
62.5,298.29175866879916,298.2814402159453,298.02741668623094,298.2738653257534,298.1904736404229,100000.0,100000.000000029
62.550000000000004,298.2913318078297,298.2810444257405,298.0277858070215,298.27349234493664,298.19035176729864,100000.0,100000.00000002903
62.6,298.29090623221725,298.28064982733235,298.0281538163166,298.273120487233,298.19023026115167,100000.0,100000.00000002907
62.650000000000006,298.2904819380914,298.2802564171321,298.0285207174635,298.27274974926024,298.19010912087674,100000.0,100000.00000002907
62.7,298.2900589215933,298.2798641915618,298.028886513799,298.27238012764684,298.1899883453725,100000.0,100000.0000000291
62.75,298.2896371788757,298.2794731470542,298.02925120865,298.2720116190312,298.18986793354054,100000.0,100000.00000002912
62.800000000000004,298.2892167061031,298.2790832800531,298.0296148053334,298.27164422006183,298.18974788428574,100000.0,100000.00000002913
62.85,298.28879749945133,298.2786945870127,298.02997730715606,298.2712779273974,298.18962819651654,100000.0,100000.00000002918
62.900000000000006,298.288379555108,298.27830706439795,298.0303387174149,298.27091273770657,298.18950886914445,100000.0,100000.00000002919
62.95,298.28796286927184,298.27792070868446,298.03069903939684,298.27054864766825,298.1893899010843,100000.0,100000.00000002919
63.0,298.2875474381534,298.2775355163585,298.03105827637904,298.27018565397094,298.18927129125433,100000.0,100000.00000002922
63.050000000000004,298.2871332579744,298.2771514839169,298.0314164316287,298.2698237533135,298.18915303857574,100000.0,100000.00000002923
63.1,298.286720324968,298.276768607867,298.03177350840326,298.2694629424046,298.1890351419732,100000.0,100000.00000002925
63.150000000000006,298.28630863537876,298.27638688472666,298.0321295099502,298.2691032179627,298.1889176003746,100000.0,100000.00000002928
63.2,298.28589818546243,298.27600631102433,298.0324844395073,298.26874457671636,298.18880041271103,100000.0,100000.00000002928
63.25,298.2854889714862,298.27562688329874,298.0328383003027,298.26838701540373,298.18868357791683,100000.0,100000.00000002931
63.300000000000004,298.28508098972827,298.2752485980992,298.0331910955546,298.2680305307731,298.18856709492945,100000.0,100000.00000002931
63.35,298.2846742364783,298.2748714519853,298.0335428284717,298.26767511958224,298.18845096268956,100000.0,100000.00000002934
63.400000000000006,298.28426870803696,298.274495441527,298.03389350225297,298.26732077859884,298.1883351801411,100000.0,100000.00000002938
63.45,298.2838644007162,298.2741205633047,298.0342431200877,298.2669675046005,298.18821974623114,100000.0,100000.00000002937
63.5,298.28346131083885,298.27374681390893,298.0345916851556,298.26661529437393,298.18810465991004,100000.0,100000.00000002941
63.550000000000004,298.283059434739,298.27337418994074,298.0349392006268,298.26626414471633,298.187989920131,100000.0,100000.0000000294
63.6,298.28265876876173,298.2730026880111,298.035285669662,298.26591405243386,298.18787552585064,100000.0,100000.00000002942
63.650000000000006,298.28225930926317,298.27263230474136,298.03563109541216,298.26556501434266,298.18776147602875,100000.0,100000.00000002945
63.7,298.28186105261034,298.2722630367631,298.03597548101897,298.26521702726836,298.18764776962814,100000.0,100000.00000002945
63.75,298.2814639951811,298.2718948807178,298.03631882961446,298.26487008804617,298.18753440561466,100000.0,100000.00000002948
63.800000000000004,298.28106813336456,298.27152783325744,298.03666114432144,298.26452419352086,298.18742138295744,100000.0,100000.00000002951
63.85,298.2806734635604,298.27116189104373,298.0370024282531,298.2641793405465,298.18730870062865,100000.0,100000.00000002951
63.900000000000006,298.2802799821792,298.27079705074857,298.0373426845134,298.2638355259869,298.18719635760357,100000.0,100000.00000002957
63.95,298.2798876856425,298.27043330905383,298.0376819161969,298.26349274671514,298.1870843528605,100000.0,100000.0000000296
64.0,298.2794965703823,298.2700706626515,298.0380201263889,298.26315099961386,298.1869726853809,100000.0,100000.0000000296
64.05,298.2791066328418,298.26970910824343,298.0383573181653,298.26281028157496,298.18686135414924,100000.0,100000.00000002963
64.10000000000001,298.27871786947446,298.26934864254133,298.03869349459285,298.2624705894997,298.186750358153,100000.0,100000.00000002966
64.15,298.27833027674467,298.2689892622671,298.03902865872897,298.26213192029877,298.1866396963829,100000.0,100000.00000002966
64.2,298.2779438511275,298.26863096415207,298.03936281362184,298.26179427089204,298.1865293678325,100000.0,100000.0000000297
64.25,298.27755858910837,298.2682737449378,298.03969596231065,298.26145763820875,298.18641937149846,100000.0,100000.00000002972
64.3,298.2771744871835,298.2679176013755,298.0400281078253,298.26112201918744,298.1863097063805,100000.0,100000.00000002974
64.35000000000001,298.27679154185984,298.2675625302261,298.0403592531866,298.2607874107757,298.1862003714812,100000.0,100000.00000002974
64.4,298.27640974965436,298.2672085282604,298.04068940140615,298.2604538099304,298.1860913658064,100000.0,100000.00000002976
64.45,298.276029107095,298.266855592259,298.04101855548663,298.2601212136176,298.1859826883648,100000.0,100000.0000000298
64.5,298.2756496107198,298.2665037190119,298.0413467184217,298.2597896188124,298.1858743381679,100000.0,100000.0000000298
64.55,298.27527125707746,298.26615290531913,298.0416738931959,298.2594590224992,298.1857663142305,100000.0,100000.00000002983
64.60000000000001,298.27489404272694,298.26580314798997,298.04200008278474,298.2591294216712,298.1856586155701,100000.0,100000.00000002983
64.65,298.2745179642377,298.2654544438437,298.04232529015485,298.258800813331,298.18555124120746,100000.0,100000.00000002986
64.7,298.27414301818936,298.2651067897088,298.04264951826406,298.25847319448985,298.1854441901659,100000.0,100000.00000002989
64.75,298.27376920117194,298.26476018242363,298.04297277006094,298.2581465621683,298.18533746147193,100000.0,100000.00000002989
64.8,298.2733965097857,298.2644146188359,298.04329504848556,298.2578209133957,298.18523105415505,100000.0,100000.00000002992
64.85000000000001,298.27302494064116,298.2640700958028,298.043616356469,298.2574962452104,298.1851249672475,100000.0,100000.00000002996
64.9,298.27265449035906,298.26372661019104,298.04393669693326,298.25717255465975,298.1850191997844,100000.0,100000.00000002998
64.95,298.2722851555702,298.2633841588768,298.04425607279194,298.25684983879984,298.184913750804,100000.0,100000.00000003
65.0,298.2719169329158,298.2630427387455,298.0445744869496,298.2565280946957,298.1848086193474,100000.0,100000.00000003
65.05,298.27154981904675,298.2627023466922,298.0448919423023,298.25620731942115,298.18470380445837,100000.0,100000.00000003004
65.10000000000001,298.2711838106245,298.2623629796211,298.045208441737,298.255887510059,298.1845993051838,100000.0,100000.00000003006
65.15,298.2708189043203,298.26202463444577,298.04552398813235,298.25556866370056,298.1844951205732,100000.0,100000.00000003006
65.2,298.27045509681534,298.2616873080891,298.045838584358,298.2552507774462,298.18439124967927,100000.0,100000.0000000301
65.25,298.2700923848011,298.2613509974832,298.04615223327534,298.25493384840473,298.18428769155736,100000.0,100000.0000000301
65.3,298.2697307649787,298.26101569956955,298.0464649377368,298.2546178736939,298.1841844452656,100000.0,100000.00000003012
65.35000000000001,298.26937023405935,298.2606814112986,298.0467767005863,298.25430285044,298.1840815098651,100000.0,100000.00000003015
65.4,298.26901078876426,298.2603481296303,298.04708752465933,298.25398877577805,298.18397888441973,100000.0,100000.00000003015
65.45,298.26865242582437,298.26001585153347,298.0473974127828,298.2536756468516,298.1838765679962,100000.0,100000.00000003021
65.5,298.2682951419804,298.2596845739862,298.04770636777494,298.2533634608129,298.183774559664,100000.0,100000.00000003018
65.55,298.26793893398315,298.25935429397555,298.04801439244574,298.25305221482284,298.18367285849547,100000.0,100000.00000003022
65.60000000000001,298.2675837985929,298.25902500849793,298.04832148959645,298.2527419060506,298.18357146356567,100000.0,100000.00000003024
65.65,298.26722973257995,298.2586967145585,298.0486276620202,298.2524325316741,298.1834703739526,100000.0,100000.00000003027
65.7,298.2668767327241,298.25836940917156,298.0489329125014,298.2521240888798,298.1833695887368,100000.0,100000.00000003027
65.75,298.2665247958149,298.25804308936046,298.0492372438164,298.2518165748624,298.1832691070017,100000.0,100000.00000003031
65.8,298.2661739186518,298.25771775215736,298.0495406587328,298.2515099868252,298.1831689278336,100000.0,100000.00000003033
65.85000000000001,298.2658240980436,298.2573933946035,298.04984316001025,298.25120432197997,298.1830690503213,100000.0,100000.00000003033
65.9,298.2654753308087,298.257070013749,298.0501447503998,298.2508995775468,298.1829694735567,100000.0,100000.00000003036
65.95,298.26512761377546,298.25674760665277,298.0504454326443,298.25059575075414,298.182870196634,100000.0,100000.00000003038
66.0,298.2647809437813,298.25642617038267,298.0507452094786,298.25029283883885,298.1827712186505,100000.0,100000.00000003038
66.05,298.2644353176735,298.2561057020153,298.0510440836289,298.24999083904595,298.1826725387059,100000.0,100000.00000003041
66.10000000000001,298.2640907323086,298.2557861986362,298.0513420578134,298.24968974862895,298.18257415590296,100000.0,100000.00000003044
66.15,298.26374718455287,298.25546765733964,298.051639134742,298.2493895648496,298.1824760693468,100000.0,100000.00000003046
66.2,298.2634046712818,298.2551500752286,298.0519353171168,298.24909028497774,298.18237827814556,100000.0,100000.00000003046
66.25,298.2630631893803,298.2548334494147,298.05223060763115,298.2487919062916,298.18228078140976,100000.0,100000.00000003047
66.3,298.26272273574284,298.25451777701846,298.0525250089709,298.24849442607757,298.1821835782528,100000.0,100000.00000003053
66.35000000000001,298.2623833072731,298.25420305516883,298.05281852381347,298.24819784163014,298.1820866677906,100000.0,100000.00000003053
66.4,298.26204490088406,298.2538892810037,298.05311115482823,298.247902150252,298.181990049142,100000.0,100000.00000003053
66.45,298.2617075134981,298.2535764516693,298.05340290467666,298.247607349254,298.1818937214281,100000.0,100000.00000003057
66.5,298.2613711420467,298.2532645643206,298.0536937760121,298.247313435955,298.181797683773,100000.0,100000.00000003059
66.55,298.2610357834708,298.2529536161212,298.0539837714799,298.247020407682,298.1817019353033,100000.0,100000.00000003059
66.60000000000001,298.26070143472043,298.25264360424296,298.05427289371755,298.2467282617699,298.1816064751482,100000.0,100000.00000003062
66.65,298.26036809275473,298.2523345258666,298.0545611453545,298.24643699556196,298.18151130243956,100000.0,100000.00000003065
66.7,298.2600357545422,298.25202637818114,298.0548485290123,298.24614660640907,298.18141641631183,100000.0,100000.00000003068
66.75,298.2597044170602,298.25171915838405,298.0551350473046,298.24585709167036,298.18132181590215,100000.0,100000.0000000307
66.8,298.25937407729555,298.25141286368137,298.0554207028373,298.24556844871273,298.1812275003501,100000.0,100000.0000000307
66.85000000000001,298.25904473224375,298.2511074912873,298.0557054982082,298.2452806749111,298.181133468798,100000.0,100000.00000003072
66.9,298.25871637890964,298.2508030384248,298.05598943600756,298.24499376764834,298.1810397203907,100000.0,100000.00000003073
66.95,298.2583890143069,298.2504995023249,298.05627251881765,298.2447077243151,298.18094625427557,100000.0,100000.00000003076
67.0,298.2580626354584,298.250196880227,298.056554749213,298.2444225423099,298.1808530696026,100000.0,100000.00000003076
67.05,298.2577372393956,298.24989516937904,298.0568361297604,298.24413821903926,298.1807601655244,100000.0,100000.00000003079
67.10000000000001,298.2574128231594,298.24959436703693,298.057116663019,298.2438547519172,298.180667541196,100000.0,100000.00000003082
67.15,298.2570893837993,298.249294470465,298.05739635154004,298.2435721383658,298.1805751957751,100000.0,100000.00000003086
67.2,298.2567669183736,298.2489954769359,298.0576751978673,298.24329037581475,298.1804831284218,100000.0,100000.00000003088
67.25,298.25644542394986,298.24869738373025,298.0579532045368,298.24300946170155,298.1803913382989,100000.0,100000.00000003088
67.3,298.25612489760397,298.2484001881371,298.05823037407686,298.24272939347145,298.1802998245715,100000.0,100000.00000003091
67.35000000000001,298.25580533642096,298.2481038874537,298.05850670900827,298.2424501685773,298.18020858640745,100000.0,100000.00000003094
67.4,298.2554867374946,298.2478084789851,298.05878221184423,298.24217178447964,298.180117622977,100000.0,100000.00000003094
67.45,298.25516909792725,298.2475139600448,298.0590568850903,298.2418942386467,298.1800269334528,100000.0,100000.00000003097
67.5,298.2548524148302,298.2472203279542,298.05933073124464,298.24161752855434,298.17993651701016,100000.0,100000.000000031
67.55,298.2545366853233,298.2469275800429,298.05960375279767,298.24134165168596,298.1798463728267,100000.0,100000.00000003102
67.60000000000001,298.25422190653507,298.24663571364846,298.0598759522326,298.2410666055325,298.1797565000828,100000.0,100000.00000003105
67.65,298.25390807560274,298.24634472611643,298.0601473320248,298.2407923875927,298.179666897961,100000.0,100000.00000003108
67.7,298.2535951896722,298.2460546148004,298.0604178946425,298.24051899537255,298.1795775656464,100000.0,100000.00000003108
67.75,298.2532832458978,298.24576537706196,298.0606876425463,298.2402464263856,298.17948850232654,100000.0,100000.00000003113
67.8,298.25297224144254,298.2454770102706,298.06095657818963,298.23997467815315,298.1793997071916,100000.0,100000.00000003114
67.85000000000001,298.25266217347803,298.2451895118037,298.0612247040182,298.23970374820345,298.17931117943397,100000.0,100000.00000003113
67.9,298.25235303918424,298.24490287904655,298.0614920224706,298.23943363407284,298.17922291824846,100000.0,100000.00000003117
67.95,298.25204483574976,298.24461710939244,298.06175853597796,298.2391643333045,298.1791349228325,100000.0,100000.00000003117
68.0,298.25173756037157,298.2443322002423,298.06202424696414,298.23889584344926,298.1790471923857,100000.0,100000.00000003121
68.05,298.2514312102551,298.24404814900515,298.0622891578457,298.2386281620655,298.17895972611035,100000.0,100000.0000000312
68.10000000000001,298.2511257826143,298.2437649530975,298.062553271032,298.23836128671854,298.1788725232109,100000.0,100000.00000003123
68.15,298.25082127467135,298.24348260994384,298.062816588925,298.2380952149814,298.1787855828943,100000.0,100000.00000003127
68.2,298.2505176836569,298.2432011169764,298.06307911391946,298.23782994443417,298.17869890437,100000.0,100000.00000003129
68.25,298.25021500680987,298.2429204716351,298.06334084840296,298.2375654726644,298.17861248684943,100000.0,100000.00000003129
68.3,298.2499132413776,298.2426406713676,298.06360179475587,298.23730179726687,298.1785263295469,100000.0,100000.00000003132
68.35000000000001,298.2496123846156,298.2423617136292,298.0638619553514,298.23703891584347,298.1784404316789,100000.0,100000.00000003132
68.4,298.24931243378774,298.24208359588283,298.0641213325557,298.23677682600334,298.178354792464,100000.0,100000.00000003137
68.45,298.249013386166,298.2418063155993,298.0643799287277,298.236515525363,298.1782694111236,100000.0,100000.00000003137
68.5,298.24871523903073,298.24152987025667,298.0646377462192,298.236255011546,298.17818428688105,100000.0,100000.00000003139
68.55,298.24841798967043,298.24125425734087,298.064894787375,298.235995282183,298.1780994189623,100000.0,100000.00000003143
68.60000000000001,298.24812163538166,298.2409794743453,298.0651510545328,298.235736334912,298.1780148065954,100000.0,100000.00000003143
68.65,298.2478261734692,298.24070551877094,298.0654065500232,298.2354781673779,298.17793044901094,100000.0,100000.00000003146
68.7,298.247531601246,298.24043238812624,298.06566127616986,298.2352207772327,298.17784634544176,100000.0,100000.00000003148
68.75,298.24723791603304,298.24016007992714,298.0659152352896,298.23496416213567,298.17776249512286,100000.0,100000.00000003153
68.8,298.2469451151593,298.2398885916972,298.06616842969174,298.23470831975294,298.17767889729186,100000.0,100000.00000003155
68.85000000000001,298.2466531959619,298.23961792096736,298.0664208616793,298.2344532477577,298.17759555118823,100000.0,100000.00000003156
68.9,298.24636215578596,298.23934806527586,298.066672533548,298.2341989438302,298.1775124560543,100000.0,100000.00000003159
68.95,298.24607199198454,298.23907902216854,298.0669234475866,298.2339454056576,298.177429611134,100000.0,100000.0000000316
69.0,298.24578270191876,298.2388107891985,298.0671736060772,298.23369263093423,298.1773470156742,100000.0,100000.00000003164
69.05,298.2454942829577,298.2385433639264,298.06742301129475,298.23344061736105,298.1772646689236,100000.0,100000.00000003164
69.10000000000001,298.2452067324782,298.23827674392004,298.06767166550765,298.23318936264616,298.1771825701333,100000.0,100000.00000003166
69.15,298.2449200478651,298.23801092675455,298.0679195709772,298.2329388645045,298.17710071855674,100000.0,100000.00000003168
69.2,298.24463422651127,298.23774591001256,298.0681667299582,298.2326891206578,298.1770191134495,100000.0,100000.00000003172
69.25,298.24434926581705,298.23748169128373,298.0684131446983,298.2324401288349,298.1769377540693,100000.0,100000.00000003174
69.3,298.244065163191,298.2372182681652,298.0686588174386,298.2321918867712,298.1768566396764,100000.0,100000.00000003175
69.35000000000001,298.2437819160493,298.23695563826107,298.06890375041337,298.23194439220913,298.1767757695329,100000.0,100000.00000003178
69.4,298.2434995218158,298.23669379918306,298.0691479458503,298.2316976428977,298.17669514290355,100000.0,100000.00000003181
69.45,298.2432179779224,298.2364327485497,298.0693914059702,298.23145163659296,298.176614759055,100000.0,100000.00000003181
69.5,298.24293728180857,298.23617248398693,298.0696341329872,298.2312063710575,298.1765346172562,100000.0,100000.00000003184
69.55,298.2426574309213,298.2359130031276,298.0698761291089,298.23096184406074,298.17645471677827,100000.0,100000.00000003184
69.60000000000001,298.24237842271566,298.235654303612,298.07011739653603,298.23071805337884,298.1763750568945,100000.0,100000.00000003187
69.65,298.24210025465413,298.2353963830873,298.07035793746303,298.23047499679456,298.17629563688064,100000.0,100000.00000003188
69.7,298.2418229242068,298.2351392392077,298.0705977540774,298.2302326720975,298.1762164560143,100000.0,100000.0000000319
69.75,298.24154642885156,298.2348828696348,298.07083684856025,298.22999107708375,298.17613751357527,100000.0,100000.00000003196
69.8,298.24127076607374,298.23462727203685,298.0710752230859,298.2297502095561,298.1760588088457,100000.0,100000.00000003197
69.85000000000001,298.24099593336626,298.23437244408933,298.07131287982253,298.22951006732393,298.17598034110983,100000.0,100000.00000003196
69.9,298.24072192822973,298.23411838347477,298.0715498209314,298.2292706482033,298.175902109654,100000.0,100000.00000003201
69.95,298.2404487481721,298.2338650878825,298.07178604856733,298.2290319500168,298.1758241137667,100000.0,100000.00000003201
70.0,298.24017639070894,298.2336125550089,298.0720215648789,298.2287939705935,298.1757463527387,100000.0,100000.00000003206
70.05,298.23990485336327,298.2333607825574,298.0722563720079,298.22855670776914,298.17566882586266,100000.0,100000.00000003206
70.10000000000001,298.2396341336655,298.233109768238,298.07249047208995,298.2283201593858,298.17559153243366,100000.0,100000.0000000321
70.15,298.2393642291537,298.2328595097681,298.0727238672539,298.2280843232923,298.17551447174867,100000.0,100000.0000000321
70.2,298.23909513737306,298.2326100048715,298.07295655962264,298.22784919734374,298.17543764310693,100000.0,100000.00000003213
70.25,298.23882685587625,298.23236125127914,298.0731885513122,298.2276147794018,298.1753610458096,100000.0,100000.00000003216
70.3,298.23855938222357,298.23211324672866,298.07341984443264,298.22738106733453,298.17528467916014,100000.0,100000.00000003215
70.35000000000001,298.2382927139822,298.2318659889646,298.07365044108735,298.22714805901626,298.1752085424641,100000.0,100000.00000003217
70.4,298.23802684872715,298.2316194757382,298.0738803433736,298.2269157523281,298.17513263502894,100000.0,100000.00000003222
70.45,298.2377617840403,298.2313737048076,298.07410955338224,298.22668414515726,298.1750569561644,100000.0,100000.00000003222
70.5,298.237497517511,298.23112867393763,298.07433807319785,298.22645323539723,298.17498150518225,100000.0,100000.00000003223
70.55,298.2372340467359,298.2308843808996,298.0745659048987,298.2262230209481,298.1749062813961,100000.0,100000.00000003228
70.60000000000001,298.2369713693189,298.2306408234721,298.07479305055693,298.22599349971614,298.17483128412204,100000.0,100000.00000003228
70.65,298.236709482871,298.23039799943984,298.0750195122382,298.22576466961397,298.17475651267796,100000.0,100000.0000000323
70.7,298.23644838501036,298.2301559065945,298.0752452920023,298.2255365285604,298.1746819663838,100000.0,100000.0000000323
70.75,298.23618807336254,298.2299145427344,298.0754703919024,298.22530907448066,298.1746076445616,100000.0,100000.00000003233
70.8,298.23592854556,298.2296739056643,298.0756948139858,298.2250823053061,298.17453354653554,100000.0,100000.00000003236
70.85000000000001,298.2356697992425,298.2294339931958,298.0759185602936,298.22485621897437,298.1744596716316,100000.0,100000.00000003239
70.9,298.2354118320569,298.22919480314704,298.0761416328605,298.22463081342926,298.174386019178,100000.0,100000.00000003239
70.95,298.2351546416569,298.2289563333426,298.07636403371544,298.2244060866209,298.17431258850485,100000.0,100000.00000003242
71.0,298.23489822570366,298.22871858161363,298.076585764881,298.2241820365054,298.1742393789444,100000.0,100000.00000003245
71.05,298.23464258186516,298.22848154579805,298.0768068283737,298.2239586610451,298.1741663898309,100000.0,100000.00000003245
71.10000000000001,298.23438770781627,298.22824522374003,298.07702722620417,298.22373595820864,298.17409362050034,100000.0,100000.00000003248
71.15,298.23413360123914,298.2280096132902,298.0772469603767,298.2235139259704,298.1740210702911,100000.0,100000.00000003248
71.2,298.23388025982274,298.227774712306,298.0774660328898,298.22329256231126,298.1739487385433,100000.0,100000.00000003254
71.25,298.233627681263,298.2275405186509,298.0776844457357,298.223071865218,298.17387662459913,100000.0,100000.00000003254
71.3,298.2333758632629,298.22730703019516,298.07790220090095,298.22285183268343,298.17380472780275,100000.0,100000.00000003254
71.35000000000001,298.2331248035322,298.2270742448152,298.0781193003658,298.2226324627064,298.1737330475003,100000.0,100000.00000003257
71.4,298.2328744997876,298.22684216039397,298.0783357461048,298.22241375329185,298.17366158304,100000.0,100000.00000003258
71.45,298.2326249497527,298.22661077482076,298.07855154008644,298.22219570245073,298.17359033377164,100000.0,100000.0000000326
71.5,298.23237615115795,298.2263800859912,298.0787666842732,298.2219783082,298.1735192990474,100000.0,100000.00000003261
71.55,298.2321281017406,298.2261500918072,298.07898118062184,298.2217615685625,298.17344847822136,100000.0,100000.00000003263
71.60000000000001,298.2318807992448,298.22592079017716,298.07919503108303,298.22154548156703,298.17337787064923,100000.0,100000.00000003267
71.65,298.2316342414214,298.22569217901565,298.07940823760174,298.2213300452484,298.173307475689,100000.0,100000.00000003268
71.7,298.23138842602805,298.2254642562435,298.0796208021169,298.22111525764734,298.17323729270043,100000.0,100000.00000003271
71.75,298.2311433508292,298.22523701978787,298.0798327265618,298.22090111681047,298.17316732104524,100000.0,100000.00000003276
71.8,298.23089901359594,298.22501046758225,298.08004401286377,298.22068762079016,298.17309756008706,100000.0,100000.00000003277
71.85000000000001,298.2306554121061,298.22478459756604,298.0802546629444,298.22047476764476,298.17302800919146,100000.0,100000.00000003279
71.9,298.2304125441443,298.2245594076851,298.0804646787194,298.2202625554386,298.17295866772594,100000.0,100000.0000000328
71.95,298.2301704075017,298.2243348958915,298.08067406209886,298.2200509822415,298.17288953505977,100000.0,100000.0000000328
72.0,298.2299289999762,298.2241110601434,298.08088281498704,298.21984004612943,298.17282061056426,100000.0,100000.00000003284
72.05,298.2296883193722,298.223887898405,298.0810909392824,298.219629745184,298.17275189361266,100000.0,100000.00000003287
72.10000000000001,298.229448363501,298.2236654086468,298.08129843687783,298.21942007749254,298.1726833835799,100000.0,100000.00000003289
72.15,298.22920913018004,298.2234435888454,298.0815053096604,298.2192110411483,298.172615079843,100000.0,100000.00000003292
72.2,298.2289706172338,298.2232224369833,298.0817115595115,298.2190026342501,298.1725469817808,100000.0,100000.00000003295
72.25,298.22873282249304,298.22300195104924,298.081917188307,298.21879485490257,298.17247908877385,100000.0,100000.00000003295
72.3,298.22849574379507,298.22278212903814,298.0821221979169,298.21858770121605,298.17241140020485,100000.0,100000.00000003296
72.35000000000001,298.2282593789838,298.2225629689507,298.08232659020575,298.2183811713066,298.17234391545804,100000.0,100000.00000003299
72.4,298.22802372590957,298.2223444687937,298.0825303670324,298.21817526329585,298.17227663391975,100000.0,100000.00000003297
72.45,298.22778878242923,298.22212662658006,298.08273353025015,298.21796997531123,298.17220955497817,100000.0,100000.000000033
72.5,298.22755454640605,298.22190944032855,298.08293608170663,298.21776530548567,298.1721426780231,100000.0,100000.00000003303
72.55,298.2273210157097,298.22169290806397,298.08313802324403,298.21756125195776,298.17207600244643,100000.0,100000.00000003306
72.60000000000001,298.2270881882164,298.22147702781706,298.0833393566989,298.2173578128718,298.17200952764176,100000.0,100000.00000003309
72.65,298.22685606180863,298.2212617976244,298.0835400839023,298.2171549863776,298.1719432530045,100000.0,100000.00000003309
72.7,298.2266246343753,298.22104721552864,298.08374020667975,298.2169527706304,298.1718771779319,100000.0,100000.00000003312
72.75,298.2263939038117,298.2208332795782,298.0839397268512,298.2167511637913,298.1718113018231,100000.0,100000.00000003315
72.8,298.2261638680194,298.22061998782743,298.0841386462314,298.2165501640266,298.17174562407894,100000.0,100000.00000003312
72.85000000000001,298.2259345249063,298.22040733833654,298.0843369666294,298.21634976950844,298.17168014410214,100000.0,100000.00000003318
72.9,298.2257058723866,298.2201953291716,298.08453468984874,298.2161499784142,298.17161486129714,100000.0,100000.00000003318
72.95,298.22547790838087,298.2199839584043,298.08473181768767,298.21595078892693,298.1715497750703,100000.0,100000.00000003321
73.0,298.2252506308158,298.2197732241126,298.0849283519391,298.21575219923506,298.1714848848297,100000.0,100000.00000003322
73.05,298.2250240376245,298.21956312437976,298.0851242943902,298.2155542075325,298.171420189985,100000.0,100000.00000003327
73.10000000000001,298.2247981267461,298.219353657295,298.0853196468232,298.2153568120185,298.17135568994803,100000.0,100000.00000003327
73.15,298.224572896126,298.2191448209534,298.08551441101474,298.2151600108981,298.17129138413213,100000.0,100000.0000000333
73.2,298.224348343716,298.21893661345564,298.085708588736,298.2149638023812,298.1712272719525,100000.0,100000.00000003332
73.25,298.22412446747364,298.2187290329081,298.0859021817531,298.21476818468346,298.171163352826,100000.0,100000.00000003332
73.3,298.223901265363,298.218522077423,298.08609519182653,298.21457315602584,298.1710996261714,100000.0,100000.00000003335
73.35000000000001,298.22367873535416,298.21831574511805,298.0862876207118,298.21437871463456,298.171036091409,100000.0,100000.00000003338
73.4,298.2234568754232,298.2181100341169,298.08647947015885,298.2141848587414,298.1709727479612,100000.0,100000.00000003341
73.45,298.2232356835525,298.2179049425486,298.08667074191254,298.2139915865832,298.17090959525166,100000.0,100000.00000003341
73.5,298.2230151577304,298.21770046854795,298.0868614377124,298.2137988964022,298.17084663270623,100000.0,100000.00000003341
73.55,298.22279529595124,298.21749661025535,298.0870515592927,298.21360678644606,298.1707838597522,100000.0,100000.00000003347
73.60000000000001,298.2225760962155,298.2172933658168,298.08724110838267,298.2134152549676,298.17072127581866,100000.0,100000.00000003347
73.65,298.2223575565297,298.21709073338377,298.087430086706,298.21322430022485,298.17065888033653,100000.0,100000.0000000335
73.7,298.2221396749062,298.2168887111135,298.0876184959814,298.2130339204812,298.1705966727383,100000.0,100000.00000003351
73.75,298.22192244936355,298.2166872971686,298.0878063379224,298.21284411400524,298.17053465245823,100000.0,100000.00000003353
73.8,298.22170587792607,298.21648648971745,298.08799361423746,298.2126548790708,298.1704728189323,100000.0,100000.00000003356
73.85000000000001,298.22148995862426,298.2162862869337,298.08818032662964,298.2124662139567,298.17041117159806,100000.0,100000.00000003359
73.9,298.2212746894943,298.2160866869965,298.0883664767971,298.2122781169473,298.17034970989494,100000.0,100000.00000003359
73.95,298.22106006857854,298.2158876880907,298.0885520664327,298.21209058633184,298.170288433264,100000.0,100000.00000003361
74.0,298.220846093925,298.21568928840645,298.08873709722445,298.21190362040477,298.17022734114784,100000.0,100000.00000003366
74.05,298.2206327635877,298.2154914861393,298.08892157085506,298.2117172174658,298.170166432991,100000.0,100000.00000003369
74.10000000000001,298.2204200756264,298.2152942794904,298.08910548900224,298.21153137581956,298.17010570823936,100000.0,100000.00000003369
74.15,298.22020802810687,298.2150976666662,298.0892888533386,298.211346093776,298.17004516634086,100000.0,100000.00000003372
74.2,298.2199966191006,298.21490164587874,298.08947166553185,298.2111613696501,298.16998480674476,100000.0,100000.00000003372
74.25,298.21978584668494,298.2147062153451,298.0896539272445,298.2109772017617,298.16992462890227,100000.0,100000.00000003373
74.3,298.219575708943,298.2145113732879,298.0898356401343,298.210793588436,298.16986463226584,100000.0,100000.00000003376
74.35000000000001,298.21936620396366,298.21431711793525,298.0900168058538,298.21061052800303,298.1698048162901,100000.0,100000.00000003376
74.4,298.2191573298415,298.2141234475205,298.0901974260505,298.210428018798,298.1697451804309,100000.0,100000.00000003379
74.45,298.218949084677,298.2139303602822,298.09037750236723,298.210246059161,298.16968572414584,100000.0,100000.00000003382
74.5,298.2187414665761,298.2137378544643,298.0905570364416,298.21006464743726,298.1696264468943,100000.0,100000.00000003385
74.55,298.2185344736507,298.2135459283161,298.09073602990645,298.2098837819768,298.16956734813715,100000.0,100000.00000003388
74.60000000000001,298.2183281040184,298.2133545800921,298.0909144843897,298.2097034611349,298.1695084273369,100000.0,100000.00000003389
74.65,298.2181223558021,298.213163808052,298.0910924015143,298.2095236832714,298.1694496839576,100000.0,100000.0000000339
74.7,298.2179172271308,298.2129736104609,298.0912697828983,298.20934444675146,298.16939111746524,100000.0,100000.0000000339
74.75,298.2177127161388,298.21278398558894,298.0914466301549,298.20916574994493,298.169332727327,100000.0,100000.00000003395
74.8,298.21750882096626,298.2125949317117,298.0916229448925,298.2089875912266,298.1692745130119,100000.0,100000.00000003396
74.85000000000001,298.21730553975885,298.21240644710963,298.0917987287146,298.20880996897637,298.16921647399045,100000.0,100000.00000003398
74.9,298.21710287066765,298.2122185300686,298.0919739832199,298.2086328815786,298.16915860973484,100000.0,100000.00000003401
74.95,298.21690081184965,298.21203117887967,298.09214871000216,298.2084563274229,298.16910091971886,100000.0,100000.00000003402
75.0,298.21669936146714,298.2118443918389,298.09232291065064,298.20828030490344,298.16904340341785,100000.0,100000.00000003405
75.05,298.21649851768797,298.2116581672475,298.09249658674946,298.2081048124195,298.1689860603086,100000.0,100000.00000003407
75.10000000000001,298.2162982786856,298.21147250341187,298.09266973987826,298.20792984837504,298.1689288898698,100000.0,100000.00000003408
75.15,298.2160986426389,298.21128739864344,298.0928423716117,298.2077554111789,298.1688718915813,100000.0,100000.00000003411
75.2,298.21589960773235,298.21110285125883,298.0930144835198,298.2075814992444,298.16881506492496,100000.0,100000.00000003414
75.25,298.21570117215566,298.21091885957964,298.09318607716796,298.2074081109901,298.1687584093837,100000.0,100000.00000003414
75.3,298.21550333410426,298.21073542193244,298.09335715411663,298.20723524483896,298.1687019244425,100000.0,100000.00000003418
75.35000000000001,298.21530609177887,298.21055253664906,298.09352771592177,298.207062899219,298.16864560958754,100000.0,100000.00000003423
75.4,298.2151094433856,298.2103702020662,298.0936977641345,298.2068910725627,298.1685894643066,100000.0,100000.0000000342
75.45,298.21491338713605,298.21018841652557,298.09386730030144,298.2067197633074,298.16853348808917,100000.0,100000.00000003423
75.5,298.2147179212472,298.2100071783739,298.09403632596434,298.20654896989504,298.1684776804262,100000.0,100000.00000003426
75.55,298.2145230439413,298.209826485963,298.09420484266053,298.20637869077245,298.16842204081,100000.0,100000.00000003427
75.60000000000001,298.21432875344607,298.20964633764936,298.09437285192246,298.20620892439086,298.1683665687346,100000.0,100000.00000003428
75.65,298.2141350479945,298.2094667317948,298.09454035527824,298.20603966920646,298.16831126369556,100000.0,100000.00000003431
75.7,298.2139419258249,298.2092876667658,298.0947073542512,298.2058709236798,298.16825612518994,100000.0,100000.00000003431
75.75,298.2137493851809,298.20910914093383,298.09487385036016,298.2057026862764,298.16820115271616,100000.0,100000.00000003433
75.8,298.2135574243115,298.2089311526752,298.09503984511923,298.205534955466,298.16814634577435,100000.0,100000.00000003434
75.85000000000001,298.21336604147086,298.2087537003713,298.0952053400382,298.2053677297233,298.1680917038661,100000.0,100000.00000003439
75.9,298.21317523491837,298.2085767824083,298.0953703366221,298.2052010075274,298.16803722649433,100000.0,100000.00000003439
75.95,298.2129850029187,298.208400397177,298.09553483637154,298.205034787362,298.1679829131637,100000.0,100000.0000000344
76.0,298.21279534374185,298.20822454307347,298.0956988407826,298.2048690677155,298.1679287633802,100000.0,100000.00000003443
76.05,298.212606255663,298.2080492184982,298.0958623513467,298.2047038470807,298.16787477665144,100000.0,100000.00000003446
76.10000000000001,298.2124177369624,298.2078744218569,298.09602536955106,298.2045391239549,298.1678209524863,100000.0,100000.00000003449
76.15,298.2122297859255,298.2077001515597,298.0961878968782,298.20437489684,298.1677672903954,100000.0,100000.00000003449
76.2,298.21204240084296,298.20752640602177,298.09634993480626,298.2042111642426,298.1677137898907,100000.0,100000.00000003452
76.25,298.2118555800107,298.2073531836628,298.09651148480884,298.2040479246735,298.1676604504855,100000.0,100000.00000003455
76.3,298.2116693217296,298.2071804829077,298.0966725483553,298.20388517664816,298.16760727169486,100000.0,100000.00000003455
76.35000000000001,298.21148362430563,298.2070083021855,298.0968331269103,298.2037229186863,298.167554253035,100000.0,100000.00000003455
76.4,298.2112984860501,298.20683663993054,298.09699322193444,298.2035611493124,298.1675013940239,100000.0,100000.00000003458
76.45,298.2111139052792,298.20666549458144,298.0971528348835,298.2033998670553,298.16744869418073,100000.0,100000.0000000346
76.5,298.2109298803142,298.2064948645818,298.09731196720924,298.203239070448,298.1673961530262,100000.0,100000.00000003462
76.55,298.21074640948154,298.20632474837987,298.0974706203588,298.2030787580282,298.1673437700825,100000.0,100000.00000003463
76.60000000000001,298.21056349111257,298.2061551444284,298.09762879577517,298.20291892833797,298.1672915448732,100000.0,100000.00000003465
76.65,298.2103811235437,298.20598605118505,298.0977864948968,298.20275957992374,298.1672394769233,100000.0,100000.00000003466
76.7,298.21019930511636,298.2058174671118,298.097943719158,298.2026007113362,298.1671875657595,100000.0,100000.00000003468
76.75,298.2100180341771,298.2056493906755,298.0981004699886,298.2024423211306,298.1671358109094,100000.0,100000.00000003469
76.80000000000001,298.20983730907733,298.2054818203476,298.09825674881415,298.2022844078664,298.16708421190236,100000.0,100000.00000003472
76.85000000000001,298.20965712817326,298.20531475460416,298.098412557056,298.20212697010743,298.1670327682692,100000.0,100000.00000003475
76.9,298.2094774898264,298.2051481919258,298.09856789613116,298.2019700064219,298.16698147954213,100000.0,100000.00000003478
76.95,298.20929839240284,298.20498213079753,298.0987227674524,298.2018135153823,298.16693034525457,100000.0,100000.00000003481
77.0,298.20911983427396,298.20481656970924,298.0988771724281,298.2016574955653,298.16687936494145,100000.0,100000.00000003481
77.05000000000001,298.2089418138157,298.2046515071552,298.0990311124626,298.20150194555214,298.1668285381392,100000.0,100000.00000003484
77.10000000000001,298.20876432940906,298.2044869416342,298.09918458895595,298.201346863928,298.1667778643856,100000.0,100000.00000003484
77.15,298.20858737943996,298.20432287164954,298.09933760330387,298.2011922492826,298.1667273432197,100000.0,100000.0000000349
77.2,298.20841096229907,298.20415929570925,298.09949015689807,298.2010381002096,298.1666769741821,100000.0,100000.0000000349
77.25,298.2082350763819,298.2039962123255,298.0996422511259,298.2008844153073,298.1666267568147,100000.0,100000.00000003492
77.30000000000001,298.20805972008895,298.20383362001513,298.09979388737054,298.2007311931779,298.1665766906608,100000.0,100000.00000003491
77.35000000000001,298.2078848918253,298.20367151729954,298.09994506701116,298.20057843242785,298.1665267752651,100000.0,100000.00000003495
77.4,298.20771059000106,298.20350990270435,298.10009579142263,298.20042613166794,298.16647701017354,100000.0,100000.00000003495
77.45,298.20753681303097,298.2033487747598,298.10024606197567,298.200274289513,298.1664273949336,100000.0,100000.000000035
77.5,298.2073635593346,298.20318813200043,298.10039588003707,298.20012290458214,298.16637792909404,100000.0,100000.00000003501
77.55000000000001,298.2071908273363,298.2030279729654,298.10054524696926,298.1999719754985,298.16632861220495,100000.0,100000.00000003504
77.60000000000001,298.20701861546513,298.20286829619806,298.10069416413074,298.1998215008895,298.1662794438179,100000.0,100000.00000003504
77.65,298.20684692215497,298.2027091002461,298.10084263287575,298.19967147938667,298.1662304234857,100000.0,100000.00000003507
77.7,298.2066757458442,298.2025503836619,298.10099065455466,298.19952190962556,298.1661815507625,100000.0,100000.0000000351
77.75,298.20650508497613,298.20239214500185,298.1011382305136,298.19937279024583,298.16613282520376,100000.0,100000.0000000351
77.80000000000001,298.20633493799863,298.2022343828269,298.10128536209476,298.1992241198915,298.1660842463665,100000.0,100000.00000003514
77.85000000000001,298.2061653033643,298.20207709570224,298.1014320506362,298.1990758972103,298.1660358138088,100000.0,100000.00000003516
77.9,298.2059961795305,298.2019202821974,298.10157829747203,298.1989281208543,298.1659875270902,100000.0,100000.00000003516
77.95,298.20582756495884,298.2017639408863,298.10172410393227,298.1987807894795,298.1659393857716,100000.0,100000.00000003519
78.0,298.2056594581161,298.201608070347,298.101869471343,298.1986339017459,298.16589138941504,100000.0,100000.00000003522
78.05000000000001,298.20549185747325,298.2014526691619,298.1020144010263,298.19848745631776,298.16584353758424,100000.0,100000.00000003524
78.10000000000001,298.2053247615061,298.20129773591776,298.10215889430015,298.1983414518632,298.16579582984383,100000.0,100000.00000003526
78.15,298.20515816869505,298.2011432692055,298.1023029524787,298.1981958870543,298.16574826575993,100000.0,100000.00000003527
78.2,298.2049920775249,298.2009892676203,298.1024465768722,298.1980507605671,298.16570084490013,100000.0,100000.00000003527
78.25,298.20482648648516,298.2008357297616,298.10258976878674,298.19790607108206,298.16565356683293,100000.0,100000.00000003533
78.30000000000001,298.20466139406983,298.200682654233,298.1027325295246,298.1977618172829,298.16560643112854,100000.0,100000.00000003536
78.35000000000001,298.2044967987775,298.20053003964233,298.1028748603842,298.19761799785806,298.16555943735824,100000.0,100000.00000003538
78.4,298.2043326991112,298.2003778846017,298.1030167626599,298.1974746114993,298.1655125850946,100000.0,100000.00000003539
78.45,298.20416909357857,298.2002261877273,298.10315823764233,298.1973316569027,298.1654658739115,100000.0,100000.00000003542
78.5,298.2040059806916,298.20007494763945,298.1032992866181,298.1971891327681,298.1654193033841,100000.0,100000.00000003542
78.55000000000001,298.2038433589669,298.1999241629627,298.10343991086995,298.1970470377993,298.165372873089,100000.0,100000.00000003545
78.60000000000001,298.2036812269254,298.19977383232583,298.10358011167693,298.19690537070403,298.1653265826038,100000.0,100000.00000003548
78.65,298.20351958309277,298.1996239543615,298.103719890314,298.1967641301938,298.16528043150754,100000.0,100000.0000000355
78.7,298.2033584259988,298.1994745277067,298.10385924805234,298.19662331498427,298.16523441938057,100000.0,100000.0000000355
78.75,298.2031977541778,298.19932555100246,298.1039981861595,298.19648292379463,298.1651885458043,100000.0,100000.0000000355
78.80000000000001,298.2030375661685,298.1991770228939,298.10413670589895,298.19634295534814,298.16514281036166,100000.0,100000.00000003554
78.85000000000001,298.20287786051426,298.19902894203017,298.10427480853053,298.19620340837184,298.16509721263657,100000.0,100000.00000003555
78.9,298.2027186357624,298.19888130706454,298.1044124953102,298.19606428159653,298.1650517522145,100000.0,100000.00000003558
78.95,298.20255989046495,298.19873411665435,298.1045497674902,298.195925573757,298.16500642868186,100000.0,100000.00000003558
79.0,298.20240162317816,298.19858736946105,298.104686626319,298.19578728359176,298.1649612416266,100000.0,100000.00000003561
79.05000000000001,298.20224383246267,298.19844106414996,298.10482307304113,298.19564940984304,298.1649161906376,100000.0,100000.00000003562
79.10000000000001,298.2020865168834,298.1982951993904,298.1049591088976,298.19551195125706,298.1648712753052,100000.0,100000.00000003565
79.15,298.20192967500964,298.1981497738559,298.10509473512565,298.1953749065836,298.16482649522095,100000.0,100000.00000003565
79.2,298.20177330541503,298.1980047862239,298.10522995295867,298.1952382745763,298.16478184997754,100000.0,100000.0000000357
79.25,298.2016174066774,298.1978602351757,298.1053647636265,298.1951020539925,298.164737339169,100000.0,100000.0000000357
79.30000000000001,298.20146197737887,298.1977161193968,298.1054991683551,298.1949662435934,298.1646929623905,100000.0,100000.00000003572
79.35000000000001,298.20130701610594,298.1975724375763,298.1056331683668,298.1948308421439,298.1646487192384,100000.0,100000.00000003574
79.4,298.20115252144933,298.1974291884077,298.1057667648804,298.19469584841255,298.1646046093104,100000.0,100000.00000003574
79.45,298.2009984920039,298.19728637058813,298.10589995911084,298.19456126117154,298.16456063220534,100000.0,100000.00000003577
79.5,298.2008449263689,298.1971439828187,298.1060327522694,298.19442707919694,298.1645167875232,100000.0,100000.00000003577
79.55000000000001,298.2006918231476,298.19700202380443,298.10616514556386,298.19429330126843,298.1644730748653,100000.0,100000.0000000358
79.60000000000001,298.2005391809477,298.19686049225436,298.10629714019836,298.19415992616933,298.16442949383406,100000.0,100000.00000003583
79.65,298.20038699838096,298.1967193868812,298.10642873737316,298.19402695268667,298.1643860440331,100000.0,100000.00000003587
79.7,298.20023527406323,298.1965787064018,298.1065599382852,298.19389437961104,298.1643427250673,100000.0,100000.00000003586
79.75,298.20008400661476,298.1964384495366,298.1066907441277,298.19376220573685,298.16429953654267,100000.0,100000.00000003589
79.80000000000001,298.1999331946598,298.19629861501,298.1068211560902,298.1936304298619,298.1642564780665,100000.0,100000.0000000359
79.85000000000001,298.1997828368268,298.19615920155036,298.1069511753588,298.1934990507879,298.1642135492471,100000.0,100000.00000003591
79.9,298.1996329317483,298.1960202078897,298.107080803116,298.19336806731997,298.16417074969405,100000.0,100000.00000003596
79.95,298.19948347806087,298.195881632764,298.1072100405406,298.19323747826667,298.1641280790182,100000.0,100000.00000003597
80.0,298.1993344744055,298.19574347491294,298.10733888880816,298.1931072824406,298.16408553683135,100000.0,100000.00000003599
80.05000000000001,298.1991859194269,298.19560573308,298.10746734909037,298.19297747865767,298.1640431227467,100000.0,100000.00000003602
80.10000000000001,298.199037811774,298.19546840601254,298.1075954225555,298.19284806573717,298.1640008363784,100000.0,100000.00000003602
80.15,298.1988901501,298.19533149246155,298.10772311036834,298.19271904250223,298.16395867734207,100000.0,100000.00000003605
80.2,298.19874293306185,298.1951949911819,298.1078504136902,298.19259040777956,298.1639166452541,100000.0,100000.00000003606
80.25,298.1985961593207,298.19505890093217,298.10797733367883,298.19246216039915,298.16387473973236,100000.0,100000.00000003609
80.30000000000001,298.1984498275417,298.1949232204747,298.10810387148854,298.19233429919467,298.1638329603956,100000.0,100000.00000003612
80.35000000000001,298.1983039363939,298.1947879485755,298.10823002827016,298.1922068230033,298.16379130686397,100000.0,100000.00000003615
80.4,298.19815848455073,298.1946530840043,298.10835580517096,298.1920797306656,298.1637497787586,100000.0,100000.00000003615
80.45,298.19801347068926,298.1945186255346,298.10848120333486,298.19195302102594,298.1637083757018,100000.0,100000.00000003618
80.5,298.1978688934905,298.1943845719436,298.1086062239023,298.19182669293167,298.16366709731705,100000.0,100000.0000000362
80.55000000000001,298.1977247516398,298.194250922012,298.10873086801035,298.1917007452341,298.1636259432289,100000.0,100000.00000003622
80.60000000000001,298.19758104382606,298.1941176745244,298.1088551367925,298.19157517678775,298.1635849130631,100000.0,100000.00000003623
80.65,298.1974377687425,298.193984828269,298.108979031379,298.19144998645044,298.1635440064465,100000.0,100000.00000003626
80.7,298.197294925086,298.19385238203756,298.1091025528966,298.19132517308384,298.1635032230071,100000.0,100000.00000003625
80.75,298.19715251155736,298.19372033462554,298.1092257024686,298.1912007355528,298.163462562374,100000.0,100000.00000003628
80.80000000000001,298.1970105268615,298.1935886848321,298.1093484812152,298.19107667272544,298.1634220241773,100000.0,100000.00000003629
80.85000000000001,298.19686896970717,298.19345743145976,298.10947089025285,298.19095298347366,298.16338160804844,100000.0,100000.00000003634
80.9,298.19672783880685,298.19332657331506,298.10959293069476,298.19082966667247,298.16334131361975,100000.0,100000.00000003635
80.95,298.1965871328771,298.1931961092077,298.109714603651,298.1907067212003,298.1633011405248,100000.0,100000.00000003638
81.0,298.1964468506382,298.19306603795127,298.10983591022807,298.19058414593906,298.1632610883984,100000.0,100000.0000000364
81.05000000000001,298.1963069908144,298.1929363583628,298.1099568515292,298.1904619397741,298.16322115687603,100000.0,100000.00000003641
81.10000000000001,298.1961675521337,298.1928070692629,298.1100774286542,298.1903401015938,298.16318134559464,100000.0,100000.00000003642
81.15,298.19602853332793,298.1926781694757,298.11019764269986,298.1902186302902,298.1631416541922,100000.0,100000.00000003645
81.2,298.1958899331328,298.1925496578291,298.11031749475944,298.19009752475847,298.1631020823077,100000.0,100000.00000003647
81.25,298.19575175028774,298.192421533154,298.1104369859228,298.1899767838974,298.1630626295813,100000.0,100000.00000003647
81.30000000000001,298.1956139835362,298.19229379428543,298.1105561172768,298.1898564066088,298.1630232956541,100000.0,100000.00000003651
81.35000000000001,298.19547663162507,298.1921664400616,298.11067488990483,298.1897363917978,298.1629840801684,100000.0,100000.00000003655
81.4,298.1953396933053,298.19203946932424,298.1107933048871,298.189616738373,298.16294498276767,100000.0,100000.00000003654
81.45,298.19520316733144,298.1919128809186,298.11091136330054,298.1894974452462,298.16290600309617,100000.0,100000.00000003658
81.5,298.1950670524618,298.19178667369346,298.11102906621886,298.1893785113325,298.16286714079945,100000.0,100000.00000003658
81.55000000000001,298.1949313474586,298.19166084650095,298.1111464147125,298.1892599355501,298.16282839552406,100000.0,100000.00000003663
81.60000000000001,298.19479605108756,298.1915353981968,298.1112634098487,298.1891417168208,298.16278976691774,100000.0,100000.00000003666
81.65,298.1946611621182,298.19141032764,298.1113800526915,298.1890238540694,298.16275125462903,100000.0,100000.00000003664
81.7,298.1945266793238,298.19128563369316,298.11149634430166,298.1889063462239,298.16271285830777,100000.0,100000.00000003669
81.75,298.19439260148135,298.1911613152223,298.1116122857369,298.1887891922157,298.1626745776048,100000.0,100000.0000000367
81.80000000000001,298.1942589273714,298.1910373710966,298.1117278780515,298.18867239097926,298.16263641217176,100000.0,100000.00000003673
81.85000000000001,298.1941256557782,298.1909138001891,298.11184312229693,298.1885559414524,298.16259836166176,100000.0,100000.00000003673
81.9,298.19399278548974,298.1907906013758,298.11195801952124,298.188439842576,298.1625604257287,100000.0,100000.00000003677
81.95,298.1938603152977,298.19066777353623,298.1120725707692,298.18832409329417,298.1625226040276,100000.0,100000.00000003679
82.0,298.19372824399716,298.19054531555344,298.1121867770828,298.18820869255427,298.1624848962143,100000.0,100000.00000003682
82.05000000000001,298.1935965703872,298.19042322631367,298.11230063950063,298.18809363930677,298.16244730194614,100000.0,100000.00000003682
82.10000000000001,298.19346529327004,298.19030150470655,298.1124141590583,298.1879789325053,298.162409820881,100000.0,100000.00000003686
82.15,298.19333441145193,298.19018014962506,298.11252733678805,298.1878645711067,298.16237245267814,100000.0,100000.00000003687
82.2,298.19320392374254,298.1900591599656,298.1126401737193,298.18775055407076,298.1623351969976,100000.0,100000.0000000369
82.25,298.1930738289551,298.1899385346278,298.1127526708782,298.1876368803606,298.16229805350065,100000.0,100000.00000003692
82.30000000000001,298.1929441259065,298.1898182725145,298.11286482928796,298.1875235489425,298.1622610218494,100000.0,100000.00000003693
82.35000000000001,298.19281481341716,298.1896983725321,298.1129766499686,298.1874105587857,298.1622241017072,100000.0,100000.00000003695
82.4,298.1926858903109,298.1895788335902,298.11308813393697,298.1872979088626,298.1621872927381,100000.0,100000.00000003696
82.45,298.1925573554154,298.1894596546015,298.1131992822071,298.18718559814863,298.1621505946074,100000.0,100000.00000003699
82.5,298.19242920756153,298.18934083448215,298.11331009578976,298.1870736256225,298.1621140069814,100000.0,100000.00000003702
82.55000000000001,298.1923014455839,298.1892223721516,298.11342057569277,298.18696199026573,298.1620775295273,100000.0,100000.00000003702
82.60000000000001,298.1921740683206,298.1891042665324,298.11353072292087,298.1868506910631,298.16204116191346,100000.0,100000.00000003706
82.65,298.19204707461313,298.18898651655053,298.1136405384759,298.1867397270024,298.16200490380896,100000.0,100000.00000003708
82.7,298.19192046330664,298.188869121135,298.1137500233565,298.1866290970745,298.1619687548842,100000.0,100000.00000003711
82.75,298.19179423324954,298.1887520792182,298.1138591785584,298.18651880027323,298.1619327148103,100000.0,100000.00000003712
82.80000000000001,298.19166838329386,298.1886353897356,298.1139680050744,298.1864088355954,298.1618967832595,100000.0,100000.00000003714
82.85000000000001,298.19154291229495,298.18851905162614,298.1140765038941,298.18629920204097,298.1618609599051,100000.0,100000.00000003715
82.9,298.1914178191119,298.18840306383163,298.11418467600447,298.18618989861295,298.16182524442127,100000.0,100000.00000003717
82.95,298.1912931026069,298.1882874252972,298.114292522389,298.1860809243173,298.1617896364832,100000.0,100000.00000003718
83.0,298.1911687616457,298.18817213497124,298.1144000440287,298.1859722781628,298.161754135767,100000.0,100000.00000003721
83.05000000000001,298.1910447950976,298.18805719180517,298.1145072419014,298.18586395916134,298.1617187419498,100000.0,100000.00000003722
83.10000000000001,298.19092120183495,298.1879425947537,298.114614116982,298.185755966328,298.1616834547098,100000.0,100000.00000003725
83.15,298.190797980734,298.18782834277454,298.1147206702425,298.18564829868046,298.161648273726,100000.0,100000.00000003725
83.2,298.19067513067387,298.1877144348286,298.114826902652,298.18554095523956,298.1616131986785,100000.0,100000.00000003728
83.25,298.19055265053737,298.18760086988004,298.11493281517653,298.18543393502904,298.1615782292482,100000.0,100000.00000003728
83.30000000000001,298.19043053921064,298.18748764689593,298.1150384087794,298.1853272370757,298.1615433651172,100000.0,100000.00000003731
83.35000000000001,298.19030879558306,298.1873747648466,298.11514368442096,298.18522086040906,298.1615086059684,100000.0,100000.00000003734
83.4,298.19018741854745,298.18726222270544,298.1152486430586,298.1851148040617,298.16147395148556,100000.0,100000.00000003735
83.45,298.1900664069999,298.18715001944895,298.11535328564685,298.18500906706913,298.1614394013536,100000.0,100000.00000003737
83.5,298.18994575983993,298.1870381540566,298.11545761313755,298.18490364846963,298.16140495525843,100000.0,100000.0000000374
83.55000000000001,298.1898254759702,298.1869266255111,298.1155616264793,298.1847985473045,298.1613706128865,100000.0,100000.0000000374
83.60000000000001,298.189705554297,298.18681543279814,298.11566532661817,298.1846937626179,298.1613363739257,100000.0,100000.00000003743
83.65,298.1895859937294,298.18670457490646,298.1157687144973,298.18458929345684,298.16130223806454,100000.0,100000.00000003744
83.7,298.18946679318026,298.18659405082775,298.11587179105686,298.1844851388712,298.16126820499255,100000.0,100000.00000003749
83.75,298.1893479515653,298.18648385955703,298.1159745572344,298.1843812979138,298.1612342744004,100000.0,100000.00000003749
83.80000000000001,298.18922946780395,298.186374000092,298.11607701396446,298.1842777696402,298.16120044597926,100000.0,100000.00000003753
83.85000000000001,298.1891113408185,298.1862644714335,298.11617916217887,298.1841745531088,298.1611667194216,100000.0,100000.00000003754
83.9,298.18899356953466,298.1861552725856,298.1162810028066,298.18407164738096,298.1611330944206,100000.0,100000.00000003754
83.95,298.1888761528813,298.18604640255506,298.1163825367739,298.1839690515208,298.1610995706706,100000.0,100000.00000003756
84.0,298.1887590897906,298.18593786035177,298.11648376500415,298.1838667645952,298.1610661478666,100000.0,100000.0000000376
84.05000000000001,298.188642379198,298.1858296449886,298.116584688418,298.18376478567404,298.1610328257047,100000.0,100000.0000000376
84.10000000000001,298.18852602004193,298.1857217554813,298.11668530793327,298.18366311382965,298.1609996038818,100000.0,100000.00000003762
84.15,298.18841001126424,298.1856141908488,298.1167856244651,298.18356174813755,298.16096648209583,100000.0,100000.00000003762
84.2,298.1882943518099,298.18550695011265,298.11688563892574,298.18346068767573,298.1609334600455,100000.0,100000.00000003765
84.25,298.1881790406269,298.18540003229776,298.1169853522249,298.18335993152516,298.16090053743045,100000.0,100000.00000003767
84.30000000000001,298.18806407666665,298.1852934364316,298.11708476526934,298.1832594787695,298.16086771395135,100000.0,100000.00000003769
84.35000000000001,298.18794945888357,298.18518716154483,298.1171838789632,298.18315932849515,298.1608349893096,100000.0,100000.00000003772
84.4,298.18783518623525,298.1850812066708,298.1172826942079,298.1830594797913,298.16080236320767,100000.0,100000.00000003773
84.45,298.1877212576825,298.18497557084595,298.11738121190217,298.18295993174985,298.1607698353488,100000.0,100000.00000003776
84.5,298.187607672189,298.1848702531096,298.1174794329419,298.1828606834655,298.16073740543715,100000.0,100000.00000003779
84.55000000000001,298.18749442872195,298.1847652525039,298.1175773582204,298.1827617340356,298.1607050731778,100000.0,100000.00000003779
84.60000000000001,298.18738152625133,298.1846605680739,298.1176749886282,298.18266308256017,298.16067283827675,100000.0,100000.00000003782
84.65,298.1872689637504,298.18455619886754,298.11777232505335,298.1825647281421,298.16064070044075,100000.0,100000.00000003783
84.7,298.1871567401954,298.1844521439357,298.117869368381,298.1824666698869,298.16060865937754,100000.0,100000.00000003786
84.75,298.18704485456567,298.1843484023319,298.1179661194937,298.1823689069027,298.1605767147957,100000.0,100000.00000003786
84.80000000000001,298.1869333058437,298.18424497311287,298.1180625792714,298.18227143830046,298.1605448664048,100000.0,100000.0000000379
84.85000000000001,298.18682209301505,298.1841418553377,298.1181587485914,298.18217426319376,298.16051311391504,100000.0,100000.0000000379
84.9,298.1867112150682,298.1840390480687,298.1182546283282,298.18207738069873,298.16048145703786,100000.0,100000.00000003792
84.95,298.18660067099484,298.18393655037096,298.11835021935383,298.18198078993436,298.16044989548516,100000.0,100000.00000003792
85.0,298.1864904597895,298.1838343613122,298.1184455225378,298.1818844900222,298.16041842897,100000.0,100000.00000003797
85.05000000000001,298.18638058044996,298.18373247996306,298.11854053874663,298.18178848008637,298.1603870572061,100000.0,100000.00000003798
85.10000000000001,298.1862710319769,298.183630905397,298.1186352688446,298.1816927592536,298.1603557799083,100000.0,100000.00000003801
85.15,298.18616181337404,298.1835296366903,298.11872971369326,298.1815973266537,298.16032459679207,100000.0,100000.00000003804
85.2,298.186052923648,298.1834286729218,298.1188238741514,298.1815021814184,298.1602935075737,100000.0,100000.00000003807
85.25,298.1859443618085,298.1833280131734,298.11891775107546,298.18140732268256,298.16026251197064,100000.0,100000.00000003808
85.30000000000001,298.18583612686825,298.18322765652965,298.1190113453192,298.1813127495834,298.160231609701,100000.0,100000.0000000381
85.35000000000001,298.1857282178429,298.1831276020778,298.1191046577338,298.1812184612608,298.16020080048355,100000.0,100000.00000003811
85.4,298.185620633751,298.18302784890784,298.11919768916806,298.18112445685745,298.1601700840382,100000.0,100000.00000003814
85.45,298.1855133736142,298.18292839611274,298.1192904404678,298.18103073551816,298.16013946008565,100000.0,100000.00000003816
85.5,298.1854064364569,298.1828292427878,298.1193829124768,298.1809372963907,298.16010892834726,100000.0,100000.00000003818
85.55000000000001,298.18529982130667,298.18273038803136,298.1194751060359,298.18084413862533,298.1600784885454,100000.0,100000.00000003818
85.60000000000001,298.18519352719386,298.18263183094444,298.1195670219836,298.1807512613747,298.1600481404034,100000.0,100000.00000003821
85.65,298.1850875531517,298.18253357063065,298.11965866115577,298.18065866379425,298.1600178836449,100000.0,100000.00000003821
85.7,298.1849818982165,298.18243560619624,298.119750024386,298.1805663450417,298.15998771799514,100000.0,100000.00000003826
85.75,298.18487656142725,298.18233793675046,298.119841112505,298.18047430427754,298.15995764317944,100000.0,100000.00000003827
85.80000000000001,298.1847715418261,298.1822405614049,298.11993192634134,298.18038254066465,298.1599276589245,100000.0,100000.00000003829
85.85000000000001,298.1846668384578,298.1821434792741,298.1200224667209,298.1802910533686,298.1598977649575,100000.0,100000.00000003833
85.9,298.1845624503702,298.182046689475,298.12011273446706,298.18019984155717,298.1598679610066,100000.0,100000.00000003833
85.95,298.184458376614,298.1819501911274,298.1202027304008,298.1801089044009,298.1598382468008,100000.0,100000.00000003833
86.0,298.18435461624244,298.1818539833537,298.12029245534063,298.1800182410729,298.1598086220698,100000.0,100000.00000003837
86.05000000000001,298.18425116831213,298.1817580652789,298.1203819101025,298.1799278507484,298.15977908654423,100000.0,100000.00000003837
86.10000000000001,298.18414803188216,298.1816624360307,298.12047109549997,298.1798377326054,298.1597496399554,100000.0,100000.00000003842
86.15,298.1840452060145,298.18156709473936,298.1205600123442,298.1797478858244,298.15972028203555,100000.0,100000.00000003842
86.2,298.183942689774,298.1814720405378,298.12064866144374,298.1796583095882,298.15969101251767,100000.0,100000.00000003845
86.25,298.18384048222845,298.1813772725615,298.1207370436049,298.1795690030821,298.1596618311356,100000.0,100000.00000003846
86.30000000000001,298.1837385824481,298.18128278994874,298.1208251596315,298.17947996549407,298.1596327376239,100000.0,100000.00000003849
86.35000000000001,298.18363698950634,298.18118859184005,298.1209130103249,298.17939119601414,298.159603731718,100000.0,100000.0000000385
86.4,298.1835357024793,298.18109467737884,298.121000596484,298.17930269383515,298.15957481315405,100000.0,100000.00000003853
86.45,298.1834347204456,298.18100104571096,298.12108791890546,298.1792144581521,298.15954598166917,100000.0,100000.00000003858
86.5,298.18333404248705,298.18090769598484,298.12117497838335,298.17912648816264,298.159517237001,100000.0,100000.00000003856
86.55000000000001,298.1832336676879,298.1808146273516,298.1212617757095,298.1790387830666,298.1594885788883,100000.0,100000.00000003862
86.60000000000001,298.18313359513536,298.1807218389647,298.1213483116734,298.1789513420664,298.15946000707027,100000.0,100000.00000003865
86.65,298.18303382391923,298.1806293299804,298.1214345870618,298.17886416436676,298.1594315212871,100000.0,100000.00000003862
86.7,298.1829343531323,298.1805370995572,298.12152060265953,298.1787772491748,298.15940312127975,100000.0,100000.00000003866
86.75,298.1828351818697,298.1804451468565,298.12160635924886,298.17869059570023,298.15937480678997,100000.0,100000.00000003868
86.80000000000001,298.18273630922965,298.1803534710419,298.12169185760956,298.1786042031548,298.1593465775602,100000.0,100000.0000000387
86.85000000000001,298.1826377343129,298.18026207127957,298.12177709851943,298.17851807075283,298.15931843333374,100000.0,100000.00000003872
86.9,298.1825394562229,298.1801709467385,298.1218620827535,298.1784321977111,298.15929037385456,100000.0,100000.00000003874
86.95,298.182441474066,298.1800800965898,298.1219468110848,298.1783465832485,298.15926239886755,100000.0,100000.00000003874
87.0,298.18234378695104,298.1799895200072,298.1220312842838,298.17826122658647,298.15923450811823,100000.0,100000.0000000388
87.05000000000001,298.18224639398943,298.179899216167,298.12211550311883,298.1781761269487,298.15920670135296,100000.0,100000.0000000388
87.10000000000001,298.18214929429564,298.1798091842479,298.1221994683558,298.1780912835613,298.15917897831895,100000.0,100000.00000003882
87.15,298.1820524869865,298.1797194234311,298.12228318075836,298.1780066956525,298.1591513387639,100000.0,100000.00000003882
87.2,298.18195597118154,298.1796299329003,298.12236664108775,298.17792236245316,298.15912378243655,100000.0,100000.00000003885
87.25,298.18185974600306,298.1795407118416,298.12244985010307,298.1778382831963,298.15909630908624,100000.0,100000.00000003888
87.30000000000001,298.1817638105759,298.17945175944345,298.1225328085611,298.1777544571172,298.15906891846316,100000.0,100000.00000003891
87.35000000000001,298.18166816402754,298.1793630748971,298.12261551721633,298.1776708834535,298.1590416103182,100000.0,100000.00000003891
87.4,298.18157280548814,298.1792746573958,298.12269797682086,298.1775875614451,298.15901438440284,100000.0,100000.00000003894
87.45,298.18147773409055,298.1791865061356,298.1227801881247,298.1775044903343,298.1589872404697,100000.0,100000.00000003894
87.5,298.18138294896994,298.17909862031456,298.12286215187555,298.1774216693655,298.15896017827185,100000.0,100000.00000003897
87.55000000000001,298.18128844926446,298.17901099913365,298.1229438688187,298.17733909778553,298.1589331975631,100000.0,100000.000000039
87.60000000000001,298.1811942341145,298.1789236417958,298.1230253396975,298.1772567748435,298.15890629809815,100000.0,100000.000000039
87.65,298.1811003026634,298.17883654750665,298.12310656525284,298.17717469979067,298.1588794796323,100000.0,100000.00000003903
87.7,298.1810066540568,298.17874971547405,298.1231875462234,298.1770928718806,298.1588527419217,100000.0,100000.00000003904
87.75,298.180913287443,298.1786631449084,298.1232682833456,298.177011290369,298.15882608472316,100000.0,100000.00000003906
87.80000000000001,298.1808202019728,298.1785768350223,298.12334877735395,298.1769299545141,298.15879950779424,100000.0,100000.00000003909
87.85000000000001,298.18072739679974,298.1784907850307,298.12342902898024,298.1768488635761,298.1587730108931,100000.0,100000.0000000391
87.9,298.18063487107975,298.17840499415115,298.12350903895447,298.1767680168174,298.1587465937791,100000.0,100000.00000003913
87.95,298.1805426239714,298.1783194616034,298.12358880800434,298.1766874135029,298.15872025621167,100000.0,100000.00000003914
88.0,298.1804506546356,298.17823418660953,298.1236683368552,298.1766070528995,298.1586939979514,100000.0,100000.00000003917
88.05000000000001,298.1803589622361,298.178149168394,298.1237476262304,298.17652693427624,298.1586678187595,100000.0,100000.00000003919
88.10000000000001,298.1802675459388,298.1780644061836,298.12382667685097,298.1764470569047,298.15864171839786,100000.0,100000.0000000392
88.15,298.1801764049126,298.17797989920746,298.1239054894359,298.1763674200582,298.1586156966291,100000.0,100000.00000003923
88.2,298.1800855383282,298.17789564669704,298.12398406470203,298.1762880230126,298.1585897532165,100000.0,100000.00000003925
88.25,298.17999494535957,298.1778116478861,298.12406240336384,298.17620886504585,298.15856388792423,100000.0,100000.00000003926
88.30000000000001,298.17990462518264,298.1777279020107,298.12414050613387,298.17612994543794,298.15853810051703,100000.0,100000.00000003929
88.35000000000001,298.17981457697607,298.17764440830916,298.12421837372233,298.17605126347115,298.1585123907604,100000.0,100000.0000000393
88.4,298.1797247999208,298.1775611660222,298.12429600683754,298.1759728184299,298.1584867584204,100000.0,100000.00000003935
88.45,298.1796352932004,298.1774781743927,298.12437340618555,298.1758946096008,298.158461203264,100000.0,100000.00000003935
88.5,298.17954605600085,298.177395432666,298.1244505724701,298.1758166362726,298.1584357250587,100000.0,100000.00000003936
88.55000000000001,298.1794570875105,298.17731294008945,298.12452750639306,298.1757388977361,298.158410323573,100000.0,100000.00000003938
88.60000000000001,298.1793683869204,298.17723069591295,298.1246042086542,298.1756613932843,298.1583849985756,100000.0,100000.00000003938
88.65,298.17927995342365,298.17714869938845,298.124680679951,298.17558412221234,298.15835974983645,100000.0,100000.0000000394
88.7,298.17919178621605,298.1770669497703,298.12475692097894,298.1755070838175,298.15833457712574,100000.0,100000.0000000394
88.75,298.1791038844958,298.17698544631486,298.12483293243145,298.1754302773991,298.1583094802146,100000.0,100000.00000003946
88.80000000000001,298.1790162474635,298.176904188281,298.12490871499983,298.17535370225863,298.15828445887473,100000.0,100000.00000003946
88.85000000000001,298.178928874322,298.1768231749297,298.1249842693732,298.1752773576997,298.15825951287866,100000.0,100000.00000003948
88.9,298.1788417642768,298.17674240552424,298.1250595962388,298.175201243028,298.1582346419994,100000.0,100000.0000000395
88.95,298.1787549165356,298.1766618793299,298.12513469628163,298.1751253575513,298.15820984601095,100000.0,100000.00000003952
89.0,298.1786683303086,298.1765815956145,298.1252095701848,298.17504970057934,298.1581851246876,100000.0,100000.00000003954
89.05000000000001,298.1785820048083,298.17650155364777,298.1252842186291,298.17497427142416,298.15816047780464,100000.0,100000.00000003957
89.10000000000001,298.17849593924956,298.1764217527018,298.1253586422935,298.1748990693998,298.15813590513784,100000.0,100000.0000000396
89.15,298.1784101328497,298.1763421920508,298.1254328418549,298.1748240938222,298.1581114064638,100000.0,100000.00000003961
89.2,298.1783245848284,298.1762628709713,298.125506817988,298.17474934400957,298.1580869815596,100000.0,100000.00000003964
89.25,298.1782392944076,298.1761837887418,298.12558057136573,298.1746748192821,298.15806263020323,100000.0,100000.00000003964
89.30000000000001,298.17815426081154,298.17610494464316,298.12565410265876,298.174600518962,298.15803835217326,100000.0,100000.0000000397
89.35000000000001,298.17806948326694,298.1760263379583,298.1257274125358,298.1745264423734,298.15801414724865,100000.0,100000.0000000397
89.4,298.1779849610028,298.17594796797226,298.1258005016636,298.1744525888429,298.1579900152095,100000.0,100000.00000003973
89.45,298.1779006932504,298.17586983397234,298.1258733707069,298.1743789576986,298.1579659558363,100000.0,100000.00000003976
89.5,298.1778166792434,298.175791935248,298.12594602032846,298.1743055482709,298.15794196891017,100000.0,100000.00000003976
89.55000000000001,298.17773291821766,298.17571427109067,298.1260184511889,298.1742323598922,298.157918054213,100000.0,100000.0000000398
89.60000000000001,298.1776494094114,298.17563684079414,298.1260906639469,298.1741593918969,298.1578942115272,100000.0,100000.0000000398
89.65,298.17756615206525,298.1755596436542,298.1261626592594,298.17408664362137,298.1578704406361,100000.0,100000.00000003984
89.7,298.1774831454219,298.17548267896865,298.126234437781,298.174014114404,298.1578467413234,100000.0,100000.00000003984
89.75,298.1774003887265,298.1754059460377,298.1263060001646,298.1739418035851,298.15782311337364,100000.0,100000.00000003984
89.80000000000001,298.1773178812264,298.17532944416337,298.126377347061,298.1738697105071,298.15779955657183,100000.0,100000.00000003989
89.85000000000001,298.1772356221712,298.17525317264995,298.126448479119,298.1737978345144,298.15777607070385,100000.0,100000.00000003992
89.9,298.17715361081287,298.1751771308037,298.1265193969856,298.1737261749531,298.15775265555595,100000.0,100000.00000003996
89.95,298.1770718464055,298.17510131793324,298.12659010130574,298.1736547311718,298.15772931091533,100000.0,100000.00000003996
90.0,298.1769903282054,298.17502573334895,298.1266605927225,298.17358350252044,298.1577060365696,100000.0,100000.00000003997
90.05000000000001,298.17690905547136,298.1749503763634,298.1267308718769,298.17351248835143,298.1576828323071,100000.0,100000.00000003999
90.10000000000001,298.17682802746407,298.1748752462913,298.1268009394081,298.17344168801884,298.15765969791687,100000.0,100000.00000004005
90.15,298.1767472434467,298.17480034244943,298.1268707959533,298.1733711008788,298.1576366331884,100000.0,100000.00000004003
90.2,298.17666670268454,298.1747256641564,298.126940442148,298.1733007262893,298.157613637912,100000.0,100000.00000004008
90.25,298.1765864044451,298.17465121073326,298.12700987862536,298.17323056361045,298.1575907118785,100000.0,100000.00000004009
90.30000000000001,298.17650634799816,298.1745769815027,298.12707910601705,298.17316061220396,298.15756785487946,100000.0,100000.0000000401
90.35000000000001,298.17642653261555,298.1745029757897,298.12714812495267,298.17309087143377,298.15754506670686,100000.0,100000.00000004013
90.4,298.17634695757135,298.17442919292125,298.12721693605977,298.17302134066557,298.15752234715364,100000.0,100000.00000004016
90.45,298.176267622142,298.17435563222625,298.12728553996425,298.17295201926703,298.157499696013,100000.0,100000.00000004018
90.5,298.17618852560594,298.17428229303584,298.12735393729,298.1728829066077,298.1574771130791,100000.0,100000.00000004019
90.55000000000001,298.17610966724374,298.1742091746828,298.1274221286592,298.172814002059,298.15745459814644,100000.0,100000.00000004019
90.60000000000001,298.1760310463382,298.17413627650234,298.1274901146918,298.17274530499435,298.15743215101025,100000.0,100000.00000004024
90.65,298.1759526621744,298.17406359783143,298.1275578960063,298.1726768147889,298.15740977146646,100000.0,100000.00000004028
90.7,298.1758745140394,298.173991138009,298.12762547321904,298.17260853081973,298.1573874593115,100000.0,100000.00000004028
90.75,298.17579660122254,298.1739188963762,298.1276928469447,298.1725404524659,298.15736521434246,100000.0,100000.0000000403
90.80000000000001,298.1757189230151,298.17384687227593,298.1277600177959,298.1724725791083,298.1573430363571,100000.0,100000.00000004031
90.85000000000001,298.1756414787109,298.1737750650532,298.1278269863835,298.1724049101295,298.1573209251535,100000.0,100000.00000004034
90.9,298.17556426760524,298.17370347405495,298.12789375331676,298.1723374449142,298.1572988805308,100000.0,100000.00000004034
90.95,298.1754872889962,298.17363209863004,298.1279603192027,298.1722701828488,298.1572769022884,100000.0,100000.00000004037
91.0,298.17541054218356,298.1735609381294,298.1280266846468,298.1722031233216,298.1572549902264,100000.0,100000.0000000404
91.05000000000001,298.1753340264694,298.1734899919058,298.12809285025264,298.1721362657227,298.15723314414566,100000.0,100000.0000000404
91.10000000000001,298.1752577411578,298.1734192593141,298.1281588166219,298.17206960944407,298.15721136384735,100000.0,100000.00000004043
91.15,298.17518168555506,298.1733487397109,298.12822458435454,298.1720031538795,298.1571896491334,100000.0,100000.00000004044
91.2,298.17510585896935,298.17327843245494,298.1282901540487,298.1719368984245,298.1571679998064,100000.0,100000.00000004045
91.25,298.1750302607112,298.1732083369068,298.12835552630077,298.17187084247666,298.1571464156694,100000.0,100000.00000004048
91.30000000000001,298.174954890093,298.17313845242893,298.1284207017052,298.17180498543513,298.1571248965261,100000.0,100000.0000000405
91.35000000000001,298.17487974642927,298.17306877838575,298.12848568085474,298.1717393267011,298.15710344218087,100000.0,100000.0000000405
91.4,298.1748048290366,298.17299931414374,298.1285504643404,298.17167386567723,298.1570820524385,100000.0,100000.00000004054
91.45,298.1747301372337,298.172930059071,298.12861505275134,298.1716086017683,298.15706072710447,100000.0,100000.00000004054
91.5,298.1746556703413,298.17286101253774,298.12867944667494,298.17154353438076,298.15703946598495,100000.0,100000.00000004059
91.55000000000001,298.174581427682,298.17279217391604,298.1287436466968,298.1714786629228,298.1570182688864,100000.0,100000.0000000406
91.60000000000001,298.1745074085808,298.17272354257983,298.1288076534009,298.1714139868045,298.1569971356161,100000.0,100000.00000004063
91.65,298.1744336123644,298.1726551179049,298.1288714673693,298.1713495054376,298.15697606598195,100000.0,100000.00000004063
91.7,298.1743600383617,298.172586899269,298.1289350891823,298.17128521823577,298.1569550597922,100000.0,100000.00000004064
91.75,298.17428668590355,298.17251888605165,298.12899851941864,298.1712211246142,298.1569341168559,100000.0,100000.00000004066
91.80000000000001,298.1742135543228,298.1724510776344,298.1290617586551,298.17115722399006,298.1569132369826,100000.0,100000.00000004067
91.85000000000001,298.1741406429545,298.17238347340043,298.12912480746684,298.1710935157822,298.1568924199823,100000.0,100000.00000004073
91.9,298.1740679511354,298.17231607273493,298.12918766642724,298.17102999941125,298.15687166566573,100000.0,100000.00000004073
91.95,298.17399547820446,298.17224887502505,298.12925033610804,298.1709666742995,298.1568509738441,100000.0,100000.00000004075
92.0,298.17392322350247,298.17218187965955,298.12931281707915,298.17090353987106,298.1568303443293,100000.0,100000.00000004077
92.05000000000001,298.17385118637253,298.1721150860291,298.12937510990884,298.17084059555174,298.15680977693376,100000.0,100000.00000004079
92.10000000000001,298.17377936615924,298.17204849352635,298.12943721516353,298.17077784076906,298.15678927147025,100000.0,100000.0000000408
92.15,298.1737077622096,298.1719821015456,298.1294991334082,298.1707152749524,298.1567688277524,100000.0,100000.00000004083
92.2,298.1736363738722,298.171915909483,298.12956086520586,298.1706528975326,298.1567484455943,100000.0,100000.00000004085
92.25,298.17356520049805,298.1718499167366,298.129622411118,298.17059070794244,298.15672812481046,100000.0,100000.00000004086
92.30000000000001,298.1734942414397,298.1717841227063,298.1296837717043,298.17052870561633,298.1567078652163,100000.0,100000.00000004086
92.35000000000001,298.1734234960519,298.1717185267936,298.1297449475228,298.1704668899904,298.1566876666273,100000.0,100000.0000000409
92.4,298.1733529636911,298.171653128402,298.12980593912994,298.1704052605024,298.1566675288599,100000.0,100000.00000004093
92.45,298.173282643716,298.1715879269368,298.1298667470804,298.17034381659187,298.156647451731,100000.0,100000.00000004096
92.5,298.173212535487,298.1715229218049,298.12992737192724,298.17028255770003,298.1566274350579,100000.0,100000.00000004095
92.55000000000001,298.1731426383664,298.17145811241517,298.12998781422164,298.17022148326976,298.1566074786586,100000.0,100000.000000041
92.60000000000001,298.17307295171867,298.1713934981781,298.13004807451347,298.17016059274556,298.1565875823516,100000.0,100000.00000004101
92.65,298.17300347490993,298.1713290785061,298.13010815335065,298.1700998855737,298.156567745956,100000.0,100000.00000004101
92.7,298.17293420730846,298.1712648528134,298.1301680512797,298.17003936120204,298.1565479692913,100000.0,100000.00000004104
92.75,298.1728651482841,298.1712008205158,298.1302277688453,298.16997901908013,298.1565282521778,100000.0,100000.00000004105
92.80000000000001,298.17279629720895,298.171136981031,298.1302873065906,298.1699188586593,298.156508594436,100000.0,100000.00000004108
92.85000000000001,298.1727276534567,298.17107333377834,298.130346665057,298.1698588793922,298.1564889958872,100000.0,100000.00000004111
92.9,298.1726592164032,298.171009878179,298.13040584478443,298.1697990807336,298.15646945635314,100000.0,100000.00000004111
92.95,298.172590985426,298.17094661365593,298.13046484631104,298.1697394621394,298.1564499756562,100000.0,100000.00000004112
93.0,298.1725229599045,298.1708835396337,298.1305236701734,298.16968002306754,298.15643055361903,100000.0,100000.00000004115
93.05000000000001,298.1724551392201,298.17082065553865,298.1305823169065,298.16962076297744,298.15641119006517,100000.0,100000.00000004115
93.10000000000001,298.17238752275597,298.17075796079894,298.13064078704383,298.16956168133015,298.1563918848185,100000.0,100000.00000004118
93.15,298.1723201098972,298.1706954548444,298.130699081117,298.16950277758826,298.1563726377033,100000.0,100000.00000004118
93.2,298.1722529000307,298.1706331371065,298.1307571996562,298.1694440512162,298.15635344854473,100000.0,100000.00000004121
93.25,298.17218589254514,298.17057100701857,298.13081514319003,298.1693855016798,298.1563343171681,100000.0,100000.00000004124
93.30000000000001,298.1721190868312,298.1705090640155,298.13087291224554,298.1693271284466,298.1563152433995,100000.0,100000.00000004127
93.35000000000001,298.1720524822813,298.17044730753395,298.1309305073479,298.16926893098565,298.15629622706547,100000.0,100000.0000000413
93.4,298.1719860782896,298.1703857370122,298.1309879290211,298.1692109087678,298.15627726799306,100000.0,100000.0000000413
93.45,298.17191987425235,298.1703243518905,298.13104517778737,298.16915306126526,298.1562583660098,100000.0,100000.00000004136
93.5,298.17185386956737,298.17026315161036,298.1311022541672,298.1690953879519,298.15623952094376,100000.0,100000.00000004137
93.55000000000001,298.1717880636344,298.17020213561534,298.1311591586799,298.16903788830336,298.1562207326237,100000.0,100000.00000004139
93.60000000000001,298.1717224558548,298.1701413033504,298.13121589184277,298.1689805617965,298.15620200087864,100000.0,100000.00000004139
93.65,298.1716570456322,298.1700806542624,298.13127245417195,298.16892340791014,298.15618332553817,100000.0,100000.00000004141
93.7,298.1715918323714,298.17002018779965,298.13132884618176,298.1688664261244,298.15616470643255,100000.0,100000.00000004144
93.75,298.1715268154795,298.16995990341235,298.13138506838504,298.168809615921,298.1561461433924,100000.0,100000.00000004144
93.80000000000001,298.17146199436525,298.1698998005522,298.13144112129316,298.1687529767835,298.15612763624887,100000.0,100000.00000004146
93.85000000000001,298.17139736843893,298.1698398786725,298.13149700541595,298.1686965081965,298.1561091848337,100000.0,100000.00000004147
93.9,298.17133293711294,298.1697801372284,298.1315527212615,298.16864020964664,298.1560907889791,100000.0,100000.0000000415
93.95,298.17126869980126,298.16972057567654,298.13160826933677,298.1685840806218,298.15607244851765,100000.0,100000.00000004152
94.0,298.1712046559197,298.16966119347524,298.13166365014666,298.1685281206116,298.15605416328276,100000.0,100000.00000004153
94.05000000000001,298.17114080488574,298.1696019900844,298.131718864195,298.16847232910703,298.1560359331079,100000.0,100000.00000004156
94.10000000000001,298.1710771461188,298.1695429649657,298.1317739119839,298.16841670560075,298.1560177578273,100000.0,100000.00000004159
94.15,298.1710136790398,298.16948411758216,298.13182879401404,298.1683612495867,298.1559996372759,100000.0,100000.00000004159
94.2,298.17095040307163,298.16942544739874,298.13188351078446,298.1683059605608,298.1559815712887,100000.0,100000.00000004159
94.25,298.1708873176388,298.16936695388176,298.13193806279287,298.1682508380202,298.15596355970143,100000.0,100000.00000004165
94.30000000000001,298.17082442216747,298.1693086364993,298.13199245053534,298.1681958814634,298.15594560235024,100000.0,100000.00000004168
94.35000000000001,298.17076171608585,298.169250494721,298.13204667450657,298.1681410903907,298.1559276990719,100000.0,100000.00000004168
94.4,298.1706991988234,298.169192528018,298.13210073519963,298.1680864643037,298.15590984970356,100000.0,100000.0000000417
94.45,298.17063686981174,298.16913473586317,298.13215463310627,298.16803200270573,298.15589205408287,100000.0,100000.00000004172
94.5,298.170574728484,298.1690771177309,298.13220836871653,298.16797770510146,298.155874312048,100000.0,100000.00000004173
94.55000000000001,298.17051277427487,298.1690196730973,298.13226194251934,298.167923570997,298.1558566234376,100000.0,100000.00000004173
94.60000000000001,298.1704510066211,298.1689624014397,298.13231535500165,298.1678695999001,298.15583898809075,100000.0,100000.00000004176
94.65,298.1703894249608,298.1689053022375,298.13236860664944,298.16781579131987,298.1558214058471,100000.0,100000.00000004181
94.7,298.17032802873393,298.16884837497116,298.13242169794694,298.1677621447669,298.15580387654677,100000.0,100000.00000004185
94.75,298.1702668173822,298.1687916191231,298.13247462937693,298.16770865975343,298.1557864000303,100000.0,100000.00000004182
94.80000000000001,298.17020579034886,298.1687350341771,298.13252740142093,298.1676553357929,298.15576897613886,100000.0,100000.00000004187
94.85000000000001,298.1701449470788,298.16867861961856,298.1325800145588,298.1676021724005,298.1557516047138,100000.0,100000.00000004188
94.9,298.1700842870189,298.1686223749344,298.13263246926897,298.1675491690926,298.15573428559725,100000.0,100000.0000000419
94.95,298.1700238096173,298.1685662996131,298.13268476602866,298.16749632538716,298.1557170186316,100000.0,100000.00000004191
95.0,298.169963514324,298.16851039314474,298.1327369053134,298.1674436408036,298.15569980366,100000.0,100000.00000004194
95.05000000000001,298.1699034005907,298.1684546550207,298.1327888875973,298.1673911148629,298.15568264052575,100000.0,100000.00000004194
95.10000000000001,298.1698434678707,298.16839908473423,298.1328407133533,298.1673387470872,298.15566552907273,100000.0,100000.00000004197
95.15,298.1697837156189,298.1683436817799,298.1328923830525,298.1672865370002,298.15564846914543,100000.0,100000.00000004198
95.2,298.1697241432919,298.16828844565384,298.132943897165,298.16723448412733,298.1556314605886,100000.0,100000.00000004203
95.25,298.1696647503478,298.1682333758537,298.13299525615923,298.16718258799494,298.15561450324765,100000.0,100000.00000004203
95.30000000000001,298.16960553624665,298.1681784718786,298.1330464605023,298.16713084813114,298.1555975969683,100000.0,100000.00000004204
95.35000000000001,298.16954650044977,298.16812373322927,298.13309751065987,298.1670792640654,298.15558074159674,100000.0,100000.00000004207
95.4,298.1694876424202,298.1680691594079,298.1331484070962,298.16702783532855,298.1555639369798,100000.0,100000.00000004208
95.45,298.1694289616229,298.1680147499181,298.13319915027427,298.16697656145294,298.15554718296454,100000.0,100000.00000004211
95.5,298.169370457524,298.167960504265,298.13324974065546,298.1669254419721,298.15553047939864,100000.0,100000.00000004213
95.55000000000001,298.1693121295914,298.1679064219554,298.1333001786999,298.16687447642124,298.1555138261302,100000.0,100000.00000004211
95.60000000000001,298.1692539772947,298.16785250249734,298.13335046486634,298.16682366433685,298.15549722300767,100000.0,100000.00000004216
95.65,298.1691960001051,298.16779874540043,298.13340059961206,298.16677300525674,298.15548066988026,100000.0,100000.00000004217
95.7,298.1691381974952,298.16774515017585,298.1334505833931,298.1667224987203,298.1554641665972,100000.0,100000.00000004217
95.75,298.16908056893936,298.16769171633615,298.13350041666394,298.1666721442681,298.1554477130085,100000.0,100000.0000000422
95.80000000000001,298.1690231139135,298.1676384433953,298.1335500998778,298.1666219414422,298.1554313089646,100000.0,100000.00000004223
95.85000000000001,298.1689658318951,298.16758533086886,298.1335996334866,298.16657188978604,298.15541495431614,100000.0,100000.00000004223
95.9,298.1689087223631,298.1675323782739,298.1336490179408,298.1665219888444,298.15539864891446,100000.0,100000.00000004226
95.95,298.1688517847981,298.1674795851286,298.13369825368954,298.1664722381635,298.15538239261133,100000.0,100000.00000004229
96.0,298.1687950186825,298.16742695095303,298.13374734118054,298.1664226372909,298.15536618525886,100000.0,100000.00000004232
96.05000000000001,298.1687384234998,298.1673744752684,298.13379628086034,298.16637318577546,298.15535002670964,100000.0,100000.00000004232
96.10000000000001,298.1686819987354,298.16732215759754,298.1338450731739,298.1663238831673,298.1553339168167,100000.0,100000.00000004235
96.15,298.1686257438761,298.1672699974646,298.133893718565,298.16627472901826,298.1553178554335,100000.0,100000.00000004238
96.2,298.1685696584103,298.1672179943951,298.13394221747615,298.16622572288117,298.1553018424141,100000.0,100000.0000000424
96.25,298.16851374182795,298.1671661479163,298.13399057034826,298.1661768643104,298.1552858776127,100000.0,100000.0000000424
96.30000000000001,298.1684579936205,298.1671144575565,298.13403877762124,298.1661281528616,298.15526996088425,100000.0,100000.00000004243
96.35000000000001,298.1684024132809,298.16706292284573,298.13408683973347,298.1660795880917,298.15525409208396,100000.0,100000.00000004243
96.4,298.16834700030375,298.1670115433153,298.13413475712196,298.1660311695591,298.1552382710674,100000.0,100000.00000004249
96.45,298.168291754185,298.1669603184978,298.13418253022263,298.1659828968234,298.1552224976908,100000.0,100000.00000004252
96.5,298.16823667442225,298.1669092479275,298.1342301594699,298.1659347694455,298.15520677181064,100000.0,100000.00000004252
96.55000000000001,298.1681817605146,298.1668583311398,298.13427764529695,298.16588678698787,298.155191093284,100000.0,100000.00000004254
96.60000000000001,298.1681270119626,298.16680756767175,298.1343249881355,298.1658389490141,298.1551754619682,100000.0,100000.00000004255
96.65,298.1680724282684,298.1667569570616,298.1343721884164,298.16579125508895,298.15515987772113,100000.0,100000.00000004255
96.7,298.1680180089354,298.1667064988491,298.1344192465687,298.1657437047789,298.15514434040097,100000.0,100000.00000004261
96.75,298.1679637534688,298.16665619257543,298.1344661630204,298.1656962976513,298.1551288498665,100000.0,100000.00000004262
96.80000000000001,298.16790966137523,298.16660603778297,298.1345129381983,298.1656490332752,298.1551134059768,100000.0,100000.00000004264
96.85000000000001,298.1678557321627,298.16655603401557,298.13455957252773,298.16560191122056,298.1550980085915,100000.0,100000.00000004264
96.9,298.1678019653408,298.1665061808186,298.13460606643275,298.165554931059,298.15508265757046,100000.0,100000.00000004268
96.95,298.1677483604203,298.1664564777385,298.13465242033624,298.16550809236304,298.15506735277404,100000.0,100000.0000000427
97.0,298.167694916914,298.16640692432327,298.13469863465986,298.1654613947068,298.1550520940632,100000.0,100000.00000004268
97.05000000000001,298.16764163433567,298.1663575201224,298.1347447098238,298.1654148376657,298.1550368812991,100000.0,100000.00000004272
97.10000000000001,298.1675885122008,298.1663082646864,298.1347906462471,298.1653684208162,298.1550217143433,100000.0,100000.00000004274
97.15,298.1675355500262,298.1662591575674,298.1348364443476,298.16532214373615,298.155006593058,100000.0,100000.00000004275
97.2,298.1674827473302,298.1662101983188,298.1348821045418,298.1652760060047,298.1549915173055,100000.0,100000.00000004278
97.25,298.1674301036327,298.1661613864952,298.1349276272449,298.1652300072024,298.1549764869489,100000.0,100000.00000004278
97.30000000000001,298.1673776184548,298.1661127216529,298.134973012871,298.1651841469107,298.1549615018514,100000.0,100000.00000004278
97.35000000000001,298.1673252913191,298.16606420334915,298.1350182618327,298.1651384247125,298.15494656187667,100000.0,100000.00000004281
97.4,298.16727312175,298.1660158311428,298.13506337454174,298.16509284019213,298.15493166688896,100000.0,100000.00000004284
97.45,298.16722110927276,298.1659676045938,298.1351083514083,298.165047392935,298.1549168167527,100000.0,100000.00000004286
97.5,298.1671692534145,298.1659195232636,298.13515319284136,298.1650020825276,298.15490201133287,100000.0,100000.00000004288
97.55000000000001,298.1671175537035,298.16587158671496,298.13519789924885,298.1649569085581,298.1548872504948,100000.0,100000.00000004287
97.60000000000001,298.1670660096697,298.1658237945119,298.1352424710373,298.1649118706156,298.15487253410436,100000.0,100000.0000000429
97.65,298.1670146208442,298.16577614621974,298.13528690861204,298.1648669682903,298.15485786202754,100000.0,100000.00000004293
97.7,298.16696338675973,298.16572864140517,298.1353312123773,298.16482220117405,298.154843234131,100000.0,100000.00000004293
97.75,298.1669123069503,298.16568127963615,298.1353753827359,298.1647775688597,298.1548286502817,100000.0,100000.00000004296
97.80000000000001,298.1668613809514,298.1656340604819,298.13541942008965,298.16473307094117,298.15481411034693,100000.0,100000.00000004299
97.85000000000001,298.1668106082998,298.1655869835131,298.13546332483895,298.16468870701397,298.1547996141946,100000.0,100000.00000004302
97.9,298.1667599885338,298.16554004830147,298.1355070973832,298.1646444766745,298.15478516169276,100000.0,100000.00000004304
97.95,298.166709521193,298.1654932544202,298.1355507381204,298.1646003795205,298.15477075271,100000.0,100000.00000004307
98.0,298.1666592058185,298.16544660144376,298.13559424744756,298.16455641515097,298.1547563871153,100000.0,100000.00000004307
98.05000000000001,298.1666090419526,298.16540008894776,298.13563762576024,298.16451258316613,298.154742064778,100000.0,100000.0000000431
98.10000000000001,298.16655902913914,298.16535371650934,298.135680873453,298.1644688831672,298.1547277855678,100000.0,100000.00000004313
98.15,298.1665091669232,298.1653074837066,298.13572399091925,298.16442531475695,298.1547135493549,100000.0,100000.00000004313
98.2,298.1664594548515,298.1652613901192,298.13576697855103,298.1643818775389,298.1546993560098,100000.0,100000.00000004316
98.25,298.1664098924717,298.16521543532787,298.1358098367393,298.16433857111815,298.1546852054033,100000.0,100000.00000004318
98.30000000000001,298.1663604793331,298.16516961891466,298.13585256587385,298.1642953951009,298.154671097407,100000.0,100000.0000000432
98.35000000000001,298.1663112149864,298.16512394046293,298.1358951663433,298.16425234909434,298.1546570318923,100000.0,100000.00000004322
98.4,298.16626209898357,298.1650783995573,298.13593763853504,298.1642094327071,298.15464300873145,100000.0,100000.00000004323
98.45,298.1662131308778,298.16503299578346,298.1359799828354,298.1641666455488,298.15462902779683,100000.0,100000.00000004325
98.5,298.1661643102238,298.16498772872853,298.13602219962945,298.16412398723025,298.15461508896135,100000.0,100000.00000004328
98.55000000000001,298.16611563657756,298.1649425979808,298.13606428930115,298.1640814573637,298.1546011920982,100000.0,100000.0000000433
98.60000000000001,298.16606710949645,298.16489760313,298.1361062522333,298.1640390555621,298.15458733708095,100000.0,100000.0000000433
98.65,298.16601872853914,298.16485274376674,298.13614808880743,298.1639967814401,298.1545735237837,100000.0,100000.00000004336
98.7,298.1659704932656,298.1648080194831,298.1361897994042,298.16395463461305,298.1545597520808,100000.0,100000.00000004336
98.75,298.16592240323706,298.1647634298723,298.1362313844028,298.16391261469755,298.15454602184695,100000.0,100000.00000004338
98.80000000000001,298.16587445801633,298.1647189745289,298.13627284418146,298.1638707213117,298.1545323329573,100000.0,100000.0000000434
98.85000000000001,298.16582665716726,298.16467465304845,298.13631417911733,298.1638289540744,298.15451868528737,100000.0,100000.00000004341
98.9,298.1657790002551,298.164630465028,298.13635538958624,298.1637873126057,298.154505078713,100000.0,100000.00000004344
98.95,298.16573148684654,298.1645864100657,298.136396475963,298.16374579652694,298.1544915131105,100000.0,100000.00000004344
99.0,298.1656841165094,298.1645424877606,298.13643743862133,298.1637044054606,298.1544779883564,100000.0,100000.00000004345
99.05000000000001,298.16563688881286,298.1644986977137,298.1364782779337,298.1636631390301,298.15446450432785,100000.0,100000.0000000435
99.10000000000001,298.1655898033274,298.1644550395264,298.13651899427157,298.1636219968604,298.15445106090215,100000.0,100000.00000004351
99.15,298.1655428596248,298.16441151280173,298.1365595880052,298.1635809785771,298.154437657957,100000.0,100000.00000004351
99.2,298.1654960572781,298.1643681171439,298.1366000595038,298.1635400838073,298.15442429537046,100000.0,100000.00000004354
99.25,298.16544939586174,298.16432485215824,298.13664040913545,298.1634993121789,298.1544109730212,100000.0,100000.00000004357
99.30000000000001,298.16540287495127,298.1642817174512,298.1366806372671,298.16345866332125,298.15439769078785,100000.0,100000.00000004357
99.35000000000001,298.16535649412367,298.1642387126305,298.1367207442646,298.16341813686466,298.15438444854965,100000.0,100000.0000000436
99.4,298.16531025295706,298.1641958373051,298.1367607304927,298.1633777324405,298.15437124618626,100000.0,100000.00000004363
99.45,298.16526415103095,298.164153091085,298.1368005963151,298.1633374496813,298.1543580835776,100000.0,100000.00000004364
99.5,298.16521818792603,298.16411047358145,298.1368403420943,298.16329728822075,298.15434496060385,100000.0,100000.00000004366
99.55000000000001,298.16517236322426,298.16406798440687,298.1368799681918,298.1632572476936,298.1543318771458,100000.0,100000.00000004366
99.60000000000001,298.1651266765089,298.1640256231748,298.13691947496807,298.16321732773565,298.15431883308435,100000.0,100000.00000004371
99.65,298.1650811273645,298.1639833895001,298.1369588627823,298.1631775279839,298.15430582830095,100000.0,100000.00000004371
99.7,298.16503571537675,298.1639412829985,298.1369981319927,298.16313784807636,298.15429286267727,100000.0,100000.00000004374
99.75,298.16499044013267,298.1638993032872,298.1370372829565,298.1630982876522,298.1542799360954,100000.0,100000.00000004377
99.80000000000001,298.1649453012205,298.16385744998445,298.1370763160296,298.16305884635153,298.1542670484379,100000.0,100000.00000004377
99.85000000000001,298.16490029822967,298.1638157227094,298.1371152315672,298.16301952381576,298.1542541995873,100000.0,100000.0000000438
99.9,298.164855430751,298.1637741210827,298.13715402992307,298.1629803196872,298.154241389427,100000.0,100000.00000004384
99.95,298.16481069837636,298.16373264472605,298.1371927114501,298.16294123360933,298.1542286178404,100000.0,100000.00000004386
100.0,298.16476610069896,298.1636912932621,298.1372312765001,298.16290226522665,298.1542158847113,100000.0,100000.00000004386
100.05000000000001,298.16472163731316,298.1636500663149,298.13726972542383,298.1628634141848,298.1542031899239,100000.0,100000.00000004389
100.10000000000001,298.1646773078146,298.16360896350943,298.13730805857085,298.1628246801305,298.15419053336285,100000.0,100000.00000004392
100.15,298.1646331118002,298.1635679844719,298.1373462762899,298.1627860627113,298.154177914913,100000.0,100000.00000004393
100.2,298.1645890488679,298.1635271288296,298.1373843789286,298.1627475615761,298.15416533445955,100000.0,100000.00000004396
100.25,298.16454511861707,298.16348639621106,298.13742236683333,298.1627091763748,298.1541527918881,100000.0,100000.00000004398
100.30000000000001,298.16450132064807,298.16344578624575,298.1374602403497,298.1626709067582,298.15414028708466,100000.0,100000.00000004399
100.35000000000001,298.1644576545626,298.16340529856427,298.137497999822,298.16263275237833,298.15412781993535,100000.0,100000.000000044
100.4,298.1644141199637,298.1633649327986,298.13753564559386,298.1625947128881,298.15411539032687,100000.0,100000.00000004402
100.45,298.1643707164552,298.16332468858144,298.1375731780074,298.1625567879417,298.1541029981462,100000.0,100000.00000004403
100.5,298.1643274436425,298.16328456554686,298.1376105974042,298.1625189771941,298.1540906432806,100000.0,100000.00000004408
100.55000000000001,298.16428430113206,298.16324456332995,298.1376479041244,298.1624812803015,298.1540783256178,100000.0,100000.00000004408
100.60000000000001,298.16424128853146,298.163204681567,298.1376850985074,298.162443696921,298.15406604504557,100000.0,100000.00000004412
100.65,298.1641984054495,298.16316491989505,298.1377221808914,298.1624062267108,298.15405380145245,100000.0,100000.00000004414
100.7,298.1641556514963,298.16312527795276,298.13775915161364,298.1623688693302,298.15404159472695,100000.0,100000.00000004415
100.75,298.16411302628285,298.1630857553795,298.1377960110104,298.16233162443933,298.1540294247581,100000.0,100000.00000004418
100.80000000000001,298.1640705294217,298.16304635181575,298.1378327594169,298.1622944916995,298.15401729143525,100000.0,100000.00000004421
100.85000000000001,298.16402816052613,298.1630070669032,298.13786939716726,298.1622574707731,298.154005194648,100000.0,100000.00000004421
100.9,298.1639859192109,298.1629679002847,298.13790592459486,298.1622205613234,298.15399313428634,100000.0,100000.00000004424
100.95,298.163943805092,298.16292885160385,298.1379423420318,298.16218376301464,298.1539811102406,100000.0,100000.00000004421
101.0,298.16390181778627,298.1628899205057,298.1379786498092,298.1621470755122,298.1539691224014,100000.0,100000.00000004425
101.05000000000001,298.1638599569118,298.162851106636,298.1380148482574,298.1621104984825,298.1539571706598,100000.0,100000.00000004428
101.10000000000001,298.163818222088,298.1628124096419,298.1380509377056,298.16207403159274,298.153945254907,100000.0,100000.0000000443
101.15,298.16377661293524,298.16277382917133,298.1380869184819,298.1620376745114,298.1539333750347,100000.0,100000.00000004431
101.2,298.1637351290751,298.1627353648736,298.1381227909137,298.1620014269077,298.15392153093484,100000.0,100000.00000004433
101.25,298.1636937701304,298.16269701639874,298.1381585553271,298.1619652884521,298.1539097224997,100000.0,100000.00000004438
101.30000000000001,298.16365253572485,298.162658783398,298.13819421204744,298.1619292588159,298.1538979496218,100000.0,100000.00000004438
101.35000000000001,298.16361142548357,298.1626206655237,298.138229761399,298.1618933376714,298.15388621219427,100000.0,100000.00000004441
101.4,298.1635704390326,298.16258266242926,298.13826520370503,298.1618575246919,298.15387451011014,100000.0,100000.00000004441
101.45,298.1635295759992,298.1625447737689,298.1383005392879,298.1618218195518,298.15386284326314,100000.0,100000.00000004444
101.5,298.16348883601177,298.1625069991982,298.13833576846895,298.16178622192626,298.1538512115471,100000.0,100000.00000004444
101.55000000000001,298.1634482186997,298.16246933837346,298.1383708915686,298.1617507314916,298.1538396148563,100000.0,100000.00000004447
101.60000000000001,298.16340772369375,298.16243179095227,298.1384059089063,298.161715347925,298.15382805308514,100000.0,100000.00000004447
101.65,298.16336735062555,298.16239435659304,298.13844082080055,298.16168007090465,298.1538165261286,100000.0,100000.00000004453
101.7,298.16332709912786,298.1623570349555,298.1384756275687,298.16164490010976,298.15380503388184,100000.0,100000.00000004453
101.75,298.1632869688347,298.1623198257001,298.1385103295275,298.16160983522053,298.1537935762402,100000.0,100000.00000004457
101.80000000000001,298.1632469593811,298.16228272848844,298.1385449269924,298.1615748759179,298.15378215309966,100000.0,100000.00000004462
101.85000000000001,298.16320707040313,298.16224574298315,298.1385794202781,298.1615400218841,298.1537707643563,100000.0,100000.00000004462
101.9,298.163167301538,298.1622088688479,298.13861380969837,298.16150527280206,298.15375940990634,100000.0,100000.00000004465
101.95,298.1631276524241,298.1621721057473,298.13864809556594,298.16147062835574,298.1537480896468,100000.0,100000.00000004466
102.0,298.1630881227009,298.162135453347,298.1386822781925,298.16143608823006,298.15373680347454,100000.0,100000.00000004467
102.05000000000001,298.16304871200873,298.1620989113137,298.13871635788905,298.1614016521109,298.15372555128704,100000.0,100000.00000004469
102.10000000000001,298.1630094199893,298.162062479315,298.1387503349655,298.16136731968516,298.15371433298185,100000.0,100000.0000000447
102.15,298.1629702462852,298.1620261570196,298.13878420973083,298.1613330906404,298.153703148457,100000.0,100000.00000004473
102.2,298.1629311905401,298.1619899440972,298.1388179824932,298.16129896466566,298.15369199761074,100000.0,100000.00000004476
102.25,298.16289225239893,298.1619538402184,298.13885165355975,298.1612649414502,298.1536808803417,100000.0,100000.00000004476
102.30000000000001,298.16285343150753,298.16191784505486,298.13888522323657,298.1612310206848,298.1536697965488,100000.0,100000.00000004479
102.35000000000001,298.1628147275128,298.1618819582793,298.1389186918291,298.1611972020609,298.15365874613116,100000.0,100000.0000000448
102.4,298.16277614006276,298.1618461795652,298.1389520596416,298.16116348527106,298.1536477289883,100000.0,100000.00000004483
102.45,298.16273766880647,298.1618105085873,298.1389853269777,298.16112987000844,298.1536367450201,100000.0,100000.00000004486
102.5,298.16269931339406,298.1617749450211,298.13901849413986,298.16109635596746,298.1536257941265,100000.0,100000.00000004485
102.55000000000001,298.16266107347667,298.1617394885432,298.1390515614297,298.1610629428434,298.1536148762081,100000.0,100000.00000004489
102.60000000000001,298.1626229487066,298.16170413883117,298.139084529148,298.1610296303321,298.1536039911655,100000.0,100000.0000000449
102.65,298.16258493873704,298.1616688955634,298.13911739759453,298.1609964181308,298.1535931388997,100000.0,100000.00000004494
102.7,298.16254704322233,298.1616337584195,298.1391501670683,298.16096330593746,298.1535823193121,100000.0,100000.00000004497
102.75,298.16250926181783,298.1615987270799,298.1391828378673,298.16093029345086,298.15357153230406,100000.0,100000.00000004498
102.80000000000001,298.1624715941799,298.1615638012259,298.13921541028856,298.1608973803708,298.1535607777778,100000.0,100000.00000004498
102.85000000000001,298.1624340399661,298.16152898053997,298.1392478846285,298.16086456639795,298.1535500556353,100000.0,100000.00000004502
102.9,298.1623965988348,298.16149426470537,298.1392802611823,298.16083185123387,298.15353936577907,100000.0,100000.00000004502
102.95,298.1623592704454,298.16145965340644,298.13931254024453,298.160799234581,298.15352870811193,100000.0,100000.00000004508
103.0,298.1623220544585,298.16142514632827,298.1393447221086,298.1607667161428,298.153518082537,100000.0,100000.0000000451
103.05000000000001,298.16228495053565,298.1613907431572,298.1393768070674,298.1607342956235,298.1535074889575,100000.0,100000.00000004511
103.10000000000001,298.16224795833944,298.16135644358025,298.1394087954125,298.16070197272813,298.1534969272772,100000.0,100000.00000004511
103.15,298.16221107753336,298.1613222472855,298.139440687435,298.16066974716284,298.15348639740006,100000.0,100000.00000004517
103.2,298.162174307782,298.1612881539619,298.13947248342487,298.16063761863455,298.1534758992303,100000.0,100000.00000004518
103.25,298.16213764875096,298.1612541632995,298.1395041836713,298.16060558685103,298.15346543267236,100000.0,100000.00000004518
103.30000000000001,298.1621011001069,298.16122027498903,298.1395357884626,298.160573651521,298.1534549976311,100000.0,100000.00000004521
103.35000000000001,298.1620646615173,298.16118648872236,298.13956729808615,298.1605418123539,298.15344459401166,100000.0,100000.00000004523
103.4,298.16202833265095,298.1611528041923,298.1395987128286,298.16051006906036,298.1534342217194,100000.0,100000.00000004526
103.45,298.16199211317735,298.16111922109235,298.1396300329756,298.16047842135157,298.15342388065994,100000.0,100000.00000004527
103.5,298.16195600276706,298.1610857391172,298.139661258812,298.1604468689397,298.15341357073925,100000.0,100000.00000004529
103.55000000000001,298.1619200010917,298.16105235796226,298.1396923906218,298.1604154115378,298.1534032918637,100000.0,100000.00000004531
103.60000000000001,298.1618841078239,298.161019077324,298.13972342868806,298.16038404885984,298.15339304393956,100000.0,100000.00000004531
103.65,298.1618483226371,298.1609858968998,298.13975437329316,298.16035278062054,298.15338282687384,100000.0,100000.00000004537
103.7,298.16181264520606,298.16095281638775,298.1397852247185,298.1603216065355,298.1533726405735,100000.0,100000.0000000454
103.75,298.16177707520615,298.16091983548705,298.1398159832446,298.16029052632126,298.153362484946,100000.0,100000.0000000454
103.80000000000001,298.16174161231385,298.16088695389783,298.1398466491513,298.1602595396951,298.1533523598989,100000.0,100000.00000004542
103.85000000000001,298.1617062562067,298.1608541713209,298.1398772227175,298.1602286463753,298.1533422653401,100000.0,100000.00000004546
103.9,298.1616710065632,298.1608214874583,298.13990770422106,298.16019784608085,298.1533322011779,100000.0,100000.00000004543
103.95,298.1616358630627,298.16078890201265,298.13993809393935,298.16016713853156,298.1533221673206,100000.0,100000.0000000455
104.0,298.16160082538556,298.1607564146877,298.1399683921487,298.1601365234483,298.1533121636771,100000.0,100000.00000004549
104.05000000000001,298.16156589321326,298.16072402518785,298.1399985991248,298.16010600055256,298.1533021901564,100000.0,100000.00000004552
104.10000000000001,298.161531066228,298.16069173321864,298.1400287151422,298.1600755695667,298.1532922466677,100000.0,100000.00000004555
104.15,298.161496344113,298.16065953848636,298.14005874047484,298.160045230214,298.1532823331207,100000.0,100000.00000004558
104.2,298.1614617265526,298.16062744069825,298.1400886753959,298.1600149822186,298.15327244942523,100000.0,100000.00000004558
104.25,298.16142721323183,298.16059543956226,298.1401185201774,298.15998482530534,298.15326259549124,100000.0,100000.0000000456
104.30000000000001,298.1613928038369,298.16056353478757,298.14014827509095,298.1599547592,298.15325277122923,100000.0,100000.00000004563
104.35000000000001,298.1613584980549,298.16053172608383,298.14017794040706,298.15992478362904,298.15324297654985,100000.0,100000.00000004563
104.4,298.1613242955737,298.1605000131618,298.14020751639566,298.15989489832003,298.153233211364,100000.0,100000.00000004566
104.45,298.1612901960824,298.1604683957331,298.1402370033255,298.1598651030009,298.15322347558293,100000.0,100000.00000004566
104.5,298.1612561992707,298.1604368735102,298.140266401465,298.15983539740097,298.153213769118,100000.0,100000.00000004566
104.55000000000001,298.1612223048296,298.16040544620637,298.1402957110814,298.15980578124993,298.15320409188104,100000.0,100000.00000004571
104.60000000000001,298.1611885124508,298.1603741135358,298.1403249324412,298.15977625427837,298.1531944437839,100000.0,100000.00000004575
104.65,298.16115482182687,298.16034287521353,298.14035406581036,298.15974681621793,298.15318482473896,100000.0,100000.00000004575
104.7,298.1611212326515,298.1603117309554,298.1403831114536,298.1597174668007,298.1531752346587,100000.0,100000.00000004574
104.75,298.1610877446192,298.16028068047837,298.1404120696352,298.1596882057599,298.1531656734559,100000.0,100000.00000004578
104.80000000000001,298.1610543574253,298.1602497234999,298.1404409406185,298.1596590328294,298.15315614104355,100000.0,100000.0000000458
104.85000000000001,298.1610210707663,298.1602188597384,298.1404697246661,298.1596299477438,298.15314663733506,100000.0,100000.00000004582
104.9,298.1609878843394,298.16018808891323,298.14049842203974,298.1596009502386,298.153137162244,100000.0,100000.00000004584
104.95,298.1609547978428,298.16015741074455,298.1405270330004,298.1595720400501,298.15312771568404,100000.0,100000.00000004587
105.0,298.16092181097565,298.1601268249534,298.14055555780834,298.15954321691544,298.1531182975694,100000.0,100000.00000004588
105.05000000000001,298.1608889234378,298.1600963312615,298.14058399672297,298.1595144805724,298.15310890781444,100000.0,100000.0000000459
105.10000000000001,298.1608561349303,298.16006592939164,298.14061235000287,298.1594858307596,298.1530995463337,100000.0,100000.00000004591
105.15,298.16082344515496,298.16003561906734,298.14064061790594,298.15945726721657,298.15309021304205,100000.0,100000.00000004594
105.2,298.1607908538143,298.1600054000128,298.14066880068935,298.15942878968355,298.1530809078546,100000.0,100000.00000004594
105.25,298.16075836061214,298.1599752719533,298.14069689860924,298.1594003979015,298.1530716306868,100000.0,100000.00000004595
105.30000000000001,298.16072596525277,298.1599452346147,298.1407249119212,298.15937209161217,298.15306238145416,100000.0,100000.00000004598
105.35000000000001,298.1606936674417,298.15991528772406,298.14075284088017,298.1593438705582,298.15305316007266,100000.0,100000.00000004601
105.4,298.16066146688513,298.1598854310089,298.14078068573997,298.1593157344829,298.1530439664584,100000.0,100000.00000004604
105.45,298.16062936329024,298.1598556641976,298.14080844675385,298.15928768313034,298.15303480052773,100000.0,100000.00000004604
105.5,298.160597356365,298.1598259870196,298.1408361241743,298.15925971624546,298.15302566219736,100000.0,100000.00000004606
105.55000000000001,298.1605654458184,298.1597963992049,298.1408637182532,298.1592318335739,298.15301655138416,100000.0,100000.00000004607
105.60000000000001,298.16053363136024,298.1597669004844,298.1408912292412,298.1592040348621,298.1530074680052,100000.0,100000.00000004612
105.65,298.1605019127011,298.15973749058986,298.14091865738874,298.1591763198573,298.152998411978,100000.0,100000.00000004613
105.7,298.16047028955256,298.1597081692538,298.1409460029452,298.1591486883073,298.1529893832201,100000.0,100000.00000004616
105.75,298.160438761627,298.1596789362096,298.1409732661592,298.15912113996086,298.1529803816494,100000.0,100000.00000004616
105.80000000000001,298.1604073286377,298.1596497911913,298.1410004472789,298.15909367456743,298.15297140718405,100000.0,100000.00000004619
105.85000000000001,298.1603759902988,298.15962073393393,298.14102754655124,298.1590662918773,298.15296245974247,100000.0,100000.0000000462
105.9,298.1603447463252,298.15959176417323,298.1410545642228,298.1590389916413,298.1529535392432,100000.0,100000.00000004622
105.95,298.16031359643296,298.1595628816456,298.1410815005393,298.15901177361127,298.15294464560515,100000.0,100000.00000004623
106.0,298.1602825403386,298.15953408608857,298.14110835574576,298.1589846375396,298.15293577874746,100000.0,100000.00000004628
106.05000000000001,298.16025157775965,298.15950537724007,298.14113513008635,298.1589575831796,298.15292693858953,100000.0,100000.00000004628
106.10000000000001,298.1602207084146,298.15947675483903,298.1411618238045,298.15893061028504,298.1529181250508,100000.0,100000.00000004629
106.15,298.16018993202283,298.15944821862524,298.1411884371431,298.15890371861076,298.1529093380513,100000.0,100000.00000004629
106.2,298.16015924830424,298.15941976833915,298.1412149703442,298.1588769079122,298.15290057751105,100000.0,100000.0000000463
106.25,298.16012865697985,298.159391403722,298.14124142364903,298.1588501779454,298.1528918433503,100000.0,100000.00000004635
106.30000000000001,298.16009815777136,298.1593631245157,298.14126779729816,298.15882352846734,298.1528831354897,100000.0,100000.00000004636
106.35000000000001,298.1600677504016,298.1593349304633,298.14129409153156,298.1587969592357,298.1528744538501,100000.0,100000.00000004639
106.4,298.16003743459385,298.15930682130823,298.1413203065882,298.1587704700088,298.15286579835237,100000.0,100000.00000004642
106.45,298.1600072100724,298.15927879679487,298.14134644270666,298.15874406054564,298.15285716891793,100000.0,100000.00000004642
106.5,298.15997707656254,298.1592508566684,298.1413725001246,298.1587177306062,298.1528485654683,100000.0,100000.00000004645
106.55000000000001,298.15994703379,298.1592230006746,298.14139847907893,298.15869147995096,298.1528399879252,100000.0,100000.00000004645
106.60000000000001,298.1599170814817,298.1591952285603,298.1414243798059,298.15866530834114,298.1528314362106,100000.0,100000.00000004651
106.65,298.15988721936515,298.15916754007276,298.14145020254114,298.15863921553876,298.1528229102468,100000.0,100000.00000004652
106.7,298.15985744716886,298.1591399349603,298.14147594751955,298.1586132013065,298.15281440995614,100000.0,100000.00000004655
106.75,298.1598277646219,298.15911241297175,298.14150161497514,298.15858726540773,298.1528059352615,100000.0,100000.00000004657
106.80000000000001,298.15979817145455,298.1590849738569,298.1415272051414,298.15856140760667,298.15279748608555,100000.0,100000.0000000466
106.85000000000001,298.15976866739754,298.1590576173661,298.1415527182511,298.1585356276681,298.1527890623517,100000.0,100000.0000000466
106.9,298.1597392521825,298.15903034325066,298.1415781545362,298.1585099253575,298.15278066398315,100000.0,100000.0000000466
106.95,298.15970992554196,298.1590031512625,298.1416035142281,298.1584843004413,298.1527722909036,100000.0,100000.00000004661
107.0,298.1596806872093,298.15897604115423,298.14162879755736,298.1584587526862,298.152763943037,100000.0,100000.00000004662
107.05000000000001,298.15965153691843,298.1589490126795,298.141654004754,298.15843328186,298.15275562030723,100000.0,100000.00000004665
107.10000000000001,298.1596224744044,298.15892206559226,298.14167913604723,298.15840788773113,298.1527473226387,100000.0,100000.00000004668
107.15,298.1595934994027,298.15889519964765,298.14170419166567,298.1583825700685,298.15273904995604,100000.0,100000.00000004668
107.2,298.15956461165007,298.1588684146011,298.141729171837,298.15835732864196,298.1527308021838,100000.0,100000.00000004671
107.25,298.1595358108836,298.15884171020923,298.14175407678863,298.15833216322187,298.15272257924715,100000.0,100000.00000004674
107.30000000000001,298.1595070968415,298.1588150862291,298.14177890674694,298.15830707357935,298.15271438107123,100000.0,100000.00000004676
107.35000000000001,298.15947846926247,298.1587885424185,298.14180366193784,298.1582820594863,298.15270620758145,100000.0,100000.0000000468
107.4,298.15944992788627,298.1587620785362,298.14182834258634,298.1582571207151,298.1526980587036,100000.0,100000.00000004681
107.45,298.15942147245323,298.1587356943413,298.14185294891706,298.1582322570391,298.15268993436337,100000.0,100000.00000004683
107.5,298.1593931027046,298.15870938959404,298.1418774811536,298.1582074682321,298.1526818344871,100000.0,100000.00000004683
107.55000000000001,298.15936481838247,298.15868316405505,298.1419019395192,298.1581827540686,298.15267375900095,100000.0,100000.00000004684
107.60000000000001,298.1593366192295,298.1586570174859,298.14192632423624,298.15815811432395,298.15266570783155,100000.0,100000.00000004689
107.65,298.1593085049892,298.15863094964874,298.1419506355265,298.158133548774,298.15265768090575,100000.0,100000.00000004692
107.7,298.15928047540604,298.15860496030655,298.14197487361105,298.15810905719536,298.15264967815034,100000.0,100000.0000000469
107.75,298.15925253022493,298.1585790492229,298.1419990387104,298.15808463936526,298.1526416994928,100000.0,100000.00000004694
107.80000000000001,298.1592246691918,298.1585532161623,298.1420231310444,298.1580602950616,298.15263374486034,100000.0,100000.00000004697
107.85000000000001,298.1591968920533,298.1585274608896,298.14204715083196,298.158036024063,298.15262581418074,100000.0,100000.00000004699
107.9,298.1591691985567,298.15850178317066,298.1420710982916,298.1580118261488,298.15261790738185,100000.0,100000.00000004702
107.95,298.1591415884502,298.158476182772,298.1420949736412,298.15798770109893,298.1526100243917,100000.0,100000.00000004703
108.0,298.1591140614827,298.15845065946075,298.1421187770977,298.1579636486938,298.15260216513866,100000.0,100000.00000004708
108.05000000000001,298.1590866174039,298.15842521300476,298.1421425088778,298.15793966871485,298.1525943295513,100000.0,100000.00000004708
108.10000000000001,298.15905925596405,298.15839984317256,298.14216616919725,298.1579157609439,298.1525865175583,100000.0,100000.00000004712
108.15,298.15903197691455,298.1583745497336,298.1421897582712,298.1578919251636,298.15257872908865,100000.0,100000.00000004712
108.2,298.1590047800071,298.15834933245765,298.1422132763142,298.15786816115707,298.15257096407134,100000.0,100000.00000004715
108.25,298.1589776649944,298.1583241911155,298.1422367235401,298.1578444687083,298.152563222436,100000.0,100000.00000004716
108.30000000000001,298.15895063163,298.1582991254785,298.1422601001623,298.15782084760167,298.1525555041122,100000.0,100000.00000004718
108.35000000000001,298.1589236796678,298.1582741353185,298.1422834063932,298.15779729762255,298.1525478090295,100000.0,100000.00000004718
108.4,298.1588968088629,298.1582492204085,298.14230664244485,298.15777381855656,298.15254013711814,100000.0,100000.0000000472
108.45,298.1588700189708,298.1582243805217,298.14232980852853,298.1577504101903,298.1525324883083,100000.0,100000.00000004722
108.5,298.1588433097478,298.1581996154323,298.14235290485504,298.1577270723109,298.15252486253036,100000.0,100000.00000004724
108.55000000000001,298.1588166809512,298.1581749249151,298.1423759316343,298.15770380470593,298.15251725971507,100000.0,100000.00000004726
108.60000000000001,298.1587901323386,298.15815030874535,298.1423988890758,298.15768060716397,298.1525096797931,100000.0,100000.00000004726
108.65,298.1587636636687,298.1581257666994,298.14242177738834,298.157657479474,298.15250212269575,100000.0,100000.00000004732
108.7,298.15873727470074,298.158101298554,298.1424445967801,298.15763442142566,298.15249458835416,100000.0,100000.00000004731
108.75,298.1587109651947,298.15807690408656,298.1424673474585,298.15761143280923,298.1524870766999,100000.0,100000.00000004734
108.80000000000001,298.1586847349113,298.15805258307523,298.1424900296305,298.1575885134157,298.15247958766446,100000.0,100000.00000004737
108.85000000000001,298.158658583612,298.1580283352988,298.1425126435024,298.1575656630365,298.1524721211799,100000.0,100000.0000000474
108.9,298.15863251105895,298.15800416053685,298.1425351892799,298.15754288146394,298.1524646771783,100000.0,100000.00000004741
108.95,298.15860651701513,298.1579800585695,298.142557667168,298.15752016849086,298.1524572555919,100000.0,100000.00000004742
109.0,298.158580601244,298.15795602917746,298.1425800773711,298.15749752391054,298.15244985635326,100000.0,100000.00000004744
109.05000000000001,298.15855476350987,298.1579320721422,298.14260242009306,298.1574749475172,298.152442479395,100000.0,100000.00000004747
109.10000000000001,298.1585290035779,298.15790818724594,298.14262469553705,298.1574524391054,298.15243512465014,100000.0,100000.0000000475
109.15,298.15850332121363,298.15788437427136,298.14264690390576,298.1574299984705,298.1524277920517,100000.0,100000.0000000475
109.2,298.1584777161836,298.157860633002,298.142669045401,298.1574076254084,298.15242048153306,100000.0,100000.00000004753
109.25,298.15845218825496,298.1578369632218,298.1426911202242,298.15738531971556,298.1524131930277,100000.0,100000.00000004753
109.30000000000001,298.15842673719555,298.1578133647156,298.14271312857613,298.15736308118915,298.1524059264694,100000.0,100000.00000004757
109.35000000000001,298.15840136277376,298.15778983726875,298.142735070657,298.157340909627,298.1523986817919,100000.0,100000.0000000476
109.4,298.15837606475895,298.1577663806672,298.1427569466663,298.15731880482747,298.15239145892946,100000.0,100000.00000004761
109.45,298.15835084292104,298.1577429946978,298.14277875680307,298.15729676658935,298.15238425781644,100000.0,100000.00000004766
109.5,298.1583256970306,298.1577196791477,298.14280050126547,298.15727479471246,298.1523770783872,100000.0,100000.00000004764
109.55000000000001,298.15830062685893,298.157696433805,298.1428221802514,298.1572528889967,298.1523699205765,100000.0,100000.00000004767
109.60000000000001,298.1582756321782,298.1576732584581,298.1428437939581,298.1572310492431,298.1523627843192,100000.0,100000.00000004769
109.65,298.1582507127607,298.1576501528964,298.14286534258196,298.1572092752529,298.1523556695506,100000.0,100000.0000000477
109.7,298.1582258683802,298.1576271169097,298.14288682631906,298.1571875668281,298.1523485762058,100000.0,100000.00000004774
109.75,298.15820109881065,298.1576041502884,298.14290824536477,298.15716592377123,298.1523415042203,100000.0,100000.00000004776
109.80000000000001,298.1581764038267,298.1575812528239,298.1429295999139,298.1571443458855,298.1523344535299,100000.0,100000.00000004779
109.85000000000001,298.1581517832037,298.1575584243077,298.1429508901606,298.1571228329747,298.1523274240703,100000.0,100000.00000004777
109.9,298.1581272367179,298.15753566453225,298.14297211629855,298.1571013848432,298.1523204157777,100000.0,100000.00000004782
109.95,298.158102764146,298.15751297329064,298.14299327852075,298.1570800012958,298.1523134285883,100000.0,100000.00000004783
110.0,298.1580783652654,298.1574903503764,298.1430143770197,298.15705868213814,298.1523064624387,100000.0,100000.00000004785
110.05000000000001,298.15805403985416,298.1574677955838,298.1430354119873,298.1570374271763,298.15229951726525,100000.0,100000.00000004789
110.10000000000001,298.1580297876912,298.1574453087078,298.14305638361486,298.157016236217,298.1522925930051,100000.0,100000.00000004792
110.15,298.1580056085558,298.1574228895438,298.14307729209304,298.15699510906745,298.1522856895951,100000.0,100000.0000000479
110.2,298.15798150222815,298.1574005378879,298.143098137612,298.15697404553555,298.15227880697256,100000.0,100000.00000004795
110.25,298.157957468489,298.1573782535369,298.14311892036136,298.1569530454297,298.15227194507474,100000.0,100000.00000004796
110.30000000000001,298.15793350711976,298.1573560362881,298.1431396405302,298.15693210855903,298.1522651038394,100000.0,100000.00000004799
110.35000000000001,298.1579096179025,298.15733388593935,298.14316029830684,298.15691123473306,298.1522582832042,100000.0,100000.00000004802
110.4,298.15788580061997,298.15731180228937,298.14318089387916,298.1568904237618,298.1522514831072,100000.0,100000.00000004802
110.45,298.1578620550556,298.1572897851372,298.1432014274345,298.1568696754562,298.1522447034865,100000.0,100000.00000004805
110.5,298.1578383809933,298.15726783428266,298.1432218991597,298.1568489896275,298.1522379442805,100000.0,100000.00000004806
110.55000000000001,298.1578147782179,298.1572459495261,298.14324230924075,298.15682836608755,298.1522312054276,100000.0,100000.0000000481
110.60000000000001,298.15779124651476,298.15722413066845,298.1432626578634,298.15680780464874,298.1522244868667,100000.0,100000.00000004811
110.65,298.15776778566976,298.15720237751134,298.1432829452127,298.15678730512417,298.1522177885365,100000.0,100000.00000004812
110.7,298.15774439546965,298.15718068985683,298.1433031714731,298.15676686732735,298.15221111037624,100000.0,100000.00000004814
110.75,298.1577210757016,298.1571590675078,298.1433233368287,298.1567464910724,298.15220445232507,100000.0,100000.00000004817
110.80000000000001,298.15769782615354,298.1571375102676,298.1433434414627,298.156726176174,298.1521978143225,100000.0,100000.0000000482
110.85000000000001,298.15767464661405,298.15711601794,298.1433634855581,298.1567059224475,298.1521911963082,100000.0,100000.0000000482
110.9,298.1576515368724,298.1570945903298,298.1433834692971,298.1566857297085,298.15218459822194,100000.0,100000.00000004823
110.95,298.1576284967183,298.1570732272419,298.1434033928614,298.1566655977735,298.15217802000365,100000.0,100000.00000004823
111.0,298.15760552594224,298.15705192848213,298.14342325643224,298.1566455264594,298.1521714615936,100000.0,100000.00000004827
111.05000000000001,298.1575826243353,298.15703069385677,298.1434430601904,298.15662551558364,298.15216492293206,100000.0,100000.00000004827
111.10000000000001,298.1575597916892,298.15700952317263,298.14346280431585,298.1566055649642,298.1521584039597,100000.0,100000.00000004828
111.15,298.15753702779637,298.1569884162373,298.1434824889882,298.15658567441966,298.15215190461697,100000.0,100000.00000004831
111.2,298.1575143324497,298.15696737285873,298.1435021143864,298.1565658437692,298.152145424845,100000.0,100000.00000004833
111.25,298.1574917054428,298.15694639284555,298.143521680689,298.1565460728324,298.1521389645848,100000.0,100000.00000004836
111.30000000000001,298.15746914656984,298.15692547600696,298.143541188074,298.15652636142937,298.15213252377765,100000.0,100000.00000004837
111.35000000000001,298.1574466556258,298.15690462215275,298.14356063671875,298.1565067093809,298.1521261023649,100000.0,100000.00000004843
111.4,298.15742423240596,298.1568838310933,298.1435800268001,298.15648711650834,298.1521197002882,100000.0,100000.00000004841
111.45,298.15740187670644,298.15686310263936,298.14359935849444,298.15646758263347,298.1521133174893,100000.0,100000.00000004843
111.5,298.15737958832403,298.1568424366026,298.1436186319776,298.15644810757857,298.1521069539101,100000.0,100000.00000004846
111.55000000000001,298.15735736705597,298.15682183279495,298.14363784742477,298.1564286911666,298.15210060949283,100000.0,100000.00000004847
111.60000000000001,298.1573352127001,298.15680129102907,298.1436570050108,298.1564093332209,298.1520942841798,100000.0,100000.00000004849
111.65,298.15731312505494,298.1567808111182,298.1436761049099,298.15639003356546,298.15208797791325,100000.0,100000.0000000485
111.7,298.1572911039197,298.156760392876,298.1436951472958,298.1563707920248,298.1520816906362,100000.0,100000.00000004855
111.75,298.1572691490941,298.15674003611673,298.1437141323416,298.1563516084238,298.15207542229115,100000.0,100000.00000004855
111.80000000000001,298.15724726037837,298.1567197406554,298.14373306022003,298.15633248258814,298.15206917282126,100000.0,100000.00000004857
111.85000000000001,298.1572254375735,298.15669950630735,298.1437519311032,298.1563134143438,298.15206294216966,100000.0,100000.0000000486
111.9,298.1572036804811,298.15667933288853,298.1437707451627,298.15629440351734,298.15205673027964,100000.0,100000.00000004863
111.95,298.15718198890306,298.15665922021554,298.1437895025698,298.1562754499359,298.15205053709474,100000.0,100000.00000004865
112.0,298.15716036264234,298.1566391681054,298.14380820349487,298.15625655342717,298.1520443625586,100000.0,100000.00000004869
112.05000000000001,298.15713880150224,298.1566191763758,298.1438268481081,298.15623771381917,298.15203820661515,100000.0,100000.00000004869
112.10000000000001,298.1571173052866,298.15659924484487,298.1438454365791,298.1562189309406,298.15203206920836,100000.0,100000.0000000487
112.15,298.1570958737999,298.1565793733314,298.14386396907685,298.15620020462075,298.1520259502824,100000.0,100000.00000004872
112.2,298.15707450684727,298.1565595616546,298.1438824457699,298.15618153468915,298.1520198497816,100000.0,100000.00000004873
112.25,298.1570532042344,298.1565398096343,298.1439008668263,298.1561629209761,298.1520137676505,100000.0,100000.00000004876
112.30000000000001,298.1570319657675,298.1565201170909,298.1439192324136,298.15614436331225,298.1520077038338,100000.0,100000.00000004878
112.35000000000001,298.15701079125347,298.1565004838453,298.14393754269884,298.15612586152884,298.1520016582764,100000.0,100000.0000000488
112.4,298.1569896804997,298.156480909719,298.1439557978485,298.1561074154577,298.1519956309232,100000.0,100000.0000000488
112.45,298.15696863331414,298.15646139453384,298.14397399802857,298.15608902493096,298.15198962171945,100000.0,100000.00000004884
112.5,298.1569476495056,298.1564419381124,298.14399214340466,298.1560706897815,298.1519836306105,100000.0,100000.00000004887
112.55000000000001,298.1569267288829,298.15642254027784,298.1440102341418,298.15605240984235,298.15197765754186,100000.0,100000.0000000489
112.60000000000001,298.1569058712561,298.15640320085356,298.1440282704044,298.1560341849474,298.15197170245926,100000.0,100000.0000000489
112.65,298.1568850764353,298.15638391966377,298.1440462523566,298.1560160149309,298.15196576530843,100000.0,100000.00000004892
112.7,298.15686434423145,298.15636469653316,298.1440641801619,298.1559978996276,298.1519598460354,100000.0,100000.00000004895
112.75,298.156843674456,298.1563455312868,298.14408205398337,298.1559798388728,298.1519539445864,100000.0,100000.00000004898
112.80000000000001,298.156823066921,298.15632642375044,298.1440998739835,298.1559618325021,298.1519480609078,100000.0,100000.000000049
112.85000000000001,298.156802521439,298.15630737375034,298.14411764032445,298.15594388035186,298.15194219494583,100000.0,100000.00000004901
112.9,298.15678203782306,298.15628838111326,298.14413535316777,298.15592598225874,298.1519363466475,100000.0,100000.00000004904
112.95,298.15676161588704,298.15626944566634,298.14415301267445,298.15590813806,298.15193051595935,100000.0,100000.00000004907
113.0,298.1567412554451,298.1562505672375,298.1441706190053,298.15589034759336,298.15192470282847,100000.0,100000.00000004908
113.05000000000001,298.15672095631214,298.1562317456551,298.14418817232024,298.1558726106971,298.151918907202,100000.0,100000.00000004908
113.10000000000001,298.1567007183035,298.15621298074774,298.144205672779,298.1558549272097,298.1519131290272,100000.0,100000.00000004908
113.15,298.1566805412351,298.1561942723449,298.14422312054074,298.1558372969705,298.1519073682515,100000.0,100000.00000004913
113.2,298.15666042492364,298.1561756202765,298.14424051576407,298.1558197198192,298.1519016248226,100000.0,100000.00000004914
113.25,298.1566403691859,298.15615702437276,298.1442578586074,298.15580219559575,298.1518958986881,100000.0,100000.00000004917
113.30000000000001,298.1566203738396,298.1561384844647,298.1442751492282,298.1557847241409,298.15189018979606,100000.0,100000.00000004919
113.35000000000001,298.1566004387029,298.15612000038357,298.1442923877838,298.15576730529585,298.15188449809455,100000.0,100000.00000004924
113.4,298.1565805635945,298.15610157196136,298.1443095744311,298.155749938902,298.1518788235317,100000.0,100000.00000004921
113.45,298.1565607483336,298.1560831990305,298.1443267093262,298.1557326248015,298.1518731660561,100000.0,100000.00000004926
113.5,298.15654099274,298.15606488142373,298.14434379262514,298.1557153628369,298.15186752561607,100000.0,100000.00000004927
113.55000000000001,298.1565212966341,298.15604661897464,298.1443608244832,298.15569815285113,298.1518619021605,100000.0,100000.0000000493
113.60000000000001,298.1565016598367,298.1560284115171,298.1443778050552,298.1556809946877,298.1518562956381,100000.0,100000.00000004933
113.65,298.1564820821692,298.15601025888543,298.1443947344957,298.15566388819065,298.15185070599796,100000.0,100000.00000004936
113.7,298.1564625634536,298.1559921609146,298.1444116129586,298.1556468332043,298.1518451331893,100000.0,100000.00000004936
113.75,298.1564431035124,298.1559741174401,298.1444284405974,298.1556298295736,298.1518395771613,100000.0,100000.00000004939
113.80000000000001,298.15642370216847,298.1559561282977,298.14444521756513,298.15561287714394,298.15183403786347,100000.0,100000.00000004942
113.85000000000001,298.1564043592456,298.1559381933238,298.14446194401444,298.15559597576106,298.15182851524554,100000.0,100000.00000004942
113.9,298.1563850745677,298.15592031235536,298.1444786200974,298.15557912527123,298.15182300925716,100000.0,100000.00000004945
113.95,298.1563658479594,298.1559024852297,298.14449524596563,298.1555623255213,298.15181751984835,100000.0,100000.00000004946
114.0,298.156346679246,298.1558847117848,298.1445118217704,298.15554557635846,298.15181204696904,100000.0,100000.0000000495
114.05000000000001,298.1563275682529,298.15586699185894,298.14452834766246,298.15552887763033,298.15180659056966,100000.0,100000.00000004949
114.10000000000001,298.1563085148065,298.1558493252909,298.14454482379205,298.1555122291851,298.1518011506004,100000.0,100000.0000000495
114.15,298.1562895187335,298.1558317119201,298.14456125030904,298.1554956308713,298.151795727012,100000.0,100000.00000004952
114.2,298.15627057986103,298.1558141515863,298.1445776273629,298.155479082538,298.1517903197548,100000.0,100000.00000004956
114.25,298.15625169801694,298.15579664412985,298.14459395510244,298.15546258403475,298.15178492878,100000.0,100000.00000004956
114.30000000000001,298.15623287302947,298.1557791893915,298.14461023367625,298.1554461352115,298.1517795540383,100000.0,100000.0000000496
114.35000000000001,298.1562141047274,298.15576178721255,298.1446264632323,298.1554297359185,298.15177419548087,100000.0,100000.00000004962
114.4,298.1561953929401,298.1557444374346,298.1446426439183,298.15541338600684,298.15176885305914,100000.0,100000.00000004962
114.45,298.15617673749733,298.1557271399,298.14465877588134,298.15539708532765,298.1517635267243,100000.0,100000.00000004965
114.5,298.15615813822944,298.15570989445143,298.1446748592681,298.15538083373275,298.1517582164281,100000.0,100000.00000004965
114.55000000000001,298.1561395949674,298.155692700932,298.14469089422494,298.15536463107435,298.15175292212217,100000.0,100000.00000004967
114.60000000000001,298.15612110754233,298.1556755591853,298.1447068808976,298.155348477205,298.15174764375826,100000.0,100000.00000004971
114.65,298.1561026757863,298.1556584690555,298.1447228194315,298.1553323719779,298.1517423812885,100000.0,100000.00000004972
114.7,298.1560842995316,298.15564143038716,298.1447387099716,298.1553163152465,298.151737134665,100000.0,100000.00000004974
114.75,298.1560659786111,298.1556244430253,298.14475455266245,298.15530030686483,298.15173190383996,100000.0,100000.00000004975
114.80000000000001,298.15604771285814,298.1556075068155,298.1447703476481,298.15528434668727,298.1517266887659,100000.0,100000.00000004977
114.85000000000001,298.15602950210666,298.1555906216036,298.1447860950722,298.1552684345687,298.1517214893954,100000.0,100000.0000000498
114.9,298.15601134619106,298.1555737872361,298.144801795078,298.1552525703644,298.15171630568113,100000.0,100000.0000000498
114.95,298.15599324494616,298.15555700356003,298.14481744780824,298.15523675393007,298.15171113757594,100000.0,100000.00000004984
115.0,298.1559751982074,298.15554027042253,298.1448330534053,298.15522098512184,298.1517059850329,100000.0,100000.00000004983
115.05000000000001,298.1559572058106,298.15552358767155,298.14484861201106,298.1552052637963,298.151700848005,100000.0,100000.00000004985
115.10000000000001,298.15593926759215,298.1555069551553,298.1448641237671,298.15518958981056,298.15169572644567,100000.0,100000.00000004991
115.15,298.1559213833889,298.1554903727226,298.14487958881443,298.155173963022,298.15169062030833,100000.0,100000.00000004991
115.2,298.15590355303823,298.15547384022256,298.1448950072938,298.15515838328844,298.15168552954634,100000.0,100000.00000004994
115.25,298.1558857763779,298.1554573575048,298.14491037934533,298.15514285046834,298.15168045411366,100000.0,100000.00000004993
115.30000000000001,298.1558680532463,298.15544092441957,298.1449257051088,298.1551273644203,298.151675393964,100000.0,100000.00000004994
115.35000000000001,298.1558503834823,298.15542454081725,298.1449409847236,298.1551119250036,298.1516703490514,100000.0,100000.00000004999
115.4,298.1558327669251,298.15540820654894,298.1449562183288,298.1550965320777,298.1516653193299,100000.0,100000.00000005
115.45,298.1558152034145,298.15539192146605,298.14497140606284,298.15508118550275,298.15166030475376,100000.0,100000.00000005
115.5,298.15579769279077,298.15537568542044,298.1449865480639,298.15506588513904,298.1516553052775,100000.0,100000.00000005003
115.55000000000001,298.15578023489473,298.1553594982645,298.14500164446963,298.1550506308475,298.1516503208555,100000.0,100000.00000005003
115.60000000000001,298.15576282956755,298.15534335985103,298.14501669541744,298.15503542248933,298.1516453514425,100000.0,100000.00000005007
115.65,298.15574547665096,298.1553272700331,298.1450317010441,298.1550202599263,298.1516403969933,100000.0,100000.00000005009
115.7,298.1557281759871,298.1553112286647,298.1450466614861,298.15500514302045,298.1516354574628,100000.0,100000.00000005009
115.75,298.1557109274186,298.1552952355996,298.1450615768795,298.1549900716344,298.15163053280617,100000.0,100000.00000005012
115.80000000000001,298.1556937307887,298.15527929069253,298.14507644736,298.1549750456309,298.15162562297854,100000.0,100000.00000005016
115.85000000000001,298.15567658594097,298.15526339379846,298.14509127306286,298.1549600648735,298.15162072793527,100000.0,100000.00000005016
115.9,298.15565949271945,298.1552475447728,298.1451060541228,298.1549451292258,298.1516158476319,100000.0,100000.00000005016
115.95,298.1556424509686,298.1552317434714,298.1451207906743,298.154930238552,298.15161098202395,100000.0,100000.0000000502
116.0,298.15562546053366,298.1552159897506,298.1451354828514,298.15491539271676,298.15160613106724,100000.0,100000.0000000502
116.05000000000001,298.15560852125986,298.155200283467,298.1451501307878,298.154900591585,298.1516012947177,100000.0,100000.00000005022
116.10000000000001,298.1555916329934,298.15518462447795,298.1451647346165,298.154885835022,298.1515964729312,100000.0,100000.00000005026
116.15,298.15557479558043,298.1551690126409,298.1451792944705,298.1548711228937,298.15159166566394,100000.0,100000.00000005026
116.2,298.15555800886796,298.15515344781386,298.14519381048217,298.15485645506635,298.1515868728723,100000.0,100000.00000005029
116.25,298.1555412727033,298.1551379298554,298.1452082827835,298.15484183140643,298.1515820945126,100000.0,100000.00000005032
116.30000000000001,298.1555245869343,298.1551224586242,298.1452227115061,298.15482725178094,298.1515773305414,100000.0,100000.00000005032
116.35000000000001,298.1555079514091,298.15510703397973,298.1452370967812,298.1548127160574,298.1515725809154,100000.0,100000.00000005035
116.4,298.1554913659765,298.1550916557816,298.14525143873976,298.1547982241035,298.15156784559133,100000.0,100000.00000005035
116.45,298.15547483048556,298.15507632389,298.14526573751203,298.15478377578745,298.15156312452615,100000.0,100000.00000005038
116.5,298.155458344786,298.1550610381655,298.14527999322814,298.15476937097793,298.151558417677,100000.0,100000.00000005041
116.55000000000001,298.1554419087279,298.155045798469,298.14529420601775,298.15475500954386,298.151553725001,100000.0,100000.00000005044
116.60000000000001,298.15542552216164,298.1550306046621,298.14530837601,298.1547406913547,298.1515490464555,100000.0,100000.00000005045
116.65,298.1554091849383,298.1550154566064,298.14532250333394,298.1547264162801,298.151544381998,100000.0,100000.00000005048
116.7,298.1553928969093,298.15500035416426,298.14533658811797,298.1547121841904,298.15153973158596,100000.0,100000.0000000505
116.75,298.15537665792647,298.1549852971982,298.14535063049016,298.154697994956,298.1515350951771,100000.0,100000.00000005052
116.80000000000001,298.1553604678421,298.15497028557144,298.14536463057823,298.154683848448,298.1515304727294,100000.0,100000.00000005052
116.85000000000001,298.15534432650907,298.1549553191474,298.1453785885095,298.1546697445376,298.1515258642006,100000.0,100000.00000005057
116.9,298.15532823378044,298.1549403977899,298.14539250441095,298.1546556830967,298.15152126954905,100000.0,100000.00000005058
116.95,298.1553121895099,298.15492552136334,298.1454063784091,298.15464166399727,298.1515166887327,100000.0,100000.00000005061
117.0,298.15529619355164,298.1549106897324,298.14542021063016,298.15462768711194,298.1515121217101,100000.0,100000.00000005061
117.05000000000001,298.15528024575997,298.1548959027621,298.1454340012,298.1546137523135,298.1515075684396,100000.0,100000.00000005064
117.10000000000001,298.15526434599,298.1548811603181,298.1454477502438,298.1545998594752,298.15150302887974,100000.0,100000.00000005066
117.15,298.1552484940971,298.1548664622662,298.1454614578868,298.15458600847074,298.15149850298945,100000.0,100000.00000005067
117.2,298.1552326899372,298.1548518084728,298.14547512425366,298.1545721991742,298.1514939907273,100000.0,100000.0000000507
117.25,298.1552169333664,298.1548371988046,298.14548874946865,298.15455843145986,298.1514894920525,100000.0,100000.00000005071
117.30000000000001,298.1552012242414,298.15482263312873,298.1455023336556,298.1545447052026,298.1514850069239,100000.0,100000.00000005076
117.35000000000001,298.1551855624195,298.1548081113128,298.14551587693813,298.15453102027766,298.15148053530095,100000.0,100000.00000005076
117.4,298.1551699477581,298.1547936332246,298.1455293794395,298.1545173765604,298.15147607714283,100000.0,100000.00000005077
117.45,298.1551543801153,298.1547791987325,298.1455428412823,298.1545037739269,298.15147163240897,100000.0,100000.00000005079
117.5,298.15513885934945,298.1547648077053,298.14555626258914,298.15449021225334,298.15146720105906,100000.0,100000.00000005083
117.55000000000001,298.15512338531937,298.1547504600121,298.14556964348196,298.1544766914164,298.15146278305264,100000.0,100000.00000005086
117.60000000000001,298.15510795788447,298.1547361555223,298.14558298408247,298.15446321129315,298.15145837834973,100000.0,100000.00000005086
117.65,298.1550925769043,298.15472189410593,298.14559628451207,298.15444977176094,298.15145398691016,100000.0,100000.00000005086
117.7,298.15507724223903,298.1547076756333,298.1456095448917,298.1544363726976,298.151449608694,100000.0,100000.0000000509
117.75,298.1550619537492,298.154693499975,298.14562276534195,298.1544230139813,298.15144524366144,100000.0,100000.00000005092
117.80000000000001,298.15504671129577,298.1546793670022,298.14563594598303,298.1544096954905,298.1514408917727,100000.0,100000.00000005093
117.85000000000001,298.15503151474013,298.1546652765863,298.1456490869348,298.15439641710395,298.1514365529884,100000.0,100000.00000005096
117.9,298.155016363944,298.15465122859916,298.1456621883168,298.1543831787011,298.1514322272689,100000.0,100000.00000005099
117.95,298.1550012587697,298.15463722291304,298.14567525024825,298.1543699801615,298.1514279145749,100000.0,100000.00000005098
118.0,298.15498619907976,298.15462325940064,298.1456882728478,298.154356821365,298.1514236148672,100000.0,100000.00000005102
118.05000000000001,298.1549711847373,298.15460933793474,298.145701256234,298.154343702192,298.1514193281068,100000.0,100000.00000005105
118.10000000000001,298.1549562156057,298.154595458389,298.1457142005249,298.1543306225233,298.1514150542545,100000.0,100000.00000005102
118.15,298.15494129154877,298.15458162063703,298.1457271058382,298.15431758223974,298.15141079327157,100000.0,100000.00000005105
118.2,298.154926412431,298.154567824553,298.14573997229127,298.15430458122285,298.15140654511924,100000.0,100000.00000005106
118.25,298.15491157811687,298.1545540700115,298.1457528000011,298.15429161935435,298.1514023097588,100000.0,100000.00000005109
118.30000000000001,298.1548967884715,298.15454035688737,298.1457655890845,298.15427869651637,298.1513980871519,100000.0,100000.00000005114
118.35000000000001,298.15488204336043,298.1545266850559,298.1457783396575,298.1542658125914,298.1513938772599,100000.0,100000.00000005114
118.4,298.15486734264954,298.1545130543928,298.14579105183634,298.15425296746224,298.15138968004476,100000.0,100000.00000005115
118.45,298.1548526862051,298.15449946477406,298.1458037257365,298.15424016101207,298.15138549546805,100000.0,100000.00000005116
118.5,298.154838073894,298.15448591607617,298.1458163614733,298.1542273931244,298.151381323492,100000.0,100000.00000005121
118.55000000000001,298.15482350558307,298.1544724081758,298.1458289591616,298.1542146636832,298.1513771640785,100000.0,100000.00000005121
118.60000000000001,298.1548089811399,298.1544589409501,298.145841518916,298.15420197257254,298.15137301718966,100000.0,100000.00000005122
118.65,298.15479450043256,298.15444551427674,298.1458540408507,298.1541893196772,298.1513688827879,100000.0,100000.00000005125
118.7,298.15478006332916,298.1544321280335,298.1458665250796,298.15417670488193,298.1513647608356,100000.0,100000.00000005124
118.75,298.1547656696985,298.15441878209856,298.14587897171623,298.15416412807207,298.15136065129514,100000.0,100000.00000005128
118.80000000000001,298.1547513194097,298.1544054763507,298.1458913808739,298.15415158913333,298.1513565541293,100000.0,100000.0000000513
118.85000000000001,298.15473701233213,298.15439221066885,298.1459037526652,298.15413908795153,298.1513524693007,100000.0,100000.00000005134
118.9,298.15472274833576,298.15437898493235,298.14591608720286,298.15412662441304,298.1513483967724,100000.0,100000.00000005134
118.95,298.15470852729084,298.15436579902087,298.1459283845991,298.15411419840456,298.1513443365071,100000.0,100000.00000005137
119.0,298.15469434906805,298.15435265281457,298.1459406449656,298.15410180981297,298.1513402884681,100000.0,100000.00000005137
119.05000000000001,298.1546802135384,298.1543395461939,298.14595286841393,298.1540894585257,298.1513362526183,100000.0,100000.00000005143
119.10000000000001,298.15466612057344,298.1543264790396,298.1459650550553,298.1540771444303,298.1513322289213,100000.0,100000.00000005143
119.15,298.15465207004496,298.1543134512328,298.14597720500046,298.1540648674149,298.15132821734034,100000.0,100000.00000005146
119.2,298.1546380618251,298.1543004626551,298.14598931835997,298.15405262736783,298.151324217839,100000.0,100000.00000005147
119.25,298.1546240957865,298.15428751318836,298.14600139524396,298.1540404241777,298.15132023038086,100000.0,100000.00000005148
119.30000000000001,298.1546101718022,298.1542746027148,298.14601343576226,298.1540282577336,298.15131625492967,100000.0,100000.00000005151
119.35000000000001,298.1545962897455,298.15426173111695,298.1460254400244,298.1540161279249,298.15131229144924,100000.0,100000.00000005154
119.4,298.15458244949014,298.15424889827784,298.1460374081396,298.15400403464116,298.1513083399036,100000.0,100000.00000005156
119.45,298.1545686509103,298.1542361040807,298.14604934021656,298.1539919777725,298.15130440025683,100000.0,100000.0000000516
119.5,298.15455489388046,298.15422334840923,298.14606123636395,298.1539799572092,298.15130047247294,100000.0,100000.0000000516
119.55000000000001,298.1545411782755,298.15421063114735,298.1460730966899,298.153967972842,298.15129655651634,100000.0,100000.00000005162
119.60000000000001,298.1545275039707,298.1541979521794,298.1460849213023,298.15395602456186,298.15129265235146,100000.0,100000.00000005163
119.65,298.15451387084175,298.15418531139017,298.1460967103086,298.15394411226026,298.1512887599427,100000.0,100000.00000005163
119.7,298.15450027876454,298.1541727086646,298.1461084638161,298.1539322358286,298.1512848792546,100000.0,100000.00000005166
119.75,298.15448672761556,298.15416014388813,298.1461201819317,298.1539203951591,298.15128101025203,100000.0,100000.00000005167
119.80000000000001,298.1544732172715,298.1541476169464,298.14613186476197,298.153908590144,298.1512771528997,100000.0,100000.0000000517
119.85000000000001,298.1544597476095,298.15413512772557,298.1461435124131,298.1538968206758,298.15127330716257,100000.0,100000.00000005175
119.9,298.1544463185071,298.154122676112,298.146155124991,298.15388508664773,298.15126947300564,100000.0,100000.00000005175
119.95,298.1544329298422,298.15411026199257,298.1461667026014,298.1538733879529,298.151265650394,100000.0,100000.00000005175
120.0,298.1544195814929,298.15409788525426,298.1461782453496,298.1538617244849,298.151261839293,100000.0,100000.00000005178
120.05000000000001,298.1544062733379,298.1540855457845,298.1461897533404,298.1538500961377,298.1512580396678,100000.0,100000.00000005179
120.10000000000001,298.1543930052561,298.1540732434711,298.1462012266786,298.15383850280557,298.1512542514841,100000.0,100000.0000000518
120.15,298.15437977712696,298.1540609782022,298.1462126654685,298.15382694438307,298.15125047470724,100000.0,100000.00000005183
120.2,298.15436658883004,298.1540487498662,298.1462240698142,298.153815420765,298.1512467093029,100000.0,100000.00000005185
120.25,298.15435344024553,298.154036558352,298.1462354398193,298.15380393184665,298.1512429552369,100000.0,100000.00000005186
120.30000000000001,298.1543403312537,298.15402440354853,298.1462467755873,298.15379247752355,298.1512392124751,100000.0,100000.00000005189
120.35000000000001,298.15432726173543,298.15401228534546,298.1462580772213,298.1537810576914,298.1512354809834,100000.0,100000.0000000519
120.4,298.15431423157185,298.15400020363245,298.14626934482396,298.1537696722464,298.15123176072785,100000.0,100000.00000005192
120.45,298.1543012406444,298.1539881582996,298.1462805784979,298.1537583210851,298.1512280516747,100000.0,100000.00000005192
120.5,298.154288288835,298.15397614923745,298.14629177834524,298.1537470041041,298.15122435379016,100000.0,100000.00000005195
120.55000000000001,298.1542753760258,298.1539641763368,298.1463029444678,298.15373572120063,298.1512206670407,100000.0,100000.00000005198
120.60000000000001,298.1542625020994,298.15395223948866,298.14631407696714,298.1537244722721,298.15121699139263,100000.0,100000.000000052
120.65,298.15424966693877,298.1539403385845,298.1463251759445,298.153713257216,298.15121332681264,100000.0,100000.00000005201
120.7,298.15423687042704,298.15392847351615,298.14633624150093,298.1537020759305,298.1512096732673,100000.0,100000.00000005204
120.75,298.15422411244793,298.15391664417564,298.1463472737369,298.1536909283138,298.1512060307234,100000.0,100000.00000005202
120.80000000000001,298.1542113928854,298.1539048504553,298.1463582727529,298.15367981426465,298.15120239914796,100000.0,100000.00000005207
120.85000000000001,298.15419871162374,298.1538930922481,298.14636923864884,298.1536687336818,298.1511987785078,100000.0,100000.0000000521
120.9,298.1541860685477,298.15388136944694,298.14638017152447,298.15365768646467,298.15119516877,100000.0,100000.00000005211
120.95,298.1541734635422,298.15386968194525,298.14639107147923,298.1536466725127,298.15119156990187,100000.0,100000.00000005215
121.0,298.1541608964926,298.1538580296367,298.14640193861237,298.1536356917257,298.1511879818706,100000.0,100000.00000005215
121.05000000000001,298.1541483672847,298.1538464124154,298.14641277302246,298.1536247440038,298.1511844046434,100000.0,100000.00000005218
121.10000000000001,298.15413587580446,298.1538348301756,298.1464235748083,298.1536138292475,298.15118083818794,100000.0,100000.0000000522
121.15,298.1541234219383,298.153823282812,298.14643434406804,298.15360294735746,298.1511772824717,100000.0,100000.0000000522
121.2,298.154111005573,298.15381177021965,298.1464450808995,298.1535920982348,298.15117373746244,100000.0,100000.00000005221
121.25,298.15409862659567,298.15380029229374,298.1464557854006,298.1535812817807,298.1511702031277,100000.0,100000.00000005224
121.30000000000001,298.15408628489354,298.15378884892993,298.14646645766834,298.153570497897,298.1511666794356,100000.0,100000.00000005227
121.35000000000001,298.1540739803546,298.15377744002416,298.1464770978,298.1535597464854,298.15116316635397,100000.0,100000.00000005229
121.4,298.1540617128668,298.15376606547267,298.14648770589235,298.1535490274483,298.15115966385076,100000.0,100000.00000005231
121.45,298.15404948231867,298.15375472517195,298.1464982820419,298.1535383406882,298.1511561718943,100000.0,100000.00000005234
121.5,298.15403728859883,298.15374341901895,298.14650882634464,298.1535276861078,298.1511526904527,100000.0,100000.00000005236
121.55000000000001,298.15402513159654,298.1537321469108,298.1465193388966,298.15351706361025,298.1511492194944,100000.0,100000.00000005237
121.60000000000001,298.15401301120113,298.1537209087451,298.1465298197934,298.153506473099,298.15114575898775,100000.0,100000.00000005239
121.65,298.15400092730243,298.1537097044194,298.14654026913036,298.1534959144777,298.1511423089013,100000.0,100000.00000005242
121.7,298.1539888797905,298.15369853383197,298.14655068700245,298.1534853876502,298.1511388692037,100000.0,100000.00000005243
121.75,298.1539768685558,298.1536873968812,298.1465610735045,298.15347489252093,298.15113543986365,100000.0,100000.00000005246
121.80000000000001,298.15396489348916,298.15367629346576,298.14657142873085,298.1534644289944,298.15113202084996,100000.0,100000.0000000525
121.85000000000001,298.1539529544815,298.1536652234848,298.1465817527758,298.15345399697543,298.1511286121315,100000.0,100000.0000000525
121.9,298.1539410514244,298.15365418683746,298.1465920457332,298.15344359636913,298.15112521367735,100000.0,100000.0000000525
121.95,298.1539291842096,298.15364318342347,298.14660230769664,298.15343322708094,298.1511218254565,100000.0,100000.00000005253
122.0,298.15391735272897,298.1536322131427,298.1466125387594,298.1534228890165,298.15111844743825,100000.0,100000.00000005255
122.05000000000001,298.1539055568752,298.1536212758955,298.1466227390147,298.1534125820819,298.1511150795918,100000.0,100000.00000005255
122.10000000000001,298.15389379654073,298.1536103715823,298.14663290855515,298.1534023061833,298.15111172188654,100000.0,100000.00000005259
122.15,298.15388207161885,298.1535995001039,298.1466430474733,298.1533920612273,298.151108374292,100000.0,100000.0000000526
122.2,298.15387038200276,298.1535886613615,298.14665315586126,298.15338184712067,298.15110503677755,100000.0,100000.00000005262
122.25,298.1538587275862,298.1535778552565,298.14666323381107,298.15337166377054,298.151101709313,100000.0,100000.00000005265
122.30000000000001,298.1538471082633,298.15356708169065,298.14667328141445,298.1533615110843,298.1510983918681,100000.0,100000.00000005268
122.35000000000001,298.15383552392814,298.15355634056596,298.1466832987626,298.1533513889697,298.15109508441253,100000.0,100000.00000005268
122.4,298.1538239744756,298.1535456317847,298.14669328594675,298.1533412973346,298.1510917869164,100000.0,100000.0000000527
122.45,298.15381245980046,298.1535349552495,298.1467032430577,298.1533312360872,298.1510884993496,100000.0,100000.00000005275
122.5,298.1538009797981,298.1535243108633,298.146713170186,298.153321205136,298.1510852216822,100000.0,100000.00000005274
122.55000000000001,298.15378953436414,298.1535136985292,298.1467230674219,298.1533112043898,298.1510819538845,100000.0,100000.0000000528
122.60000000000001,298.1537781233944,298.1535031181508,298.14673293485544,298.1533012337577,298.1510786959267,100000.0,100000.0000000528
122.65,298.1537667467851,298.1534925696318,298.14674277257643,298.153291293149,298.1510754477792,100000.0,100000.00000005282
122.7,298.1537554044329,298.1534820528763,298.14675258067416,298.15328138247315,298.15107220941246,100000.0,100000.00000005282
122.75,298.1537440962345,298.15347156778864,298.14676235923804,298.1532715016401,298.15106898079705,100000.0,100000.00000005287
122.80000000000001,298.15373282208714,298.15346111427345,298.14677210835686,298.1532616505601,298.15106576190357,100000.0,100000.00000005288
122.85000000000001,298.15372158188825,298.1534506922357,298.14678182811934,298.1532518291435,298.15106255270274,100000.0,100000.00000005291
122.9,298.15371037553564,298.15344030158053,298.1467915186139,298.15324203730097,298.15105935316535,100000.0,100000.00000005291
122.95,298.15369920292744,298.15342994221356,298.14680117992856,298.1532322749433,298.1510561632624,100000.0,100000.00000005294
123.0,298.1536880639619,298.15341961404044,298.14681081215133,298.153222541982,298.1510529829648,100000.0,100000.00000005297
123.05000000000001,298.15367695853774,298.15340931696744,298.1468204153697,298.1532128383283,298.1510498122437,100000.0,100000.00000005297
123.10000000000001,298.1536658865541,298.15339905090065,298.14682998967106,298.1532031638941,298.15104665107015,100000.0,100000.00000005301
123.15,298.15365484791016,298.1533888157469,298.1468395351425,298.15319351859137,298.1510434994155,100000.0,100000.00000005301
123.2,298.1536438425055,298.153378611413,298.1468490518708,298.15318390233233,298.151040357251,100000.0,100000.00000005303
123.25,298.1536328702402,298.1533684378062,298.1468585399425,298.15317431502956,298.15103722454813,100000.0,100000.00000005307
123.30000000000001,298.15362193101436,298.15335829483394,298.14686799944394,298.1531647565959,298.1510341012784,100000.0,100000.00000005307
123.35000000000001,298.15361102472843,298.153348182404,298.14687743046113,298.1531552269445,298.15103098741344,100000.0,100000.00000005311
123.4,298.1536001512833,298.15333810042443,298.14688683307975,298.15314572598845,298.1510278829249,100000.0,100000.00000005313
123.45,298.1535893105801,298.1533280488035,298.14689620738545,298.1531362536416,298.1510247877845,100000.0,100000.00000005313
123.5,298.1535785025202,298.15331802744976,298.14690555346345,298.15312680981765,298.15102170196405,100000.0,100000.00000005316
123.55000000000001,298.15356772700534,298.15330803627216,298.14691487139874,298.1531173944307,298.15101862543565,100000.0,100000.00000005317
123.60000000000001,298.1535569839374,298.1532980751798,298.146924161276,298.15310800739525,298.1510155581712,100000.0,100000.0000000532
123.65,298.1535462732189,298.1532881440821,298.1469334231798,298.1530986486258,298.1510125001429,100000.0,100000.00000005323
123.7,298.1535355947522,298.15327824288875,298.1469426571943,298.15308931803736,298.15100945132275,100000.0,100000.00000005323
123.75,298.15352494844035,298.1532683715096,298.14695186340356,298.15308001554496,298.1510064116833,100000.0,100000.00000005326
123.80000000000001,298.1535143341864,298.15325852985495,298.14696104189125,298.153070741064,298.15100338119663,100000.0,100000.00000005329
123.85000000000001,298.15350375189394,298.15324871783537,298.14697019274087,298.1530614945102,298.15100035983534,100000.0,100000.00000005332
123.9,298.1534932014666,298.1532389353615,298.14697931603564,298.1530522757995,298.1509973475719,100000.0,100000.00000005335
123.95,298.15348268280854,298.1532291823444,298.1469884118585,298.1530430848479,298.15099434437894,100000.0,100000.00000005335
124.0,298.153472195824,298.1532194586954,298.1469974802922,298.153033921572,298.1509913502291,100000.0,100000.00000005338
124.05000000000001,298.1534617404177,298.1532097643261,298.14700652141926,298.1530247858883,298.1509883650952,100000.0,100000.0000000534
124.10000000000001,298.1534513164945,298.1532000991482,298.1470155353218,298.1530156777138,298.1509853889502,100000.0,100000.0000000534
124.15,298.1534409239597,298.15319046307394,298.1470245220819,298.15300659696567,298.15098242176674,100000.0,100000.00000005346
124.2,298.15343056271854,298.15318085601564,298.14703348178125,298.15299754356124,298.15097946351807,100000.0,100000.00000005348
124.25,298.15342023267704,298.1531712778859,298.14704241450136,298.15298851741835,298.15097651417716,100000.0,100000.00000005351
124.30000000000001,298.1534099337411,298.15316172859764,298.1470513203234,298.15297951845474,298.15097357371735,100000.0,100000.00000005352
124.35000000000001,298.1533996658171,298.15315220806406,298.1470601993284,298.1529705465886,298.1509706421117,100000.0,100000.00000005354
124.4,298.1533894288117,298.15314271619843,298.1470690515971,298.15296160173847,298.15096771933366,100000.0,100000.00000005355
124.45,298.15337922263177,298.1531332529146,298.1470778772101,298.1529526838228,298.1509648053567,100000.0,100000.00000005358
124.5,298.1533690471845,298.15312381812635,298.14708667624757,298.1529437927606,298.1509619001542,100000.0,100000.00000005361
124.55000000000001,298.1533589023773,298.153114411748,298.1470954487895,298.152934928471,298.15095900369977,100000.0,100000.00000005364
124.60000000000001,298.15334878811797,298.1531050336939,298.14710419491576,298.1529260908733,298.1509561159671,100000.0,100000.00000005367
124.65,298.1533387043145,298.15309568387886,298.1471129147059,298.1529172798873,298.15095323693,100000.0,100000.00000005368
124.7,298.1533286508751,298.1530863622177,298.1471216082391,298.1529084954327,298.15095036656203,100000.0,100000.0000000537
124.75,298.1533186277085,298.15307706862586,298.1471302755946,298.15289973742966,298.15094750483735,100000.0,100000.00000005373
124.80000000000001,298.1533086347234,298.15306780301864,298.1471389168511,298.15289100579855,298.15094465172984,100000.0,100000.00000005373
124.85000000000001,298.153298671829,298.1530585653118,298.14714753208716,298.15288230046,298.15094180721354,100000.0,100000.00000005375
124.9,298.15328873893463,298.1530493554214,298.1471561213813,298.1528736213348,298.1509389712626,100000.0,100000.00000005378
124.95,298.15327883595006,298.1530401732636,298.1471646848114,298.1528649683439,298.1509361438512,100000.0,100000.00000005378
125.0,298.1532689627851,298.153031018755,298.1471732224556,298.15285634140884,298.1509333249536,100000.0,100000.00000005381
125.05000000000001,298.1532591193501,298.15302189181216,298.1471817343913,298.15284774045097,298.1509305145443,100000.0,100000.00000005384
125.10000000000001,298.15324930555533,298.1530127923523,298.14719022069613,298.15283916539215,298.1509277125976,100000.0,100000.00000005384
125.15,298.1532395213118,298.15300372029253,298.1471986814471,298.15283061615435,298.1509249190881,100000.0,100000.00000005387
125.2,298.1532297665303,298.1529946755503,298.1472071167213,298.1528220926599,298.1509221339903,100000.0,100000.00000005387
125.25,298.15322004112215,298.15298565804346,298.14721552659535,298.1528135948311,298.15091935727895,100000.0,100000.0000000539
125.30000000000001,298.153210344999,298.1529766676899,298.1472239111457,298.15280512259096,298.1509165889288,100000.0,100000.00000005391
125.35000000000001,298.1532006780727,298.15296770440796,298.14723227044874,298.15279667586213,298.1509138289146,100000.0,100000.00000005393
125.4,298.1531910402552,298.15295876811615,298.14724060458036,298.15278825456795,298.15091107721133,100000.0,100000.00000005396
125.45,298.1531814314589,298.152949858733,298.1472489136164,298.15277985863185,298.15090833379395,100000.0,100000.00000005396
125.5,298.1531718515964,298.15294097617766,298.1472571976325,298.1527714879774,298.15090559863756,100000.0,100000.00000005399
125.55000000000001,298.15316230058056,298.1529321203693,298.14726545670385,298.1527631425285,298.1509028717171,100000.0,100000.000000054
125.60000000000001,298.1531527783246,298.15292329122735,298.1472736909057,298.1527548222092,298.1509001530079,100000.0,100000.00000005405
125.65,298.1531432847419,298.1529144886715,298.1472819003129,298.15274652694393,298.1508974424853,100000.0,100000.00000005407
125.7,298.153133819746,298.15290571262176,298.14729008500007,298.1527382566572,298.15089474012456,100000.0,100000.00000005407
125.75,298.153124383251,298.15289696299834,298.1472982450417,298.1527300112738,298.150892045901,100000.0,100000.00000005409
125.80000000000001,298.15311497517087,298.15288823972156,298.14730638051196,298.15272179071866,298.1508893597903,100000.0,100000.0000000541
125.85000000000001,298.15310559542024,298.1528795427121,298.14731449148485,298.1527135949171,298.15088668176804,100000.0,100000.00000005413
125.9,298.15309624391375,298.15287087189097,298.14732257803416,298.15270542379466,298.1508840118097,100000.0,100000.00000005416
125.95,298.15308692056624,298.15286222717924,298.1473306402334,298.15269727727684,298.1508813498911,100000.0,100000.00000005418
126.0,298.15307762529307,298.1528536084983,298.14733867815596,298.1526891552897,298.15087869598807,100000.0,100000.0000000542
126.05000000000001,298.1530683580096,298.1528450157697,298.1473466918748,298.15268105775937,298.15087605007636,100000.0,100000.00000005422
126.10000000000001,298.15305911863163,298.15283644891537,298.14735468146296,298.15267298461214,298.15087341213194,100000.0,100000.00000005423
126.15,298.15304990707506,298.1528279078574,298.147362646993,298.1526649357745,298.15087078213094,100000.0,100000.00000005425
126.2,298.15304072325614,298.15281939251804,298.14737058853734,298.1526569111735,298.15086816004924,100000.0,100000.00000005425
126.25,298.1530315670914,298.15281090281997,298.14737850616837,298.15264891073593,298.15086554586316,100000.0,100000.00000005428
126.30000000000001,298.1530224384975,298.15280243868585,298.1473863999579,298.1526409343892,298.15086293954886,100000.0,100000.00000005428
126.35000000000001,298.15301333739137,298.1527940000388,298.1473942699779,298.1526329820606,298.15086034108265,100000.0,100000.00000005432
126.4,298.1530042636904,298.152785586802,298.14740211629976,298.1526250536779,298.1508577504408,100000.0,100000.00000005434
126.45,298.15299521731197,298.152777198899,298.147409938995,298.15261714916903,298.1508551676,100000.0,100000.00000005435
126.5,298.1529861981737,298.1527688362535,298.14741773813466,298.152609268462,298.15085259253647,100000.0,100000.00000005434
126.55000000000001,298.1529772061938,298.15276049878935,298.1474255137897,298.15260141148525,298.150850025227,100000.0,100000.00000005438
126.60000000000001,298.1529682412903,298.1527521864309,298.14743326603093,298.1525935781673,298.1508474656481,100000.0,100000.00000005441
126.65,298.1529593033818,298.1527438991024,298.1474409949287,298.1525857684368,298.1508449137766,100000.0,100000.00000005442
126.7,298.1529503923869,298.1527356367286,298.14744870055335,298.1525779822228,298.15084236958916,100000.0,100000.00000005444
126.75,298.1529415082246,298.1527273992342,298.147456382975,298.15257021945456,298.1508398330628,100000.0,100000.00000005445
126.80000000000001,298.15293265081414,298.1527191865444,298.1474640422635,298.1525624800614,298.1508373041744,100000.0,100000.00000005447
126.85000000000001,298.152923820075,298.15271099858455,298.1474716784885,298.15255476397294,298.15083478290086,100000.0,100000.00000005448
126.9,298.15291501592674,298.1527028352801,298.1474792917195,298.152547071119,298.1508322692194,100000.0,100000.00000005451
126.95,298.1529062382893,298.1526946965568,298.1474868820256,298.1525394014296,298.150829763107,100000.0,100000.00000005454
127.0,298.15289748708295,298.15268658234066,298.14749444947597,298.152531754835,298.1508272645411,100000.0,100000.00000005456
127.05000000000001,298.15288876222803,298.1526784925579,298.14750199413936,298.15252413126575,298.15082477349864,100000.0,100000.00000005457
127.10000000000001,298.1528800636453,298.1526704271349,298.1475095160844,298.1525165306524,298.15082228995726,100000.0,100000.00000005457
127.15,298.15287139125553,298.1526623859984,298.1475170153796,298.15250895292587,298.1508198138943,100000.0,100000.0000000546
127.2,298.15286274497987,298.15265436907515,298.147524492093,298.1525013980172,298.1508173452872,100000.0,100000.0000000546
127.25,298.1528541247397,298.1526463762923,298.1475319462927,298.15249386585776,298.15081488411346,100000.0,100000.00000005466
127.30000000000001,298.1528455304566,298.15263840757723,298.1475393780465,298.152486356379,298.1508124303508,100000.0,100000.00000005469
127.35000000000001,298.1528369620525,298.15263046285736,298.1475467874219,298.1524788695126,298.1508099839769,100000.0,100000.00000005469
127.4,298.15282841944935,298.1526225420604,298.14755417448634,298.15247140519057,298.15080754496944,100000.0,100000.00000005473
127.45,298.1528199025695,298.15261464511445,298.14756153930693,298.1524639633449,298.1508051133062,100000.0,100000.00000005472
127.5,298.1528114113356,298.1526067719476,298.1475688819508,298.152456543908,298.1508026889652,100000.0,100000.00000005477
127.55000000000001,298.15280294567026,298.1525989224883,298.14757620248463,298.15244914681233,298.15080027192437,100000.0,100000.00000005477
127.60000000000001,298.15279450549656,298.15259109666516,298.1475835009751,298.15244177199065,298.1507978621616,100000.0,100000.00000005479
127.65,298.1527860907378,298.1525832944069,298.1475907774884,298.1524344193759,298.1507954596551,100000.0,100000.0000000548
127.7,298.1527777013173,298.15257551564275,298.1475980320908,298.1524270889012,298.150793064383,100000.0,100000.00000005482
127.75,298.15276933715893,298.1525677603018,298.1476052648484,298.1524197804999,298.1507906763234,100000.0,100000.00000005482
127.80000000000001,298.1527609981865,298.15256002831353,298.1476124758267,298.1524124941055,298.1507882954548,100000.0,100000.00000005486
127.85000000000001,298.15275268432424,298.1525523196077,298.14761966509155,298.15240522965166,298.15078592175536,100000.0,100000.00000005489
127.9,298.1527443954965,298.1525446341142,298.1476268327082,298.15239798707245,298.1507835552036,100000.0,100000.00000005486
127.95,298.15273613162793,298.1525369717631,298.14763397874196,298.152390766302,298.1507811957779,100000.0,100000.00000005489
128.0,298.1527278926434,298.15252933248473,298.1476411032576,298.1523835672745,298.15077884345686,100000.0,100000.00000005492
128.05,298.15271967846786,298.15252171620955,298.1476482063201,298.15237638992465,298.15077649821916,100000.0,100000.00000005495
128.1,298.1527114890267,298.15251412286835,298.147655287994,298.15236923418706,298.1507741600433,100000.0,100000.00000005498
128.15,298.1527033242454,298.1525065523921,298.1476623483437,298.15236209999665,298.15077182890815,100000.0,100000.00000005498
128.20000000000002,298.1526951840498,298.1524990047119,298.14766938743344,298.1523549872886,298.15076950479244,100000.0,100000.000000055
128.25,298.1526870683657,298.1524914797591,298.14767640532716,298.1523478959982,298.1507671876751,100000.0,100000.000000055
128.3,298.1526789771194,298.1524839774653,298.1476834020888,298.152340826061,298.150764877535,100000.0,100000.00000005504
128.35,298.15267091023736,298.1524764977623,298.1476903777819,298.15233377741254,298.1507625743511,100000.0,100000.0000000551
128.4,298.1526628676461,298.152469040582,298.1476973324699,298.1523267499889,298.15076027810255,100000.0,100000.0000000551
128.45000000000002,298.15265484927255,298.1524616058566,298.1477042662161,298.1523197437261,298.1507579887684,100000.0,100000.0000000551
128.5,298.15264685504377,298.1524541935185,298.14771117908356,298.1523127585604,298.15075570632786,100000.0,100000.00000005512
128.55,298.15263888488704,298.1524468035003,298.14771807113516,298.1523057944283,298.1507534307602,100000.0,100000.00000005515
128.6,298.1526309387299,298.1524394357348,298.1477249424335,298.15229885126644,298.1507511620446,100000.0,100000.00000005517
128.65,298.15262301650006,298.1524320901549,298.1477317930412,298.1522919290117,298.1507489001606,100000.0,100000.00000005515
128.70000000000002,298.1526151181255,298.15242476669385,298.1477386230204,298.1522850276011,298.15074664508745,100000.0,100000.00000005521
128.75,298.1526072435343,298.1524174652851,298.14774543243334,298.1522781469719,298.1507443968047,100000.0,100000.00000005521
128.8,298.152599392655,298.1524101858622,298.1477522213419,298.1522712870615,298.15074215529205,100000.0,100000.00000005522
128.85,298.15259156541606,298.15240292835904,298.14775898980787,298.15226444780757,298.15073992052896,100000.0,100000.00000005525
128.9,298.1525837617463,298.15239569270943,298.14776573789277,298.1522576291478,298.15073769249517,100000.0,100000.00000005528
128.95000000000002,298.15257598157484,298.1523884788477,298.1477724656579,298.1522508310203,298.1507354711704,100000.0,100000.00000005528
129.0,298.15256822483093,298.15238128670813,298.1477791731646,298.1522440533632,298.1507332565343,100000.0,100000.00000005531
129.05,298.15256049144386,298.1523741162255,298.14778586047373,298.1522372961147,298.150731048567,100000.0,100000.00000005534
129.1,298.1525527813435,298.1523669673344,298.14779252764623,298.1522305592137,298.1507288472483,100000.0,100000.00000005536
129.15,298.15254509445964,298.1523598399699,298.14779917474266,298.1522238425986,298.15072665255803,100000.0,100000.00000005537
129.20000000000002,298.1525374307223,298.1523527340672,298.14780580182344,298.15221714620844,298.15072446447647,100000.0,100000.00000005538
129.25,298.1525297900619,298.15234564956165,298.14781240894894,298.1522104699823,298.1507222829836,100000.0,100000.0000000554
129.3,298.1525221724089,298.15233858638885,298.1478189961791,298.1522038138595,298.15072010805966,100000.0,100000.00000005544
129.35,298.1525145776941,298.15233154448447,298.1478255635741,298.1521971777795,298.15071793968474,100000.0,100000.00000005546
129.4,298.1525070058482,298.1523245237846,298.14783211119334,298.15219056168195,298.1507157778392,100000.0,100000.00000005547
129.45000000000002,298.1524994568026,298.1523175242253,298.14783863909656,298.15218396550665,298.1507136225033,100000.0,100000.0000000555
129.5,298.15249193048845,298.1523105457429,298.1478451473431,298.1521773891935,298.1507114736576,100000.0,100000.0000000555
129.55,298.1524844268374,298.152303588274,298.1478516359922,298.152170832683,298.1507093312824,100000.0,100000.00000005552
129.6,298.15247694578125,298.15229665175525,298.1478581051027,298.1521642959152,298.15070719535834,100000.0,100000.00000005554
129.65,298.1524694872519,298.15228973612363,298.1478645547336,298.1521577788308,298.15070506586585,100000.0,100000.00000005556
129.70000000000002,298.1524620511815,298.1522828413162,298.14787098494355,298.15215128137055,298.1507029427857,100000.0,100000.00000005559
129.75,298.1524546375025,298.1522759672703,298.1478773957909,298.1521448034753,298.1507008260985,100000.0,100000.0000000556
129.8,298.15244724614735,298.1522691139234,298.1478837873341,298.1521383450862,298.15069871578504,100000.0,100000.00000005563
129.85,298.1524398770489,298.15226228121315,298.1478901596311,298.15213190614446,298.1506966118261,100000.0,100000.00000005565
129.9,298.1524325301402,298.15225546907743,298.1478965127401,298.1521254865915,298.1506945142026,100000.0,100000.00000005566
129.95000000000002,298.1524252053543,298.1522486774543,298.1479028467187,298.152119086369,298.15069242289536,100000.0,100000.00000005568
130.0,298.1524179026247,298.1522419062819,298.1479091616245,298.1521127054187,298.1506903378855,100000.0,100000.00000005569
130.05,298.1524106218849,298.1522351554987,298.14791545751507,298.15210634368265,298.1506882591539,100000.0,100000.0000000557
130.1,298.1524033630687,298.1522284250434,298.1479217344475,298.15210000110284,298.1506861866818,100000.0,100000.00000005573
130.15,298.1523961261101,298.1522217148547,298.14792799247897,298.1520936776217,298.15068412045025,100000.0,100000.00000005573
130.20000000000002,298.1523889109433,298.15221502487157,298.14793423166645,298.1520873731817,298.15068206044054,100000.0,100000.00000005575
130.25,298.15238171750264,298.15220835503317,298.14794045206656,298.1520810877255,298.1506800066338,100000.0,100000.00000005576
130.3,298.15237454572275,298.1522017052789,298.14794665373586,298.152074821196,298.1506779590115,100000.0,100000.00000005579
130.35,298.15236739553836,298.1521950755482,298.14795283673095,298.1520685735361,298.15067591755496,100000.0,100000.00000005582
130.4,298.15236026688456,298.1521884657808,298.1479590011079,298.15206234468906,298.15067388224566,100000.0,100000.00000005582
130.45000000000002,298.1523531596963,298.1521818759166,298.14796514692273,298.1520561345981,298.1506718530649,100000.0,100000.00000005584
130.5,298.15234607390914,298.15217530589564,298.1479712742314,298.152049943207,298.15066982999446,100000.0,100000.00000005588
130.55,298.1523390094585,298.1521687556583,298.1479773830897,298.15204377045916,298.1506678130159,100000.0,100000.00000005585
130.6,298.15233196628026,298.1521622251448,298.14798347355315,298.15203761629857,298.1506658021107,100000.0,100000.0000000559
130.65,298.15232494431024,298.1521557142959,298.1479895456771,298.15203148066934,298.1506637972608,100000.0,100000.00000005591
130.70000000000002,298.1523179434846,298.15214922305233,298.1479955995168,298.15202536351563,298.15066179844786,100000.0,100000.00000005594
130.75,298.15231096373975,298.1521427513551,298.14800163512723,298.15201926478164,298.1506598056537,100000.0,100000.00000005594
130.8,298.1523040050122,298.15213629914524,298.14800765256336,298.15201318441217,298.15065781886017,100000.0,100000.00000005597
130.85,298.1522970672386,298.1521298663642,298.14801365188,298.1520071223517,298.1506558380492,100000.0,100000.00000005597
130.9,298.1522901503559,298.1521234529534,298.1480196331315,298.1520010785452,298.1506538632029,100000.0,100000.000000056
130.95000000000002,298.15228325430115,298.1521170588545,298.14802559637246,298.15199505293765,298.1506518943031,100000.0,100000.000000056
131.0,298.1522763790117,298.1521106840095,298.148031541657,298.15198904547435,298.1506499313321,100000.0,100000.000000056
131.05,298.1522695244249,298.15210432836017,298.14803746903925,298.15198305610056,298.1506479742719,100000.0,100000.00000005605
131.1,298.15226269047855,298.1520979918489,298.1480433785731,298.15197708476194,298.1506460231049,100000.0,100000.00000005605
131.15,298.1522558771105,298.152091674418,298.1480492703122,298.15197113140397,298.15064407781307,100000.0,100000.0000000561
131.20000000000002,298.15224908425864,298.15208537601,298.1480551443103,298.15196519597276,298.1506421383789,100000.0,100000.0000000561
131.25,298.1522423118613,298.15207909656766,298.14806100062066,298.1519592784141,298.15064020478474,100000.0,100000.00000005611
131.3,298.1522355598569,298.1520728360339,298.1480668392967,298.15195337867436,298.15063827701294,100000.0,100000.00000005614
131.35,298.152228828184,298.15206659435165,298.14807266039134,298.1519474966997,298.15063635504606,100000.0,100000.00000005616
131.4,298.15222211678133,298.15206037146424,298.14807846395763,298.1519416324368,298.1506344388665,100000.0,100000.00000005614
131.45000000000002,298.15221542558794,298.1520541673151,298.14808425004844,298.15193578583217,298.150632528457,100000.0,100000.00000005617
131.5,298.1522087545429,298.1520479818478,298.1480900187162,298.1519299568328,298.1506306238,100000.0,100000.00000005618
131.55,298.15220210358564,298.152041815006,298.14809577001347,298.1519241453855,298.1506287248783,100000.0,100000.00000005623
131.6,298.15219547265554,298.15203566673364,298.1481015039925,298.15191835143764,298.1506268316746,100000.0,100000.00000005623
131.65,298.15218886169237,298.1520295369749,298.1481072207056,298.1519125749363,298.1506249441716,100000.0,100000.00000005626
131.70000000000002,298.1521822706361,298.152023425674,298.14811292020454,298.15190681582914,298.1506230623523,100000.0,100000.00000005629
131.75,298.1521756994266,298.15201733277524,298.14811860254133,298.15190107406363,298.15062118619943,100000.0,100000.00000005629
131.8,298.1521691480042,298.1520112582233,298.14812426776757,298.1518953495876,298.15061931569613,100000.0,100000.00000005632
131.85,298.1521626163093,298.15200520196294,298.1481299159348,298.151889642349,298.1506174508251,100000.0,100000.00000005633
131.9,298.15215610428254,298.1519991639391,298.1481355470944,298.151883952296,298.1506155915696,100000.0,100000.00000005635
131.95000000000002,298.1521496118646,298.15199314409676,298.14814116129753,298.15187827937666,298.15061373791264,100000.0,100000.00000005639
132.0,298.15214313899656,298.15198714238136,298.1481467585953,298.15187262353953,298.1506118898374,100000.0,100000.0000000564
132.05,298.1521366856195,298.1519811587382,298.1481523390386,298.15186698473315,298.150610047327,100000.0,100000.00000005643
132.1,298.1521302516747,298.1519751931128,298.14815790267824,298.15186136290623,298.15060821036474,100000.0,100000.00000005648
132.15,298.15212383710366,298.1519692454509,298.14816344956466,298.1518557580076,298.15060637893396,100000.0,100000.00000005648
132.20000000000002,298.1521174418481,298.1519633156986,298.14816897974845,298.1518501699864,298.15060455301784,100000.0,100000.0000000565
132.25,298.1521110658497,298.1519574038018,298.14817449327984,298.15184459879174,298.15060273259996,100000.0,100000.00000005652
132.3,298.1521047090506,298.1519515097068,298.148179990209,298.15183904437293,298.1506009176637,100000.0,100000.00000005652
132.35,298.152098371393,298.15194563336,298.14818547058593,298.1518335066795,298.1505991081925,100000.0,100000.00000005655
132.4,298.1520920528193,298.15193977470796,298.14819093446044,298.15182798566104,298.15059730417,100000.0,100000.00000005655
132.45000000000002,298.1520857532719,298.15193393369736,298.14819638188226,298.1518224812673,298.15059550557964,100000.0,100000.00000005658
132.5,298.1520794726935,298.15192811027504,298.148201812901,298.15181699344834,298.1505937124052,100000.0,100000.00000005659
132.55,298.1520732110271,298.1519223043881,298.1482072275658,298.15181152215416,298.15059192463036,100000.0,100000.00000005662
132.6,298.1520669682157,298.15191651598377,298.1482126259262,298.1518060673351,298.15059014223885,100000.0,100000.00000005667
132.65,298.1520607442026,298.15191074500933,298.1482180080311,298.15180062894143,298.1505883652144,100000.0,100000.00000005667
132.70000000000002,298.15205453893105,298.1519049914124,298.1482233739295,298.15179520692374,298.1505865935409,100000.0,100000.00000005671
132.75,298.1520483523447,298.1518992551405,298.1482287236703,298.15178980123267,298.1505848272022,100000.0,100000.00000005672
132.8,298.15204218438726,298.1518935361416,298.1482340573019,298.15178441181916,298.15058306618226,100000.0,100000.00000005672
132.85,298.15203603500265,298.1518878343636,298.1482393748731,298.15177903863423,298.1505813104651,100000.0,100000.00000005675
132.9,298.152029904135,298.15188214975467,298.14824467643217,298.1517736816288,298.1505795600347,100000.0,100000.00000005675
132.95000000000002,298.1520237917284,298.1518764822632,298.14824996202725,298.15176834075436,298.15057781487525,100000.0,100000.00000005678
133.0,298.1520176977275,298.1518708318375,298.14825523170646,298.15176301596216,298.1505760749707,100000.0,100000.00000005681
133.05,298.1520116220766,298.15186519842626,298.14826048551765,298.15175770720396,298.1505743403053,100000.0,100000.00000005681
133.1,298.15200556472064,298.1518595819782,298.14826572350876,298.1517524144313,298.1505726108633,100000.0,100000.00000005684
133.15,298.1519995256044,298.1518539824424,298.1482709457273,298.1517471375962,298.150570886629,100000.0,100000.00000005685
133.20000000000002,298.1519935046731,298.1518483997677,298.1482761522208,298.15174187665053,298.1505691675867,100000.0,100000.00000005687
133.25,298.1519875018719,298.15184283390346,298.1482813430366,298.1517366315466,298.15056745372067,100000.0,100000.0000000569
133.3,298.1519815171462,298.15183728479906,298.14828651822194,298.15173140223663,298.1505657450154,100000.0,100000.00000005691
133.35,298.1519755504416,298.15183175240395,298.14829167782386,298.15172618867297,298.15056404145537,100000.0,100000.00000005691
133.4,298.1519696017038,298.15182623666794,298.1482968218893,298.1517209908083,298.1505623430251,100000.0,100000.00000005694
133.45000000000002,298.15196367087873,298.1518207375408,298.148301950465,298.1517158085954,298.1505606497091,100000.0,100000.00000005696
133.5,298.15195775791244,298.15181525497246,298.14830706359766,298.151710641987,298.150558961492,100000.0,100000.00000005699
133.55,298.15195186275116,298.15180978891317,298.14831216133376,298.15170549093625,298.15055727835835,100000.0,100000.000000057
133.6,298.1519459853413,298.1518043393132,298.14831724371965,298.1517003553962,298.150555600293,100000.0,100000.00000005701
133.65,298.15194012562927,298.15179890612285,298.1483223108015,298.15169523532023,298.15055392728055,100000.0,100000.00000005704
133.70000000000002,298.151934283562,298.1517934892929,298.1483273626256,298.1516901306617,298.15055225930587,100000.0,100000.00000005706
133.75,298.1519284590862,298.15178808877397,298.1483323992377,298.15168504137415,298.15055059635375,100000.0,100000.00000005709
133.8,298.1519226521489,298.151782704517,298.14833742068356,298.15167996741144,298.1505489384091,100000.0,100000.0000000571
133.85,298.1519168626974,298.151777336473,298.148342427009,298.15167490872733,298.1505472854568,100000.0,100000.0000000571
133.9,298.151911090679,298.1517719845931,298.1483474182595,298.15166986527584,298.1505456374818,100000.0,100000.00000005713
133.95000000000002,298.1519053360411,298.1517666488287,298.14835239448047,298.1516648370111,298.1505439944692,100000.0,100000.00000005716
134.0,298.1518995987315,298.1517613291313,298.1483573557171,298.1516598238873,298.150542356404,100000.0,100000.00000005716
134.05,298.15189387869805,298.1517560254524,298.14836230201456,298.15165482585905,298.1505407232713,100000.0,100000.00000005719
134.1,298.15188817588853,298.15175073774384,298.14836723341784,298.15164984288066,298.1505390950562,100000.0,100000.00000005722
134.15,298.15188249025124,298.15174546595756,298.1483721499718,298.1516448749069,298.15053747174403,100000.0,100000.00000005722
134.20000000000002,298.1518768217344,298.1517402100455,298.1483770517211,298.15163992189264,298.15053585332,100000.0,100000.00000005723
134.25,298.15187117028654,298.15173496996,298.1483819387104,298.15163498379275,298.15053423976923,100000.0,100000.00000005728
134.3,298.15186553585613,298.1517297456533,298.14838681098405,298.15163006056247,298.15053263107717,100000.0,100000.00000005726
134.35,298.15185991839206,298.15172453707794,298.14839166858644,298.15162515215684,298.15053102722914,100000.0,100000.00000005729
134.4,298.15185431784323,298.1517193441865,298.1483965115617,298.1516202585313,298.1505294282107,100000.0,100000.00000005729
134.45000000000002,298.15184873415853,298.1517141669319,298.1484013399538,298.1516153796414,298.15052783400705,100000.0,100000.00000005735
134.5,298.15184316728744,298.15170900526687,298.1484061538069,298.15161051544266,298.1505262446039,100000.0,100000.00000005733
134.55,298.1518376171791,298.1517038591445,298.1484109531645,298.15160566589094,298.1505246599868,100000.0,100000.00000005736
134.6,298.1518320837832,298.1516987285181,298.1484157380704,298.1516008309421,298.15052308014117,100000.0,100000.00000005738
134.65,298.1518265670493,298.15169361334097,298.14842050856817,298.15159601055205,298.1505215050527,100000.0,100000.00000005741
134.70000000000002,298.1518210669273,298.15168851356646,298.148425264701,298.15159120467723,298.1505199347072,100000.0,100000.00000005742
134.75,298.1518155833672,298.1516834291484,298.1484300065123,298.15158641327366,298.15051836909026,100000.0,100000.00000005745
134.8,298.15181011631904,298.15167836004036,298.14843473404517,298.1515816362979,298.15051680818766,100000.0,100000.00000005745
134.85,298.15180466573315,298.1516733061963,298.14843944734264,298.15157687370646,298.15051525198527,100000.0,100000.00000005748
134.9,298.15179923155995,298.15166826757036,298.14844414644745,298.151572125456,298.1505137004688,100000.0,100000.00000005751
134.95000000000002,298.15179381375003,298.15166324411655,298.14844883140233,298.1515673915034,298.15051215362433,100000.0,100000.00000005754
135.0,298.1517884122541,298.1516582357893,298.14845350225016,298.15156267180566,298.15051061143765,100000.0,100000.00000005757
135.05,298.15178302702304,298.151653242543,298.1484581590331,298.15155796631973,298.15050907389474,100000.0,100000.00000005757
135.1,298.1517776580079,298.15164826433227,298.14846280179364,298.1515532750028,298.15050754098166,100000.0,100000.00000005757
135.15,298.15177230515985,298.15164330111185,298.148467430574,298.15154859781234,298.1505060126845,100000.0,100000.0000000576
135.20000000000002,298.15176696843014,298.1516383528366,298.14847204541627,298.1515439347057,298.15050448898927,100000.0,100000.00000005763
135.25,298.15176164777034,298.1516334194614,298.1484766463624,298.1515392856406,298.15050296988215,100000.0,100000.00000005764
135.3,298.151756343132,298.15162850094157,298.1484812334543,298.1515346505746,298.15050145534934,100000.0,100000.00000005765
135.35,298.15175105446684,298.1516235972323,298.1484858067337,298.1515300294656,298.1504999453771,100000.0,100000.00000005767
135.4,298.1517457817268,298.1516187082889,298.14849036624196,298.1515254222717,298.1504984399516,100000.0,100000.00000005768
135.45000000000002,298.15174052486395,298.151613834067,298.14849491202085,298.15152082895077,298.1504969390593,100000.0,100000.00000005771
135.5,298.1517352838305,298.15160897452233,298.1484994441115,298.15151624946117,298.15049544268635,100000.0,100000.00000005774
135.55,298.15173005857866,298.1516041296106,298.1485039625553,298.15151168376127,298.15049395081934,100000.0,100000.00000005777
135.6,298.151724849061,298.1515992992877,298.1485084673932,298.1515071318095,298.15049246344455,100000.0,100000.0000000578
135.65,298.1517196552302,298.1515944835098,298.14851295866623,298.1515025935645,298.1504909805485,100000.0,100000.0000000578
135.70000000000002,298.1517144770389,298.1515896822331,298.1485174364152,298.15149806898495,298.15048950211775,100000.0,100000.00000005783
135.75,298.15170931444015,298.151584895414,298.148521900681,298.15149355802976,298.15048802813885,100000.0,100000.00000005783
135.8,298.1517041673868,298.1515801230087,298.14852635150396,298.15148906065775,298.15048655859835,100000.0,100000.00000005786
135.85,298.1516990358323,298.15157536497406,298.14853078892463,298.1514845768283,298.1504850934828,100000.0,100000.00000005789
135.9,298.15169391972967,298.1515706212667,298.1485352129836,298.1514801065004,298.1504836327791,100000.0,100000.00000005792
135.95000000000002,298.15168881903264,298.1515658918435,298.1485396237208,298.15147564963337,298.15048217647376,100000.0,100000.00000005795
136.0,298.1516837336947,298.15156117666146,298.1485440211765,298.1514712061869,298.1504807245537,100000.0,100000.00000005796
136.05,298.1516786636696,298.1515564756777,298.1485484053907,298.1514667761204,298.1504792770056,100000.0,100000.00000005797
136.1,298.1516736089113,298.15155178884936,298.1485527764032,298.15146235939363,298.1504778338163,100000.0,100000.00000005797
136.15,298.1516685693738,298.151547116134,298.1485571342539,298.1514579559664,298.1504763949727,100000.0,100000.00000005802
136.20000000000002,298.1516635450113,298.151542457489,298.14856147898223,298.1514535657987,298.15047496046174,100000.0,100000.00000005805
136.25,298.1516585357779,298.151537812872,298.1485658106278,298.15144918885056,298.1504735302704,100000.0,100000.00000005805
136.3,298.1516535416283,298.15153318224077,298.14857012923005,298.1514448250822,298.1504721043855,100000.0,100000.00000005808
136.35,298.151648562517,298.15152856555324,298.1485744348282,298.151440474454,298.1504706827943,100000.0,100000.00000005809
136.4,298.15164359839866,298.1515239627673,298.1485787274614,298.15143613692624,298.15046926548376,100000.0,100000.00000005813
136.45000000000002,298.1516386492282,298.15151937384127,298.1485830071688,298.15143181245963,298.150467852441,100000.0,100000.0000000581
136.5,298.15163371496055,298.1515147987333,298.14858727398916,298.15142750101467,298.1504664436531,100000.0,100000.00000005815
136.55,298.1516287955509,298.1515102374018,298.14859152796134,298.15142320255234,298.15046503910736,100000.0,100000.00000005815
136.6,298.1516238909545,298.1515056898053,298.14859576912403,298.15141891703337,298.15046363879094,100000.0,100000.00000005818
136.65,298.1516190011267,298.1515011559024,298.1485999975158,298.15141464441894,298.15046224269116,100000.0,100000.0000000582
136.70000000000002,298.151614126023,298.15149663565194,298.1486042131752,298.1514103846701,298.15046085079524,100000.0,100000.00000005821
136.75,298.1516092655992,298.1514921290127,298.14860841614046,298.1514061377481,298.1504594630906,100000.0,100000.00000005822
136.8,298.15160441981095,298.1514876359438,298.14861260644983,298.1514019036144,298.1504580795646,100000.0,100000.00000005828
136.85,298.1515995886142,298.15148315640437,298.1486167841414,298.15139768223037,298.1504567002046,100000.0,100000.0000000583
136.9,298.15159477196516,298.1514786903536,298.1486209492532,298.1513934735578,298.1504553249981,100000.0,100000.00000005832
136.95000000000002,298.15158996981984,298.1514742377509,298.1486251018232,298.15138927755817,298.15045395393264,100000.0,100000.00000005834
137.0,298.1515851821347,298.1514697985558,298.1486292418889,298.15138509419353,298.1504525869957,100000.0,100000.00000005832
137.05,298.1515804088661,298.15146537272796,298.14863336948827,298.1513809234257,298.15045122417484,100000.0,100000.00000005835
137.1,298.1515756499707,298.15146096022704,298.1486374846586,298.15137676521687,298.15044986545763,100000.0,100000.00000005838
137.15,298.15157090540515,298.151456561013,298.1486415874374,298.15137261952907,298.1504485108319,100000.0,100000.0000000584
137.20000000000002,298.1515661751264,298.15145217504573,298.1486456778621,298.1513684863247,298.15044716028507,100000.0,100000.00000005843
137.25,298.1515614590913,298.15144780228536,298.1486497559697,298.1513643655662,298.150445813805,100000.0,100000.00000005844
137.3,298.151556757257,298.1514434426923,298.1486538217974,298.151360257216,298.15044447137944,100000.0,100000.00000005846
137.35,298.15155206958093,298.1514390962267,298.1486578753821,298.1513561612369,298.1504431329962,100000.0,100000.0000000585
137.4,298.1515473960202,298.151434762849,298.14866191676083,298.1513520775914,298.150441798643,100000.0,100000.0000000585
137.45000000000002,298.1515427365324,298.15143044251994,298.1486659459702,298.15134800624253,298.1504404683078,100000.0,100000.00000005853
137.5,298.15153809107517,298.15142613520015,298.1486699630469,298.1513439471532,298.1504391419785,100000.0,100000.00000005857
137.55,298.1515334596062,298.1514218408505,298.14867396802754,298.15133990028653,298.150437819643,100000.0,100000.00000005857
137.6,298.15152884208345,298.15141755943193,298.14867796094836,298.15133586560574,298.15043650128933,100000.0,100000.00000005862
137.65,298.1515242384649,298.15141329090545,298.1486819418458,298.1513318430741,298.1504351869054,100000.0,100000.00000005863
137.70000000000002,298.15151964870864,298.1514090352323,298.14868591075606,298.151327832655,298.1504338764793,100000.0,100000.00000005867
137.75,298.151515072773,298.1514047923737,298.1486898677152,298.15132383431194,298.1504325699992,100000.0,100000.00000005864
137.8,298.1515105106163,298.1514005622911,298.1486938127592,298.1513198480087,298.15043126745314,100000.0,100000.00000005869
137.85,298.1515059621971,298.1513963449461,298.148697745924,298.1513158737089,298.15042996882926,100000.0,100000.0000000587
137.9,298.151501427474,298.15139214030023,298.1487016672453,298.1513119113764,298.15042867411574,100000.0,100000.00000005873
137.95000000000002,298.1514969064058,298.15138794831535,298.1487055767588,298.15130796097526,298.1504273833009,100000.0,100000.00000005873
138.0,298.1514923989513,298.15138376895334,298.1487094745001,298.15130402246945,298.1504260963729,100000.0,100000.00000005878
138.05,298.15148790506953,298.151379602176,298.14871336050453,298.1513000958232,298.15042481332006,100000.0,100000.00000005878
138.1,298.1514834247197,298.15137544794567,298.1487172348076,298.1512961810008,298.1504235341307,100000.0,100000.00000005879
138.15,298.15147895786095,298.1513713062245,298.14872109744437,298.1512922779666,298.1504222587933,100000.0,100000.00000005882
138.20000000000002,298.1514745044528,298.15136717697476,298.1487249484501,298.15128838668517,298.15042098729606,100000.0,100000.00000005885
138.25,298.1514700644546,298.1513630601589,298.1487287878597,298.1512845071211,298.15041971962756,100000.0,100000.00000005888
138.3,298.15146563782605,298.1513589557395,298.1487326157081,298.1512806392391,298.1504184557763,100000.0,100000.00000005888
138.35,298.1514612245269,298.15135486367933,298.14873643203026,298.15127678300394,298.1504171957307,100000.0,100000.0000000589
138.4,298.151456824517,298.15135078394104,298.14874023686076,298.1512729383806,298.1504159394793,100000.0,100000.0000000589
138.45000000000002,298.15145243775623,298.1513467164876,298.14874403023424,298.1512691053341,298.1504146870107,100000.0,100000.00000005894
138.5,298.1514480642049,298.151342661282,298.14874781218515,298.1512652838296,298.15041343831354,100000.0,100000.00000005895
138.55,298.151443703823,298.1513386182873,298.148751582748,298.1512614738324,298.1504121933764,100000.0,100000.000000059
138.6,298.15143935657113,298.1513345874668,298.148755341957,298.15125767530776,298.150410952188,100000.0,100000.000000059
138.65,298.15143502240954,298.15133056878386,298.14875908984624,298.15125388822116,298.150409714737,100000.0,100000.00000005904
138.70000000000002,298.15143070129886,298.15132656220186,298.14876282644997,298.15125011253815,298.1504084810123,100000.0,100000.00000005902
138.75,298.15142639319987,298.1513225676845,298.1487665518021,298.15124634822433,298.15040725100243,100000.0,100000.00000005905
138.8,298.15142209807334,298.1513185851952,298.14877026593655,298.15124259524566,298.1504060246964,100000.0,100000.00000005908
138.85,298.1514178158802,298.151314614698,298.1487739688871,298.15123885356786,298.150404802083,100000.0,100000.00000005911
138.9,298.1514135465815,298.1513106561566,298.1487776606873,298.1512351231569,298.15040358315116,100000.0,100000.0000000591
138.95000000000002,298.1514092901385,298.1513067095351,298.148781341371,298.15123140397884,298.1504023678896,100000.0,100000.00000005912
139.0,298.1514050465123,298.1513027747976,298.1487850109713,298.1512276959999,298.15040115628756,100000.0,100000.00000005914
139.05,298.1514008156645,298.15129885190834,298.1487886695219,298.15122399918636,298.1503999483338,100000.0,100000.00000005918
139.1,298.1513965975565,298.1512949408316,298.1487923170559,298.15122031350467,298.1503987440174,100000.0,100000.00000005918
139.15,298.15139239215,298.15129104153175,298.1487959536065,298.1512166389212,298.1503975433275,100000.0,100000.00000005923
139.20000000000002,298.15138819940677,298.15128715397344,298.14879957920687,298.1512129754025,298.150396346253,100000.0,100000.00000005923
139.25,298.15138401928857,298.1512832781213,298.1488031938899,298.15120932291535,298.1503951527831,100000.0,100000.00000005926
139.3,298.15137985175755,298.15127941393996,298.1488067976884,298.15120568142646,298.150393962907,100000.0,100000.00000005928
139.35,298.1513756967757,298.1512755613944,298.14881039063516,298.1512020509028,298.1503927766138,100000.0,100000.00000005931
139.4,298.1513715543052,298.1512717204496,298.14881397276304,298.1511984313113,298.15039159389283,100000.0,100000.00000005931
139.45000000000002,298.15136742430843,298.1512678910706,298.1488175441044,298.151194822619,298.1503904147331,100000.0,100000.00000005934
139.5,298.15136330674784,298.1512640732225,298.14882110469193,298.15119122479314,298.15038923912414,100000.0,100000.00000005937
139.55,298.15135920158593,298.15126026687057,298.14882465455776,298.15118763780094,298.15038806705513,100000.0,100000.0000000594
139.6,298.1513551087854,298.1512564719803,298.14882819373435,298.15118406160985,298.1503868985154,100000.0,100000.0000000594
139.65,298.15135102830914,298.15125268851716,298.1488317222538,298.1511804961874,298.1503857334944,100000.0,100000.00000005943
139.70000000000002,298.1513469601198,298.1512489164466,298.1488352401483,298.151176941501,298.1503845719814,100000.0,100000.00000005947
139.75,298.1513429041805,298.1512451557345,298.1488387474498,298.1511733975184,298.15038341396604,100000.0,100000.00000005946
139.8,298.15133886045453,298.15124140634657,298.1488422441902,298.15116986420736,298.1503822594376,100000.0,100000.00000005946
139.85,298.1513348289048,298.15123766824877,298.1488457304012,298.15116634153577,298.1503811083857,100000.0,100000.0000000595
139.9,298.1513308094948,298.151233941407,298.1488492061146,298.1511628294716,298.1503799607998,100000.0,100000.00000005953
139.95000000000002,298.151326802188,298.15123022578746,298.1488526713621,298.15115932798284,298.15037881666944,100000.0,100000.00000005953
140.0,298.151322806948,298.1512265213563,298.148856126175,298.1511558370377,298.1503776759843,100000.0,100000.00000005955
140.05,298.1513188237382,298.15122282807977,298.14885957058493,298.1511523566045,298.150376538734,100000.0,100000.00000005958
140.1,298.15131485252266,298.1512191459245,298.1488630046231,298.1511488866514,298.1503754049081,100000.0,100000.00000005958
140.15,298.1513108932652,298.15121547485677,298.14886642832073,298.151145427147,298.1503742744964,100000.0,100000.00000005963
140.20000000000002,298.1513069459297,298.1512118148433,298.14886984170903,298.1511419780598,298.15037314748855,100000.0,100000.00000005963
140.25,298.15130301048043,298.1512081658508,298.148873244819,298.15113853935844,298.1503720238744,100000.0,100000.00000005963
140.3,298.15129908688147,298.15120452784606,298.1488766376815,298.1511351110116,298.1503709036436,100000.0,100000.00000005968
140.35,298.1512951750972,298.151200900796,298.1488800203276,298.15113169298814,298.150369786786,100000.0,100000.0000000597
140.4,298.1512912750919,298.15119728466766,298.14888339278787,298.15112828525696,298.15036867329144,100000.0,100000.00000005972
140.45000000000002,298.1512873868303,298.15119367942816,298.14888675509314,298.1511248877871,298.1503675631498,100000.0,100000.00000005974
140.5,298.1512835102769,298.1511900850447,298.1488901072738,298.15112150054756,298.1503664563511,100000.0,100000.00000005975
140.55,298.1512796453966,298.1511865014845,298.1488934493605,298.1511181235076,298.1503653528851,100000.0,100000.00000005976
140.6,298.15127579215414,298.15118292871506,298.14889678138354,298.1511147566366,298.15036425274184,100000.0,100000.0000000598
140.65,298.15127195051446,298.1511793667039,298.1489001033733,298.1511113999038,298.1503631559113,100000.0,100000.00000005981
140.70000000000002,298.1512681204426,298.1511758154186,298.14890341535994,298.1511080532788,298.1503620623835,100000.0,100000.0000000598
140.75,298.1512643019038,298.1511722748268,298.1489067173736,298.151104716731,298.1503609721486,100000.0,100000.00000005982
140.8,298.1512604948633,298.1511687448964,298.1489100094443,298.1511013902302,298.15035988519645,100000.0,100000.00000005984
140.85,298.15125669928653,298.15116522559526,298.14891329160196,298.1510980737461,298.1503588015174,100000.0,100000.00000005987
140.9,298.1512529151389,298.15116171689135,298.14891656387647,298.15109476724854,298.1503577211015,100000.0,100000.00000005988
140.95000000000002,298.151249142386,298.1511582187528,298.1489198262976,298.15109147070734,298.15035664393895,100000.0,100000.0000000599
141.0,298.15124538099354,298.1511547311478,298.14892307889494,298.15108818409266,298.1503555700199,100000.0,100000.0000000599
141.05,298.1512416309273,298.1511512540446,298.1489263216981,298.15108490737464,298.15035449933464,100000.0,100000.00000005992
141.1,298.15123789215323,298.15114778741156,298.1489295547367,298.15108164052333,298.1503534318733,100000.0,100000.00000005995
141.15,298.15123416463723,298.15114433121715,298.14893277804,298.1510783835092,298.1503523676264,100000.0,100000.00000005997
141.20000000000002,298.1512304483455,298.15114088543,298.1489359916373,298.1510751363024,298.15035130658407,100000.0,100000.00000006001
141.25,298.1512267432442,298.1511374500187,298.1489391955579,298.15107189887357,298.15035024873674,100000.0,100000.00000006001
141.3,298.1512230492996,298.1511340249521,298.14894238983095,298.15106867119323,298.1503491940748,100000.0,100000.00000006004
141.35,298.15121936647813,298.15113061019895,298.1489455744854,298.151065453232,298.15034814258865,100000.0,100000.00000006007
141.4,298.15121569474627,298.15112720572824,298.1489487495504,298.15106224496066,298.1503470942687,100000.0,100000.00000006007
141.45000000000002,298.1512120340707,298.15112381150897,298.1489519150546,298.15105904635,298.15034604910534,100000.0,100000.00000006008
141.5,298.15120838441806,298.15112042751036,298.148955071027,298.15105585737086,298.1503450070893,100000.0,100000.0000000601
141.55,298.1512047457552,298.15111705370157,298.1489582174961,298.1510526779944,298.1503439682109,100000.0,100000.00000006011
141.6,298.151201118049,298.1511136900519,298.14896135449067,298.15104950819153,298.1503429324607,100000.0,100000.00000006014
141.65,298.15119750126644,298.1511103365308,298.1489644820392,298.15104634793363,298.1503418998294,100000.0,100000.00000006013
141.70000000000002,298.1511938953747,298.15110699310776,298.14896760017007,298.1510431971917,298.1503408703075,100000.0,100000.00000006017
141.75,298.15119030034094,298.1511036597524,298.1489707089117,298.1510400559373,298.15033984388566,100000.0,100000.00000006022
141.8,298.1511867161325,298.1511003364343,298.14897380829234,298.15103692414175,298.1503388205546,100000.0,100000.00000006022
141.85,298.1511831427167,298.1510970231234,298.14897689834027,298.15103380177663,298.150337800305,100000.0,100000.00000006022
141.9,298.1511795800611,298.1510937197894,298.1489799790834,298.1510306888135,298.1503367831275,100000.0,100000.00000006026
141.95000000000002,298.15117602813336,298.15109042640233,298.1489830505499,298.1510275852241,298.15033576901294,100000.0,100000.00000006027
142.0,298.1511724869011,298.1510871429322,298.1489861127677,298.15102449098015,298.150334757952,100000.0,100000.0000000603
142.05,298.15116895633207,298.15108386934935,298.14898916576453,298.1510214060535,298.1503337499356,100000.0,100000.00000006033
142.1,298.1511654363943,298.1510806056237,298.1489922095683,298.1510183304161,298.1503327449545,100000.0,100000.00000006035
142.15,298.1511619270557,298.1510773517258,298.1489952442066,298.15101526404,298.15033174299964,100000.0,100000.00000006038
142.20000000000002,298.15115842828425,298.1510741076259,298.1489982697071,298.1510122068973,298.15033074406176,100000.0,100000.00000006039
142.25,298.1511549400483,298.1510708732946,298.14900128609725,298.1510091589603,298.1503297481319,100000.0,100000.0000000604
142.3,298.15115146231597,298.15106764870245,298.14900429340446,298.1510061202011,298.150328755201,100000.0,100000.00000006045
142.35,298.15114799505585,298.1510644338201,298.1490072916562,298.15100309059216,298.15032776525993,100000.0,100000.00000006046
142.4,298.15114453823617,298.15106122861846,298.14901028087957,298.15100007010597,298.15032677829976,100000.0,100000.0000000605
142.45000000000002,298.15114109182565,298.1510580330681,298.1490132611019,298.15099705871495,298.15032579431147,100000.0,100000.0000000605
142.5,298.1511376557929,298.15105484714024,298.1490162323503,298.15099405639177,298.15032481328626,100000.0,100000.0000000605
142.55,298.15113423010666,298.1510516708057,298.1490191946517,298.1509910631092,298.15032383521503,100000.0,100000.00000006054
142.6,298.1511308147357,298.1510485040357,298.14902214803305,298.1509880788398,298.1503228600889,100000.0,100000.00000006054
142.65,298.1511274096491,298.1510453468014,298.14902509252124,298.1509851035567,298.15032188789917,100000.0,100000.00000006057
142.70000000000002,298.1511240148159,298.15104219907414,298.1490280281431,298.15098213723263,298.15032091863674,100000.0,100000.0000000606
142.75,298.151120630205,298.15103906082527,298.14903095492525,298.15097917984076,298.150319952293,100000.0,100000.00000006062
142.8,298.15111725578583,298.1510359320262,298.14903387289434,298.15097623135415,298.1503189888591,100000.0,100000.00000006065
142.85,298.15111389152776,298.1510328126485,298.14903678207685,298.1509732917459,298.1503180283263,100000.0,100000.00000006067
142.9,298.1511105374,298.15102970266383,298.14903968249934,298.15097036098933,298.1503170706858,100000.0,100000.0000000607
142.95000000000002,298.151107193372,298.1510266020439,298.1490425741881,298.1509674390578,298.15031611592894,100000.0,100000.00000006071
143.0,298.1511038594136,298.1510235107604,298.14904545716945,298.1509645259248,298.150315164047,100000.0,100000.00000006074
143.05,298.1511005354943,298.1510204287854,298.14904833146966,298.1509616215637,298.15031421503136,100000.0,100000.00000006077
143.1,298.151097221584,298.15101735609073,298.1490511971149,298.15095872594816,298.15031326887333,100000.0,100000.0000000608
143.15,298.15109391765236,298.1510142926485,298.14905405413106,298.1509558390519,298.1503123255644,100000.0,100000.00000006081
143.20000000000002,298.1510906236696,298.1510112384309,298.14905690254426,298.15095296084854,298.15031138509596,100000.0,100000.00000006083
143.25,298.15108733960545,298.15100819341006,298.14905974238036,298.150950091312,298.15031044745945,100000.0,100000.00000006084
143.3,298.15108406543027,298.1510051575583,298.1490625736652,298.15094723041614,298.15030951264634,100000.0,100000.00000006086
143.35,298.1510808011143,298.15100213084804,298.1490653964246,298.15094437813497,298.1503085806481,100000.0,100000.00000006089
143.4,298.1510775466277,298.1509991132518,298.1490682106841,298.1509415344425,298.1503076514562,100000.0,100000.00000006091
143.45000000000002,298.1510743019409,298.15099610474203,298.1490710164694,298.15093869931286,298.1503067250623,100000.0,100000.00000006094
143.5,298.15107106702453,298.1509931052915,298.14907381380596,298.15093587272037,298.15030580145805,100000.0,100000.00000006094
143.55,298.151067841849,298.1509901148728,298.1490766027192,298.15093305463927,298.1503048806348,100000.0,100000.000000061
143.6,298.1510646263851,298.1509871334588,298.1490793832346,298.1509302450439,298.15030396258436,100000.0,100000.000000061
143.65,298.1510614206035,298.1509841610224,298.1490821553773,298.1509274439087,298.1503030472984,100000.0,100000.00000006102
143.70000000000002,298.15105822447515,298.15098119753645,298.1490849191726,298.1509246512083,298.1503021347684,100000.0,100000.000000061
143.75,298.1510550379709,298.1509782429742,298.14908767464556,298.15092186691714,298.1503012249863,100000.0,100000.00000006106
143.8,298.1510518610618,298.1509752973086,298.14909042182137,298.15091909101,298.1503003179437,100000.0,100000.00000006107
143.85,298.15104869371885,298.1509723605129,298.14909316072493,298.1509163234616,298.1502994136323,100000.0,100000.00000006109
143.9,298.1510455359134,298.1509694325605,298.14909589138114,298.1509135642469,298.150298512044,100000.0,100000.00000006109
143.95000000000002,298.1510423876167,298.1509665134247,298.1490986138149,298.15091081334054,298.1502976131706,100000.0,100000.00000006112
144.0,298.15103924880003,298.1509636030789,298.14910132805085,298.1509080707177,298.1502967170038,100000.0,100000.00000006115
144.05,298.15103611943493,298.1509607014966,298.1491040341138,298.1509053363534,298.1502958235355,100000.0,100000.00000006115
144.1,298.1510329994929,298.1509578086516,298.14910673202826,298.1509026102228,298.1502949327576,100000.0,100000.00000006118
144.15,298.15102988894563,298.15095492451746,298.1491094218188,298.150899892301,298.1502940446621,100000.0,100000.00000006118
144.20000000000002,298.15102678776475,298.15095204906794,298.14911210351,298.1508971825634,298.1502931592407,100000.0,100000.0000000612
144.25,298.15102369592205,298.1509491822769,298.1491147771261,298.15089448098536,298.15029227648546,100000.0,100000.00000006123
144.3,298.15102061338945,298.1509463241183,298.1491174426914,298.15089178754215,298.15029139638835,100000.0,100000.00000006125
144.35,298.1510175401389,298.15094347456613,298.1491201002303,298.1508891022094,298.15029051894146,100000.0,100000.00000006126
144.4,298.15101447614256,298.15094063359453,298.1491227497668,298.1508864249627,298.1502896441367,100000.0,100000.00000006128
144.45000000000002,298.15101142137235,298.1509378011775,298.14912539132513,298.1508837557777,298.1502887719661,100000.0,100000.00000006129
144.5,298.15100837580064,298.15093497728947,298.14912802492915,298.15088109463005,298.1502879024217,100000.0,100000.00000006132
144.55,298.1510053393997,298.1509321619047,298.14913065060296,298.1508784414956,298.15028703549575,100000.0,100000.00000006134
144.6,298.1510023121419,298.1509293549975,298.1491332683704,298.15087579635025,298.15028617118026,100000.0,100000.00000006138
144.65,298.1509992939997,298.15092655654234,298.1491358782553,298.1508731591699,298.1502853094674,100000.0,100000.00000006138
144.70000000000002,298.1509962849457,298.150923766514,298.14913848028135,298.15087052993056,298.1502844503492,100000.0,100000.0000000614
144.75,298.1509932849525,298.1509209848868,298.14914107447225,298.15086790860835,298.1502835938181,100000.0,100000.00000006141
144.8,298.15099029399283,298.1509182116356,298.14914366085156,298.15086529517936,298.15028273986604,100000.0,100000.00000006144
144.85,298.15098731203943,298.1509154467352,298.14914623944276,298.15086268961994,298.15028188848544,100000.0,100000.00000006144
144.9,298.1509843390653,298.15091269016034,298.1491488102695,298.1508600919063,298.1502810396685,100000.0,100000.00000006148
144.95000000000002,298.15098137504333,298.1509099418861,298.14915137335487,298.15085750201484,298.1502801934075,100000.0,100000.0000000615
145.0,298.15097841994645,298.15090720188743,298.1491539287224,298.150854919922,298.1502793496948,100000.0,100000.00000006153
145.05,298.150975473748,298.1509044701393,298.1491564763952,298.15085234560433,298.1502785085226,100000.0,100000.00000006155
145.1,298.1509725364211,298.150901746617,298.14915901639654,298.15084977903837,298.15027766988334,100000.0,100000.00000006155
145.15,298.150969607939,298.1508990312957,298.14916154874953,298.1508472202008,298.1502768337694,100000.0,100000.00000006158
145.20000000000002,298.15096668827505,298.1508963241508,298.1491640734771,298.15084466906836,298.1502760001731,100000.0,100000.00000006161
145.25,298.1509637774027,298.15089362515755,298.14916659060225,298.1508421256178,298.1502751690869,100000.0,100000.00000006161
145.3,298.1509608752956,298.1508909342914,298.1491691001479,298.1508395898261,298.1502743405033,100000.0,100000.00000006164
145.35,298.1509579819272,298.15088825152793,298.14917160213685,298.1508370616701,298.1502735144147,100000.0,100000.00000006167
145.4,298.15095509727126,298.1508855768428,298.1491740965919,298.1508345411268,298.1502726908136,100000.0,100000.0000000617
145.45000000000002,298.1509522213015,298.15088291021164,298.1491765835356,298.15083202817334,298.1502718696926,100000.0,100000.0000000617
145.5,298.1509493539919,298.15088025161015,298.14917906299075,298.1508295227868,298.150271051044,100000.0,100000.00000006173
145.55,298.15094649531625,298.15087760101414,298.1491815349798,298.1508270249445,298.15027023486056,100000.0,100000.00000006176
145.6,298.1509436452486,298.15087495839964,298.14918399952523,298.1508245346236,298.1502694211348,100000.0,100000.00000006177
145.65,298.150940803763,298.15087232374253,298.14918645664943,298.1508220518015,298.15026860985927,100000.0,100000.00000006179
145.70000000000002,298.15093797083364,298.15086969701883,298.1491889063749,298.15081957645566,298.15026780102664,100000.0,100000.00000006182
145.75,298.1509351464347,298.1508670782046,298.1491913487237,298.15081710856356,298.1502669946296,100000.0,100000.00000006185
145.8,298.1509323305405,298.15086446727616,298.1491937837182,298.15081464810265,298.1502661906607,100000.0,100000.00000006187
145.85,298.15092952312557,298.1508618642097,298.1491962113805,298.15081219505066,298.15026538911275,100000.0,100000.00000006187
145.9,298.1509267241642,298.1508592689815,298.1491986317326,298.15080974938525,298.1502645899784,100000.0,100000.00000006187
145.95000000000002,298.150923933631,298.15085668156803,298.14920104479665,298.1508073110842,298.1502637932504,100000.0,100000.0000000619
146.0,298.15092115150065,298.1508541019457,298.14920345059454,298.1508048801253,298.1502629989215,100000.0,100000.00000006193
146.05,298.15091837774776,298.1508515300911,298.1492058491481,298.1508024564864,298.15026220698445,100000.0,100000.00000006193
146.1,298.15091561234715,298.1508489659808,298.1492082404792,298.15080004014555,298.15026141743203,100000.0,100000.00000006196
146.15,298.15091285527365,298.1508464095915,298.1492106246096,298.1507976310808,298.15026063025715,100000.0,100000.00000006199
146.20000000000002,298.15091010650224,298.15084386089995,298.14921300156095,298.1507952292701,298.1502598454525,100000.0,100000.00000006199
146.25,298.1509073660078,298.15084131988294,298.1492153713548,298.15079283469174,298.15025906301116,100000.0,100000.00000006203
146.3,298.15090463376555,298.1508387865174,298.14921773401284,298.1507904473238,298.15025828292585,100000.0,100000.00000006205
146.35,298.15090190975053,298.15083626078035,298.1492200895565,298.15078806714473,298.15025750518953,100000.0,100000.00000006205
146.4,298.150899193938,298.15083374264873,298.14922243800714,298.15078569413276,298.15025672979505,100000.0,100000.00000006208
146.45000000000002,298.1508964863033,298.1508312320996,298.1492247793862,298.15078332826636,298.1502559567354,100000.0,100000.00000006211
146.5,298.1508937868217,298.1508287291102,298.1492271137149,298.1507809695241,298.1502551860037,100000.0,100000.00000006214
146.55,298.15089109546886,298.15082623365777,298.14922944101465,298.1507786178843,298.15025441759275,100000.0,100000.00000006214
146.6,298.15088841222007,298.15082374571955,298.14923176130634,298.15077627332585,298.15025365149563,100000.0,100000.00000006217
146.65,298.15088573705106,298.15082126527307,298.1492340746113,298.1507739358272,298.1502528877053,100000.0,100000.0000000622
146.70000000000002,298.15088306993744,298.1508187922955,298.14923638095047,298.1507716053672,298.1502521262149,100000.0,100000.00000006222
146.75,298.15088041085505,298.15081632676464,298.1492386803448,298.1507692819246,298.1502513670175,100000.0,100000.00000006222
146.8,298.1508777597795,298.1508138686579,298.1492409728153,298.15076696547834,298.15025061010624,100000.0,100000.00000006227
146.85,298.15087511668696,298.150811417953,298.1492432583827,298.1507646560073,298.15024985547416,100000.0,100000.00000006228
146.9,298.15087248155317,298.1508089746275,298.1492455370678,298.1507623534905,298.15024910311433,100000.0,100000.00000006228
146.95000000000002,298.15086985435426,298.15080653865937,298.14924780889146,298.150760057907,298.1502483530201,100000.0,100000.00000006231
147.0,298.1508672350663,298.1508041100264,298.1492500738742,298.15075776923595,298.15024760518446,100000.0,100000.00000006235
147.05,298.1508646236655,298.15080168870645,298.1492523320367,298.1507554874564,298.1502468596007,100000.0,100000.00000006234
147.1,298.1508620201281,298.1507992746775,298.1492545833995,298.1507532125478,298.15024611626205,100000.0,100000.00000006238
147.15,298.1508594244304,298.1507968679177,298.149256827983,298.1507509444893,298.1502453751617,100000.0,100000.0000000624
147.20000000000002,298.1508568365489,298.150794468405,298.14925906580766,298.15074868326036,298.150244636293,100000.0,100000.00000006241
147.25,298.15085425645987,298.15079207611774,298.1492612968938,298.1507464288404,298.1502438996491,100000.0,100000.00000006243
147.3,298.15085168414,298.1507896910341,298.1492635212618,298.1507441812089,298.1502431652234,100000.0,100000.00000006246
147.35,298.1508491195658,298.1507873131323,298.1492657389318,298.15074194034537,298.15024243300917,100000.0,100000.00000006249
147.4,298.15084656271404,298.1507849423908,298.14926794992397,298.1507397062295,298.1502417029998,100000.0,100000.00000006249
147.45000000000002,298.1508440135614,298.15078257878804,298.1492701542585,298.150737478841,298.1502409751886,100000.0,100000.0000000625
147.5,298.1508414720847,298.15078022230256,298.1492723519553,298.15073525815956,298.1502402495689,100000.0,100000.00000006252
147.55,298.1508389382609,298.15077787291284,298.1492745430345,298.15073304416495,298.15023952613427,100000.0,100000.00000006254
147.6,298.1508364120669,298.15077553059757,298.14927672751594,298.1507308368371,298.150238804878,100000.0,100000.00000006257
147.65,298.15083389347967,298.15077319533543,298.1492789054195,298.1507286361559,298.15023808579355,100000.0,100000.00000006257
147.70000000000002,298.15083138247644,298.15077086710517,298.1492810767651,298.15072644210136,298.1502373688744,100000.0,100000.00000006259
147.75,298.1508288790342,298.1507685458856,298.1492832415723,298.15072425465354,298.150236654114,100000.0,100000.00000006263
147.8,298.1508263831304,298.1507662316557,298.1492853998609,298.15072207379245,298.1502359415059,100000.0,100000.00000006265
147.85,298.1508238947421,298.15076392439437,298.14928755165045,298.15071989949837,298.1502352310436,100000.0,100000.00000006266
147.9,298.15082141384676,298.1507616240806,298.14928969696064,298.1507177317515,298.1502345227206,100000.0,100000.00000006269
147.95000000000002,298.1508189404219,298.15075933069346,298.14929183581086,298.15071557053204,298.15023381653054,100000.0,100000.0000000627
148.0,298.150816474445,298.1507570442121,298.14929396822066,298.15071341582046,298.1502331124669,100000.0,100000.00000006275
148.05,298.15081401589356,298.15075476461584,298.1492960942094,298.1507112675971,298.1502324105233,100000.0,100000.00000006275
148.1,298.15081156474525,298.1507524918838,298.1492982137963,298.1507091258424,298.15023171069345,100000.0,100000.00000006275
148.15,298.1508091209778,298.15075022599535,298.1493003270009,298.15070699053695,298.15023101297083,100000.0,100000.00000006279
148.20000000000002,298.150806684569,298.15074796692994,298.1493024338422,298.15070486166127,298.1502303173492,100000.0,100000.0000000628
148.25,298.1508042554966,298.150745714667,298.1493045343394,298.15070273919594,298.15022962382227,100000.0,100000.00000006284
148.3,298.1508018337387,298.15074346918595,298.14930662851157,298.1507006231218,298.1502289323837,100000.0,100000.00000006286
148.35,298.15079941927297,298.15074123046645,298.14930871637796,298.15069851341957,298.1502282430271,100000.0,100000.00000006286
148.4,298.15079701207776,298.15073899848824,298.14931079795724,298.15069641007,298.15022755574626,100000.0,100000.00000006292
148.45000000000002,298.150794612131,298.15073677323085,298.1493128732686,298.150694313054,298.150226870535,100000.0,100000.00000006292
148.5,298.15079221941096,298.15073455467405,298.1493149423309,298.15069222235246,298.15022618738703,100000.0,100000.00000006295
148.55,298.1507898338958,298.1507323427978,298.14931700516274,298.15069013794647,298.1502255062961,100000.0,100000.00000006295
148.6,298.15078745556383,298.1507301375819,298.1493190617831,298.15068805981696,298.1502248272561,100000.0,100000.000000063
148.65,298.1507850843934,298.1507279390063,298.1493211122106,298.15068598794505,298.1502241502608,100000.0,100000.00000006301
148.70000000000002,298.1507827203631,298.15072574705096,298.1493231564639,298.15068392231194,298.1502234753041,100000.0,100000.00000006304
148.75,298.1507803634513,298.15072356169605,298.1493251945615,298.1506818628988,298.1502228023797,100000.0,100000.00000006305
148.8,298.15077801363657,298.1507213829216,298.14932722652213,298.150679809687,298.15022213148166,100000.0,100000.0000000631
148.85,298.15077567089753,298.15071921070785,298.14932925236417,298.1506777626577,298.15022146260384,100000.0,100000.0000000631
148.9,298.15077333521293,298.15071704503504,298.14933127210594,298.1506757217924,298.15022079574004,100000.0,100000.00000006313
148.95000000000002,298.1507710065615,298.1507148858834,298.1493332857659,298.1506736870726,298.15022013088435,100000.0,100000.00000006316
149.0,298.150768684922,298.1507127332335,298.14933529336247,298.15067165847955,298.1502194680307,100000.0,100000.00000006313
149.05,298.15076637027346,298.1507105870654,298.1493372949138,298.15066963599503,298.15021880717296,100000.0,100000.00000006318
149.1,298.1507640625947,298.15070844736,298.149339290438,298.1506676196006,298.1502181483052,100000.0,100000.0000000632
149.15,298.15076176186477,298.15070631409753,298.1493412799534,298.1506656092779,298.1502174914215,100000.0,100000.00000006321
149.20000000000002,298.15075946806274,298.1507041872587,298.14934326347793,298.1506636050086,298.15021683651565,100000.0,100000.00000006324
149.25,298.15075718116776,298.15070206682424,298.1493452410298,298.1506616067746,298.1502161835819,100000.0,100000.00000006324
149.3,298.1507549011591,298.1506999527747,298.1493472126268,298.1506596145576,298.15021553261425,100000.0,100000.00000006327
149.35,298.1507526280159,298.150697845091,298.1493491782871,298.15065762833945,298.1502148836068,100000.0,100000.0000000633
149.4,298.15075036171754,298.1506957437539,298.14935113802835,298.1506556481022,298.1502142365536,100000.0,100000.0000000633
149.45000000000002,298.1507481022434,298.15069364874427,298.14935309186853,298.15065367382783,298.1502135914488,100000.0,100000.00000006333
149.5,298.150745849573,298.15069156004313,298.1493550398253,298.1506517054984,298.15021294828654,100000.0,100000.00000006339
149.55,298.1507436036857,298.15068947763143,298.1493569819164,298.15064974309587,298.15021230706094,100000.0,100000.00000006336
149.6,298.1507413645612,298.15068740149025,298.1493589181596,298.1506477866025,298.1502116677662,100000.0,100000.00000006339
149.65,298.1507391321792,298.1506853316007,298.1493608485723,298.15064583600054,298.1502110303965,100000.0,100000.00000006342
149.70000000000002,298.1507369065192,298.1506832679439,298.14936277317224,298.1506438912721,298.15021039494604,100000.0,100000.00000006346
149.75,298.1507346875611,298.15068121050126,298.1493646919769,298.15064195239967,298.150209761409,100000.0,100000.00000006346
149.8,298.1507324752847,298.15067915925385,298.1493666050037,298.15064001936554,298.1502091297797,100000.0,100000.00000006349
149.85,298.1507302696699,298.15067711418317,298.14936851227,298.1506380921521,298.15020850005226,100000.0,100000.0000000635
149.9,298.1507280706965,298.15067507527056,298.1493704137932,298.15063617074185,298.15020787222113,100000.0,100000.00000006352
149.95000000000002,298.1507258783447,298.1506730424975,298.1493723095905,298.15063425511727,298.1502072462805,100000.0,100000.00000006356
150.0,298.1507236925944,298.15067101584543,298.1493741996793,298.15063234526104,298.15020662222463,100000.0,100000.00000006355
150.05,298.1507215134258,298.1506689952961,298.1493760840766,298.15063044115567,298.150206000048,100000.0,100000.00000006356
150.1,298.15071934081914,298.15066698083086,298.14937796279975,298.150628542784,298.15020537974476,100000.0,100000.00000006358
150.15,298.1507171747545,298.15066497243157,298.1493798358657,298.1506266501286,298.1502047613094,100000.0,100000.00000006362
150.20000000000002,298.15071501521226,298.15066297007996,298.14938170329145,298.1506247631723,298.1502041447363,100000.0,100000.00000006362
150.25,298.1507128621729,298.1506609737578,298.1493835650941,298.150622881898,298.1502035300198,100000.0,100000.00000006366
150.3,298.1507107156166,298.1506589834469,298.1493854212905,298.1506210062886,298.1502029171543,100000.0,100000.00000006365
150.35,298.15070857552405,298.1506569991292,298.1493872718976,298.1506191363269,298.15020230613425,100000.0,100000.00000006365
150.4,298.1507064418756,298.15065502078664,298.1493891169321,298.150617271996,298.150201696954,100000.0,100000.00000006372
150.45000000000002,298.1507043146521,298.1506530484012,298.14939095641097,298.150615413279,298.1502010896083,100000.0,100000.00000006372
150.5,298.150702193834,298.150651081955,298.1493927903508,298.15061356015894,298.1502004840913,100000.0,100000.00000006375
150.55,298.150700079402,298.1506491214301,298.1493946187683,298.1506117126189,298.1501998803976,100000.0,100000.00000006377
150.6,298.15069797133697,298.1506471668087,298.14939644168015,298.15060987064214,298.15019927852177,100000.0,100000.0000000638
150.65,298.1506958696197,298.150645218073,298.14939825910284,298.1506080342119,298.15019867845837,100000.0,100000.00000006381
150.70000000000002,298.1506937742311,298.1506432752053,298.1494000710529,298.1506062033116,298.15019808020173,100000.0,100000.00000006382
150.75,298.1506916851521,298.15064133818794,298.14940187754695,298.15060437792437,298.15019748374664,100000.0,100000.00000006387
150.8,298.1506896023637,298.15063940700327,298.1494036786013,298.1506025580337,298.15019688908757,100000.0,100000.00000006385
150.85,298.15068752584693,298.1506374816338,298.1494054742323,298.15060074362304,298.1501962962191,100000.0,100000.00000006388
150.9,298.1506854555829,298.1506355620619,298.1494072644564,298.15059893467594,298.1501957051359,100000.0,100000.0000000639
150.95000000000002,298.15068339155283,298.15063364827023,298.1494090492897,298.1505971311759,298.1501951158325,100000.0,100000.00000006393
151.0,298.1506813337379,298.1506317402413,298.1494108287486,298.1505953331065,298.1501945283037,100000.0,100000.00000006396
151.05,298.1506792821195,298.1506298379578,298.1494126028493,298.15059354045144,298.150193942544,100000.0,100000.00000006397
151.1,298.1506772366788,298.1506279414024,298.1494143716078,298.15059175319436,298.15019335854805,100000.0,100000.00000006397
151.15,298.15067519739733,298.1506260505579,298.14941613504027,298.150589971319,298.1501927763107,100000.0,100000.000000064
151.20000000000002,298.15067316425655,298.150624165407,298.1494178931627,298.15058819480925,298.15019219582655,100000.0,100000.000000064
151.25,298.15067113723785,298.1506222859327,298.1494196459911,298.15058642364886,298.15019161709034,100000.0,100000.00000006403
151.3,298.1506691163229,298.1506204121178,298.1494213935415,298.1505846578218,298.15019104009684,100000.0,100000.00000006406
151.35,298.15066710149324,298.1506185439453,298.14942313582964,298.1505828973119,298.15019046484076,100000.0,100000.00000006404
151.4,298.15066509273066,298.1506166813982,298.1494248728714,298.15058114210325,298.15018989131687,100000.0,100000.00000006409
151.45000000000002,298.1506630900168,298.1506148244596,298.1494266046827,298.15057939217985,298.15018931951994,100000.0,100000.00000006413
151.5,298.1506610933335,298.1506129731125,298.1494283312792,298.1505776475257,298.1501887494448,100000.0,100000.00000006414
151.55,298.15065910266253,298.1506111273402,298.14943005267656,298.1505759081251,298.1501881810863,100000.0,100000.00000006414
151.6,298.1506571179858,298.15060928712586,298.1494317688905,298.1505741739621,298.1501876144392,100000.0,100000.00000006417
151.65,298.1506551392854,298.15060745245273,298.1494334799366,298.15057244502106,298.15018704949836,100000.0,100000.00000006419
151.70000000000002,298.1506531665431,298.1506056233041,298.14943518583044,298.1505707212861,298.1501864862587,100000.0,100000.0000000642
151.75,298.15065119974116,298.1506037996634,298.1494368865875,298.1505690027417,298.150185924715,100000.0,100000.00000006422
151.8,298.1506492388616,298.150601981514,298.14943858222335,298.1505672893721,298.1501853648623,100000.0,100000.00000006426
151.85,298.1506472838866,298.15060016883933,298.1494402727533,298.1505655811617,298.15018480669534,100000.0,100000.00000006425
151.9,298.15064533479836,298.150598361623,298.1494419581927,298.15056387809506,298.1501842502091,100000.0,100000.00000006429
151.95000000000002,298.15064339157925,298.1505965598485,298.14944363855705,298.15056218015667,298.1501836953986,100000.0,100000.00000006432
152.0,298.1506414542114,298.1505947634995,298.1494453138614,298.1505604873311,298.1501831422587,100000.0,100000.00000006433
152.05,298.1506395226774,298.1505929725596,298.1494469841212,298.1505587996029,298.1501825907844,100000.0,100000.00000006438
152.1,298.15063759695954,298.15059118701254,298.1494486493515,298.15055711695686,298.1501820409708,100000.0,100000.00000006438
152.15,298.15063567704044,298.1505894068421,298.1494503095675,298.1505554393774,298.15018149281264,100000.0,100000.0000000644
152.20000000000002,298.1506337629025,298.15058763203206,298.1494519647843,298.15055376684955,298.15018094630517,100000.0,100000.00000006444
152.25,298.1506318545284,298.15058586256634,298.14945361501697,298.1505520993579,298.1501804014433,100000.0,100000.00000006445
152.3,298.1506299519007,298.15058409842874,298.14945526028043,298.15055043688744,298.1501798582221,100000.0,100000.0000000645
152.35,298.15062805500224,298.1505823396033,298.14945690058977,298.150548779423,298.15017931663664,100000.0,100000.00000006446
152.4,298.1506261638157,298.150580586074,298.1494585359598,298.1505471269494,298.150178776682,100000.0,100000.00000006452
152.45000000000002,298.1506242783238,298.1505788378249,298.14946016640545,298.15054547945175,298.15017823835325,100000.0,100000.0000000645
152.5,298.1506223985094,298.15057709484006,298.1494617919416,298.150543836915,298.15017770164553,100000.0,100000.00000006455
152.55,298.15062052435553,298.15057535710366,298.1494634125828,298.1505421993242,298.15017716655393,100000.0,100000.00000006455
152.6,298.15061865584505,298.15057362459993,298.14946502834414,298.1505405666645,298.1501766330735,100000.0,100000.00000006458
152.65,298.15061679296105,298.15057189731306,298.14946663924,298.15053893892104,298.1501761011996,100000.0,100000.0000000646
152.70000000000002,298.15061493568646,298.1505701752274,298.1494682452852,298.150537316079,298.1501755709272,100000.0,100000.00000006461
152.75,298.1506130840045,298.15056845832726,298.14946984649436,298.15053569812363,298.15017504225153,100000.0,100000.00000006464
152.8,298.15061123789826,298.15056674659695,298.1494714428819,298.1505340850402,298.15017451516786,100000.0,100000.00000006464
152.85,298.150609397351,298.150565040021,298.1494730344625,298.1505324768141,298.1501739896713,100000.0,100000.00000006467
152.9,298.15060756234595,298.1505633385839,298.1494746212506,298.15053087343057,298.1501734657571,100000.0,100000.00000006467
152.95000000000002,298.15060573286644,298.15056164227,298.1494762032605,298.15052927487517,298.15017294342056,100000.0,100000.00000006473
153.0,298.15060390889585,298.1505599510641,298.1494777805068,298.1505276811334,298.1501724226568,100000.0,100000.00000006473
153.05,298.15060209041746,298.15055826495075,298.1494793530036,298.15052609219055,298.15017190346117,100000.0,100000.00000006476
153.1,298.1506002774149,298.1505565839145,298.1494809207654,298.15052450803233,298.1501713858289,100000.0,100000.00000006476
153.15,298.1505984698716,298.15055490794026,298.1494824838064,298.15052292864425,298.15017086975536,100000.0,100000.00000006479
153.20000000000002,298.1505966677712,298.1505532370126,298.1494840421408,298.150521354012,298.1501703552358,100000.0,100000.00000006483
153.25,298.1505948710972,298.15055157111647,298.1494855957827,298.15051978412134,298.15016984226554,100000.0,100000.00000006483
153.3,298.15059307983336,298.1505499102366,298.14948714474633,298.15051821895787,298.15016933083996,100000.0,100000.00000006487
153.35,298.15059129396326,298.15054825435794,298.1494886890458,298.15051665850734,298.1501688209543,100000.0,100000.00000006487
153.4,298.1505895134708,298.15054660346544,298.1494902286951,298.15051510275566,298.1501683126041,100000.0,100000.0000000649
153.45000000000002,298.15058773833965,298.15054495754407,298.14949176370817,298.15051355168856,298.1501678057846,100000.0,100000.0000000649
153.5,298.15058596855374,298.15054331657893,298.1494932940991,298.15051200529206,298.15016730049115,100000.0,100000.00000006493
153.55,298.1505842040971,298.15054168055497,298.14949481988174,298.150510463552,298.15016679671925,100000.0,100000.00000006496
153.60000000000002,298.15058244495344,298.15054004945733,298.14949634107,298.1505089264544,298.1501662944644,100000.0,100000.00000006497
153.65,298.15058069110694,298.15053842327126,298.1494978576777,298.1505073939853,298.15016579372184,100000.0,100000.00000006499
153.70000000000002,298.15057894254153,298.15053680198196,298.14949936971857,298.15050586613074,298.1501652944871,100000.0,100000.000000065
153.75,298.1505771992414,298.15053518557465,298.1495008772064,298.15050434287684,298.1501647967557,100000.0,100000.00000006503
153.8,298.1505754611906,298.15053357403457,298.1495023801549,298.15050282420975,298.15016430052304,100000.0,100000.00000006502
153.85000000000002,298.1505737283735,298.1505319673472,298.1495038785779,298.15050131011554,298.1501638057846,100000.0,100000.00000006506
153.9,298.1505720007741,298.15053036549784,298.1495053724887,298.15049980058063,298.15016331253594,100000.0,100000.00000006505
153.95000000000002,298.1505702783769,298.1505287684719,298.14950686190116,298.1504982955912,298.1501628207725,100000.0,100000.00000006506
154.0,298.1505685611661,298.15052717625485,298.1495083468287,298.1504967951335,298.1501623304898,100000.0,100000.0000000651
154.05,298.15056684912616,298.15052558883235,298.1495098272849,298.15049529919395,298.15016184168354,100000.0,100000.00000006512
154.10000000000002,298.1505651422415,298.1505240061898,298.14951130328313,298.15049380775906,298.15016135434917,100000.0,100000.00000006513
154.15,298.1505634404965,298.1505224283129,298.1495127748368,298.15049232081503,298.1501608684822,100000.0,100000.00000006518
154.20000000000002,298.15056174387587,298.1505208551873,298.1495142419595,298.15049083834845,298.1501603840782,100000.0,100000.00000006519
154.25,298.15056005236397,298.1505192867986,298.14951570466434,298.15048936034594,298.15015990113295,100000.0,100000.00000006519
154.3,298.1505583659455,298.1505177231327,298.1495171629647,298.1504878867939,298.15015941964185,100000.0,100000.00000006522
154.35000000000002,298.15055668460525,298.1505161641752,298.14951861687393,298.15048641767896,298.15015893960066,100000.0,100000.00000006522
154.4,298.15055500832773,298.15051460991197,298.1495200664051,298.1504849529878,298.150158461005,100000.0,100000.00000006524
154.45000000000002,298.1505533370978,298.150513060329,298.14952151157155,298.15048349270717,298.1501579838504,100000.0,100000.00000006527
154.5,298.1505516709003,298.15051151541206,298.1495229523863,298.1504820368237,298.1501575081326,100000.0,100000.0000000653
154.55,298.15055000971995,298.1505099751471,298.14952438886246,298.15048058532403,298.1501570338472,100000.0,100000.00000006531
154.60000000000002,298.1505483535418,298.1505084395202,298.1495258210132,298.15047913819524,298.1501565609901,100000.0,100000.00000006534
154.65,298.1505467023506,298.15050690851734,298.1495272488515,298.1504776954239,298.1501560895568,100000.0,100000.00000006537
154.70000000000002,298.1505450561315,298.1505053821246,298.1495286723902,298.1504762569971,298.15015561954306,100000.0,100000.0000000654
154.75,298.1505434148694,298.1505038603282,298.1495300916425,298.1504748229016,298.15015515094467,100000.0,100000.0000000654
154.8,298.1505417785495,298.15050234311406,298.1495315066211,298.1504733931244,298.1501546837573,100000.0,100000.00000006541
154.85000000000002,298.1505401471568,298.15050083046856,298.14953291733895,298.15047196765255,298.15015421797665,100000.0,100000.00000006544
154.9,298.15053852067655,298.1504993223779,298.1495343238089,298.15047054647306,298.1501537535986,100000.0,100000.00000006545
154.95000000000002,298.15053689909394,298.1504978188284,298.1495357260437,298.15046912957297,298.15015329061885,100000.0,100000.00000006547
155.0,298.1505352823942,298.1504963198064,298.1495371240561,298.15046771693943,298.15015282903323,100000.0,100000.0000000655
155.05,298.1505336705626,298.15049482529815,298.14953851785884,298.1504663085596,298.1501523688375,100000.0,100000.00000006551
155.10000000000002,298.15053206358454,298.1504933352902,298.1495399074646,298.15046490442063,298.15015191002755,100000.0,100000.00000006554
155.15,298.1505304614453,298.15049184976885,298.14954129288606,298.1504635045098,298.1501514525991,100000.0,100000.00000006554
155.20000000000002,298.15052886413054,298.15049036872074,298.14954267413566,298.15046210881434,298.1501509965481,100000.0,100000.00000006554
155.25,298.1505272716255,298.15048889213233,298.14954405122614,298.15046071732155,298.1501505418704,100000.0,100000.00000006557
155.3,298.1505256839158,298.15048741999016,298.14954542416996,298.15045933001886,298.1501500885617,100000.0,100000.0000000656
155.35000000000002,298.15052410098696,298.15048595228086,298.14954679297955,298.1504579468935,298.15014963661804,100000.0,100000.00000006561
155.4,298.15052252282464,298.15048448899114,298.1495481576675,298.150456567933,298.15014918603526,100000.0,100000.00000006563
155.45000000000002,298.1505209494144,298.15048303010764,298.149549518246,298.1504551931249,298.1501487368093,100000.0,100000.00000006567
155.5,298.150519380742,298.1504815756171,298.14955087472765,298.1504538224565,298.150148288936,100000.0,100000.00000006569
155.55,298.1505178167932,298.1504801255063,298.1495522271247,298.15045245591546,298.1501478424114,100000.0,100000.00000006569
155.60000000000002,298.1505162575536,298.15047867976205,298.1495535754493,298.1504510934893,298.15014739723125,100000.0,100000.0000000657
155.65,298.15051470300926,298.15047723837114,298.149554919714,298.15044973516564,298.15014695339175,100000.0,100000.00000006575
155.70000000000002,298.1505131531459,298.15047580132057,298.1495562599308,298.1504483809322,298.1501465108886,100000.0,100000.00000006576
155.75,298.1505116079495,298.1504743685972,298.149557596112,298.15044703077655,298.150146069718,100000.0,100000.00000006577
155.8,298.1505100674059,298.150472940188,298.1495589282697,298.1504456846864,298.15014562987585,100000.0,100000.00000006579
155.85000000000002,298.1505085315012,298.1504715160801,298.14956025641607,298.1504443426497,298.1501451913581,100000.0,100000.00000006582
155.9,298.1505070002214,298.1504700962603,298.14956158056316,298.15044300465405,298.1501447541608,100000.0,100000.00000006582
155.95000000000002,298.15050547355247,298.1504686807159,298.1495629007229,298.15044167068737,298.15014431827996,100000.0,100000.00000006586
156.0,298.1505039514807,298.150467269434,298.1495642169075,298.1504403407375,298.1501438837116,100000.0,100000.00000006586
156.05,298.15050243399213,298.15046586240163,298.14956552912884,298.1504390147923,298.15014345045194,100000.0,100000.00000006588
156.10000000000002,298.150500921073,298.15046445960616,298.14956683739877,298.1504376928398,298.1501430184968,100000.0,100000.0000000659
156.15,298.15049941270956,298.1504630610347,298.14956814172933,298.15043637486787,298.1501425878424,100000.0,100000.00000006592
156.20000000000002,298.15049790888804,298.1504616666747,298.14956944213225,298.15043506086465,298.15014215848475,100000.0,100000.00000006595
156.25,298.15049640959484,298.15046027651323,298.14957073861945,298.15043375081814,298.15014173042005,100000.0,100000.00000006595
156.3,298.15049491481625,298.15045889053783,298.14957203120275,298.1504324447164,298.1501413036442,100000.0,100000.00000006601
156.35000000000002,298.1504934245387,298.1504575087359,298.14957331989376,298.1504311425476,298.15014087815354,100000.0,100000.00000006601
156.4,298.1504919387486,298.15045613109476,298.14957460470436,298.1504298442998,298.1501404539441,100000.0,100000.00000006604
156.45000000000002,298.15049045743257,298.150454757602,298.14957588564613,298.1504285499613,298.15014003101203,100000.0,100000.00000006607
156.5,298.15048898057705,298.15045338824507,298.1495771627308,298.15042725952026,298.15013960935346,100000.0,100000.0000000661
156.55,298.15048750816857,298.15045202301155,298.1495784359699,298.15042597296497,298.1501391889646,100000.0,100000.00000006608
156.60000000000002,298.15048604019375,298.15045066188895,298.149579705375,298.1504246902837,298.15013876984153,100000.0,100000.00000006611
156.65,298.1504845766393,298.1504493048649,298.1495809709578,298.15042341146494,298.1501383519806,100000.0,100000.00000006612
156.70000000000002,298.15048311749183,298.15044795192716,298.1495822327296,298.15042213649684,298.1501379353779,100000.0,100000.00000006612
156.75,298.1504816627382,298.1504466030633,298.149583490702,298.1504208653679,298.1501375200297,100000.0,100000.00000006615
156.8,298.150480212365,298.15044525826113,298.14958474488645,298.1504195980666,298.1501371059322,100000.0,100000.00000006615
156.85000000000002,298.15047876635924,298.15044391750837,298.14958599529433,298.15041833458133,298.15013669308155,100000.0,100000.00000006618
156.9,298.1504773247076,298.15044258079297,298.149587241937,298.15041707490064,298.1501362814741,100000.0,100000.0000000662
156.95000000000002,298.1504758873971,298.15044124810254,298.1495884848258,298.1504158190131,298.15013587110604,100000.0,100000.00000006621
157.0,298.15047445441445,298.15043991942514,298.14958972397204,298.1504145669073,298.1501354619738,100000.0,100000.00000006624
157.05,298.1504730257469,298.1504385947486,298.14959095938696,298.1504133185717,298.1501350540734,100000.0,100000.00000006627
157.10000000000002,298.15047160138124,298.15043727406095,298.14959219108187,298.15041207399514,298.1501346474013,100000.0,100000.0000000663
157.15,298.1504701813047,298.15043595735006,298.14959341906786,298.15041083316623,298.1501342419537,100000.0,100000.00000006631
157.20000000000002,298.15046876550423,298.15043464460405,298.14959464335624,298.1504095960737,298.1501338377271,100000.0,100000.00000006633
157.25,298.150467353967,298.15043333581104,298.14959586395804,298.15040836270623,298.1501334347176,100000.0,100000.00000006634
157.3,298.1504659466801,298.1504320309589,298.1495970808844,298.1504071330526,298.1501330329217,100000.0,100000.00000006637
157.35000000000002,298.1504645436308,298.15043073003596,298.14959829414636,298.1504059071018,298.1501326323356,100000.0,100000.00000006639
157.4,298.15046314480634,298.15042943303035,298.1495995037549,298.1504046848425,298.15013223295585,100000.0,100000.00000006641
157.45000000000002,298.15046175019404,298.1504281399302,298.1496007097212,298.15040346626364,298.1501318347786,100000.0,100000.00000006641
157.5,298.15046035978116,298.15042685072393,298.149601912056,298.1504022513541,298.1501314378004,100000.0,100000.00000006643
157.55,298.15045897355503,298.1504255653996,298.1496031107705,298.1504010401029,298.1501310420175,100000.0,100000.00000006647
157.60000000000002,298.1504575915031,298.15042428394565,298.1496043058754,298.15039983249903,298.15013064742647,100000.0,100000.00000006649
157.65,298.15045621361276,298.15042300635037,298.1496054973816,298.15039862853143,298.15013025402357,100000.0,100000.0000000665
157.70000000000002,298.1504548398715,298.1504217326021,298.14960668529994,298.15039742818925,298.1501298618053,100000.0,100000.0000000665
157.75,298.1504534702668,298.1504204626894,298.1496078696413,298.1503962314615,298.15012947076804,100000.0,100000.00000006653
157.8,298.15045210478627,298.15041919660064,298.14960905041636,298.1503950383373,298.15012908090824,100000.0,100000.00000006655
157.85000000000002,298.1504507434174,298.1504179343242,298.1496102276359,298.15039384880583,298.1501286922224,100000.0,100000.00000006658
157.9,298.1504493861479,298.1504166758488,298.1496114013106,298.1503926628562,298.150128304707,100000.0,100000.00000006659
157.95000000000002,298.1504480329654,298.1504154211629,298.1496125714512,298.1503914804777,298.1501279183584,100000.0,100000.00000006659
158.0,298.1504466838576,298.150414170255,298.1496137380683,298.15039030165957,298.15012753317325,100000.0,100000.00000006662
158.05,298.1504453388121,298.1504129231139,298.14961490117247,298.1503891263911,298.150127149148,100000.0,100000.00000006665
158.10000000000002,298.1504439978168,298.1504116797281,298.1496160607743,298.1503879546615,298.150126766279,100000.0,100000.00000006668
158.15,298.15044266085954,298.1504104400864,298.1496172168844,298.1503867864602,298.15012638456295,100000.0,100000.00000006668
158.20000000000002,298.1504413279281,298.15040920417744,298.1496183695133,298.15038562177665,298.1501260039963,100000.0,100000.0000000667
158.25,298.15043999901025,298.1504079719901,298.14961951867133,298.1503844606001,298.1501256245756,100000.0,100000.0000000667
158.3,298.1504386740941,298.15040674351303,298.1496206643691,298.15038330292003,298.1501252462974,100000.0,100000.00000006675
158.35000000000002,298.1504373531675,298.15040551873517,298.1496218066169,298.150382148726,298.1501248691583,100000.0,100000.00000006676
158.4,298.1504360362185,298.1504042976453,298.1496229454252,298.1503809980075,298.1501244931548,100000.0,100000.00000006678
158.45000000000002,298.150434723235,298.15040308023237,298.1496240808044,298.15037985075395,298.1501241182835,100000.0,100000.0000000668
158.5,298.15043341420505,298.15040186648525,298.1496252127647,298.150378706955,298.150123744541,100000.0,100000.0000000668
158.55,298.150432109117,298.150400656393,298.14962634131655,298.15037756660024,298.150123371924,100000.0,100000.00000006684
158.60000000000002,298.1504308079587,298.15039944994453,298.14962746647006,298.1503764296793,298.15012300042895,100000.0,100000.00000006685
158.65,298.1504295107184,298.1503982471289,298.1496285882356,298.15037529618183,298.1501226300526,100000.0,100000.0000000669
158.70000000000002,298.1504282173844,298.15039704793514,298.1496297066232,298.15037416609744,298.1501222607914,100000.0,100000.00000006692
158.75,298.1504269279448,298.1503958523524,298.1496308216432,298.150373039416,298.1501218926422,100000.0,100000.00000006691
158.8,298.150425642388,298.1503946603698,298.14963193330567,298.15037191612726,298.1501215256015,100000.0,100000.00000006697
158.85000000000002,298.1504243607022,298.1503934719764,298.14963304162075,298.1503707962209,298.15012115966607,100000.0,100000.00000006697
158.9,298.15042308287576,298.1503922871615,298.14963414659843,298.1503696796868,298.15012079483256,100000.0,100000.000000067
158.95000000000002,298.15042180889714,298.1503911059143,298.14963524824884,298.15036856651477,298.15012043109755,100000.0,100000.00000006701
159.0,298.15042053875464,298.150389928224,298.14963634658204,298.1503674566947,298.15012006845785,100000.0,100000.00000006706
159.05,298.1504192724368,298.15038875408,298.14963744160787,298.1503663502165,298.1501197069102,100000.0,100000.00000006706
159.10000000000002,298.1504180099321,298.1503875834715,298.14963853333643,298.1503652470701,298.1501193464511,100000.0,100000.00000006707
159.15,298.15041675122905,298.15038641638796,298.1496396217776,298.15036414724545,298.1501189870775,100000.0,100000.00000006711
159.20000000000002,298.1504154963161,298.15038525281875,298.1496407069413,298.15036305073255,298.150118628786,100000.0,100000.00000006711
159.25,298.15041424518193,298.1503840927532,298.14964178883736,298.1503619575215,298.15011827157343,100000.0,100000.00000006713
159.3,298.1504129978152,298.1503829361808,298.14964286747556,298.1503608676023,298.15011791543645,100000.0,100000.00000006714
159.35000000000002,298.15041175420447,298.1503817830911,298.14964394286585,298.15035978096506,298.1501175603718,100000.0,100000.00000006717
159.4,298.1504105143385,298.15038063347356,298.149645015018,298.15035869759987,298.1501172063764,100000.0,100000.00000006722
159.45000000000002,298.150409278206,298.15037948731765,298.14964608394166,298.15035761749687,298.15011685344695,100000.0,100000.00000006722
159.5,298.15040804579564,298.1503783446131,298.14964714964657,298.15035654064627,298.1501165015802,100000.0,100000.00000006723
159.55,298.1504068170964,298.1503772053494,298.1496482121425,298.15035546703825,298.150116150773,100000.0,100000.00000006726
159.60000000000002,298.15040559209694,298.15037606951626,298.149649271439,298.15035439666303,298.15011580102214,100000.0,100000.00000006727
159.65,298.1504043707862,298.15037493710327,298.1496503275458,298.15035332951095,298.1501154523244,100000.0,100000.00000006729
159.70000000000002,298.150403153153,298.1503738081002,298.1496513804725,298.1503522655722,298.15011510467673,100000.0,100000.00000006732
159.75,298.15040193918634,298.1503726824968,298.1496524302287,298.15035120483725,298.15011475807586,100000.0,100000.00000006732
159.8,298.1504007288751,298.1503715602828,298.1496534768238,298.1503501472963,298.1501144125187,100000.0,100000.00000006733
159.85000000000002,298.1503995222084,298.15037044144793,298.1496545202674,298.1503490929398,298.150114068002,100000.0,100000.00000006738
159.9,298.15039831917517,298.15036932598207,298.14965556056904,298.15034804175815,298.15011372452267,100000.0,100000.00000006735
159.95000000000002,298.1503971197645,298.15036821387514,298.14965659773816,298.15034699374183,298.1501133820778,100000.0,100000.0000000674
160.0,298.15039592396545,298.1503671051169,298.1496576317842,298.15034594888124,298.15011304066394,100000.0,100000.00000006739
160.05,298.15039473176716,298.1503659996974,298.1496586627165,298.1503449071669,298.15011270027816,100000.0,100000.00000006742
160.10000000000002,298.15039354315877,298.15036489760644,298.1496596905444,298.1503438685894,298.1501123609174,100000.0,100000.00000006743
160.15,298.1503923581296,298.15036379883406,298.1496607152775,298.15034283313923,298.1501120225784,100000.0,100000.00000006746
160.20000000000002,298.1503911766687,298.1503627033704,298.1496617369248,298.150341800807,298.1501116852583,100000.0,100000.00000006746
160.25,298.1503899987653,298.1503616112053,298.1496627554958,298.1503407715833,298.1501113489539,100000.0,100000.00000006748
160.3,298.1503888244089,298.1503605223289,298.14966377099967,298.1503397454588,298.1501110136622,100000.0,100000.00000006749
160.35000000000002,298.15038765358867,298.1503594367313,298.1496647834457,298.15033872242407,298.1501106793801,100000.0,100000.0000000675
160.4,298.150386486294,298.15035835440267,298.14966579284305,298.1503377024699,298.15011034610455,100000.0,100000.00000006754
160.45000000000002,298.15038532251424,298.15035727533314,298.14966679920093,298.15033668558704,298.1501100138326,100000.0,100000.00000006755
160.5,298.1503841622388,298.1503561995128,298.1496678025285,298.15033567176613,298.15010968256115,100000.0,100000.00000006758
160.55,298.15038300545723,298.150355126932,298.14966880283487,298.1503346609981,298.15010935228725,100000.0,100000.0000000676
160.60000000000002,298.1503818521589,298.1503540575809,298.1496698001291,298.15033365327366,298.1501090230079,100000.0,100000.00000006761
160.65,298.15038070233334,298.1503529914499,298.14967079442033,298.1503326485836,298.15010869472,100000.0,100000.00000006764
160.70000000000002,298.1503795559702,298.1503519285292,298.1496717857176,298.1503316469189,298.1501083674206,100000.0,100000.00000006767
160.75,298.1503784130589,298.150350868809,298.1496727740299,298.15033064827037,298.1501080411068,100000.0,100000.00000006768
160.8,298.1503772735891,298.1503498122799,298.1496737593661,298.1503296526289,298.1501077157756,100000.0,100000.00000006767
160.85000000000002,298.15037613755044,298.1503487589322,298.14967474173534,298.1503286599856,298.15010739142406,100000.0,100000.00000006772
160.9,298.1503750049326,298.1503477087564,298.14967572114654,298.15032767033125,298.1501070680492,100000.0,100000.00000006772
160.95000000000002,298.1503738757253,298.15034666174273,298.1496766976085,298.15032668365694,298.15010674564803,100000.0,100000.00000006772
161.0,298.15037274991823,298.15034561788184,298.14967767113023,298.15032569995367,298.1501064242177,100000.0,100000.00000006775
161.05,298.15037162750116,298.1503445771642,298.14967864172047,298.1503247192125,298.15010610375526,100000.0,100000.00000006775
161.10000000000002,298.15037050846394,298.15034353958043,298.14967960938804,298.1503237414246,298.1501057842578,100000.0,100000.00000006778
161.15,298.1503693927963,298.150342505121,298.1496805741418,298.1503227665809,298.15010546572233,100000.0,100000.00000006781
161.20000000000002,298.1503682804881,298.1503414737764,298.14968153599057,298.15032179467266,298.1501051481461,100000.0,100000.00000006784
161.25,298.15036717152935,298.1503404455375,298.149682494943,298.15032082569104,298.1501048315261,100000.0,100000.00000006786
161.3,298.1503660659098,298.15033942039474,298.14968345100783,298.1503198596272,298.15010451585954,100000.0,100000.00000006787
161.35000000000002,298.1503649636195,298.1503383983389,298.14968440419386,298.1503188964723,298.15010420114345,100000.0,100000.0000000679
161.4,298.1503638646484,298.1503373793606,298.14968535450964,298.1503179362176,298.1501038873751,100000.0,100000.00000006793
161.45000000000002,298.1503627689865,298.15033636345066,298.1496863019638,298.1503169788545,298.1501035745515,100000.0,100000.00000006793
161.5,298.1503616766238,298.1503353505998,298.149687246565,298.1503160243742,298.15010326267,100000.0,100000.00000006794
161.55,298.15036058755044,298.15033434079885,298.1496881883219,298.1503150727679,298.1501029517275,100000.0,100000.00000006796
161.60000000000002,298.1503595017565,298.1503333340386,298.14968912724294,298.15031412402715,298.15010264172133,100000.0,100000.00000006799
161.65,298.150358419232,298.15033233030977,298.1496900633368,298.1503131781432,298.1501023326486,100000.0,100000.00000006802
161.70000000000002,298.15035733996723,298.15033132960343,298.14969099661187,298.1503122351075,298.1501020245066,100000.0,100000.00000006803
161.75,298.1503562639523,298.15033033191037,298.1496919270767,298.15031129491143,298.1501017172925,100000.0,100000.00000006804
161.8,298.1503551911775,298.1503293372216,298.14969285473967,298.15031035754646,298.15010141100345,100000.0,100000.00000006807
161.85000000000002,298.150354121633,298.150328345528,298.14969377960927,298.1503094230041,298.1501011056367,100000.0,100000.00000006812
161.9,298.150353055309,298.1503273568205,298.149694701694,298.1503084912758,298.1501008011894,100000.0,100000.00000006813
161.95000000000002,298.15035199219597,298.1503263710903,298.14969562100214,298.150307562353,298.1501004976589,100000.0,100000.00000006813
162.0,298.15035093228414,298.1503253883282,298.14969653754207,298.15030663622747,298.1501001950424,100000.0,100000.00000006813
162.05,298.15034987556396,298.1503244085254,298.14969745132214,298.1503057128906,298.1500998933371,100000.0,100000.00000006816
162.10000000000002,298.15034882202565,298.150323431673,298.14969836235065,298.1503047923341,298.15009959254036,100000.0,100000.00000006819
162.15,298.15034777165977,298.15032245776206,298.1496992706359,298.15030387454954,298.15009929264926,100000.0,100000.0000000682
162.20000000000002,298.15034672445677,298.1503214867837,298.1497001761861,298.15030295952863,298.15009899366123,100000.0,100000.0000000682
162.25,298.1503456804071,298.15032051872925,298.14970107900956,298.15030204726304,298.15009869557355,100000.0,100000.00000006822
162.3,298.1503446395012,298.15031955358967,298.14970197911447,298.15030113774435,298.1500983983834,100000.0,100000.00000006825
162.35000000000002,298.1503436017297,298.1503185913563,298.14970287650897,298.1503002309645,298.1500981020882,100000.0,100000.00000006828
162.4,298.15034256708304,298.15031763202046,298.1497037712013,298.150299326915,298.15009780668515,100000.0,100000.00000006828
162.45000000000002,298.15034153555195,298.1503166755733,298.1497046631995,298.15029842558783,298.15009751217167,100000.0,100000.0000000683
162.5,298.15034050712694,298.1503157220062,298.1497055525117,298.1502975269747,298.150097218545,100000.0,100000.00000006835
162.55,298.1503394817987,298.15031477131043,298.14970643914614,298.1502966310675,298.1500969258025,100000.0,100000.00000006835
162.60000000000002,298.150338459558,298.1503138234774,298.14970732311065,298.15029573785796,298.1500966339415,100000.0,100000.00000006836
162.65,298.1503374403954,298.1503128784984,298.14970820441346,298.15029484733805,298.1500963429593,100000.0,100000.00000006836
162.70000000000002,298.15033642430166,298.15031193636503,298.1497090830625,298.1502939594997,298.15009605285326,100000.0,100000.00000006842
162.75,298.1503354112675,298.1503109970685,298.1497099590657,298.1502930743348,298.15009576362087,100000.0,100000.00000006844
162.8,298.1503344012839,298.1503100606004,298.1497108324312,298.15029219183526,298.1500954752594,100000.0,100000.00000006845
162.85000000000002,298.1503333943415,298.15030912695215,298.1497117031667,298.1502913119931,298.1500951877662,100000.0,100000.0000000685
162.9,298.1503323904311,298.15030819611536,298.14971257128036,298.15029043480024,298.15009490113874,100000.0,100000.00000006851
162.95000000000002,298.1503313895438,298.1503072680814,298.14971343677996,298.15028956024884,298.15009461537437,100000.0,100000.00000006854
163.0,298.15033039167025,298.1503063428419,298.1497142996734,298.1502886883309,298.1500943304705,100000.0,100000.00000006854
163.05,298.1503293968015,298.1503054203885,298.14971515996854,298.1502878190384,298.15009404642444,100000.0,100000.00000006858
163.10000000000002,298.1503284049285,298.15030450071276,298.1497160176731,298.15028695236344,298.15009376323377,100000.0,100000.0000000686
163.15,298.15032741604216,298.15030358380636,298.149716872795,298.1502860882983,298.1500934808958,100000.0,100000.00000006863
163.20000000000002,298.1503264301336,298.15030266966096,298.14971772534193,298.15028522683497,298.150093199408,100000.0,100000.00000006863
163.25,298.1503254471937,298.15030175826814,298.14971857532174,298.15028436796564,298.1500929187679,100000.0,100000.00000006866
163.3,298.1503244672137,298.1503008496197,298.1497194227421,298.1502835116826,298.15009263897275,100000.0,100000.00000006869
163.35000000000002,298.1503234901845,298.1502999437074,298.1497202676107,298.15028265797787,298.15009236002015,100000.0,100000.00000006871
163.4,298.1503225160974,298.1502990405229,298.1497211099353,298.15028180684385,298.15009208190753,100000.0,100000.00000006873
163.45000000000002,298.15032154494344,298.1502981400581,298.1497219497234,298.1502809582728,298.1500918046323,100000.0,100000.00000006871
163.5,298.15032057671374,298.15029724230476,298.1497227869828,298.1502801122569,298.1500915281921,100000.0,100000.00000006876
163.55,298.1503196113996,298.15029634725477,298.14972362172114,298.1502792687885,298.1500912525842,100000.0,100000.00000006877
163.60000000000002,298.1503186489922,298.15029545489983,298.14972445394585,298.1502784278599,298.1500909778063,100000.0,100000.0000000688
163.65,298.1503176894828,298.150294565232,298.14972528366457,298.1502775894636,298.1500907038557,100000.0,100000.00000006883
163.70000000000002,298.1503167328626,298.1502936782431,298.14972611088496,298.15027675359175,298.15009043073013,100000.0,100000.00000006882
163.75,298.150315779123,298.15029279392513,298.14972693561435,298.1502759202369,298.15009015842696,100000.0,100000.00000006885
163.8,298.15031482825526,298.15029191226995,298.1497277578603,298.15027508939147,298.1500898869437,100000.0,100000.00000006886
163.85000000000002,298.15031388025074,298.1502910332696,298.1497285776304,298.1502742610478,298.15008961627797,100000.0,100000.00000006889
163.9,298.1503129351008,298.15029015691607,298.149729394932,298.1502734351985,298.15008934642725,100000.0,100000.0000000689
163.95000000000002,298.15031199279696,298.15028928320135,298.14973020977254,298.15027261183593,298.1500890773891,100000.0,100000.00000006892
164.0,298.15031105333054,298.1502884121176,298.1497310221595,298.1502717909527,298.1500888091611,100000.0,100000.00000006895
164.05,298.15031011669305,298.1502875436569,298.1497318321002,298.15027097254125,298.15008854174073,100000.0,100000.00000006895
164.10000000000002,298.15030918287584,298.1502866778112,298.149732639602,298.15027015659416,298.15008827512565,100000.0,100000.00000006898
164.15,298.1503082518706,298.1502858145727,298.1497334446723,298.150269343104,298.1500880093134,100000.0,100000.000000069
164.20000000000002,298.15030732366876,298.15028495393364,298.1497342473183,298.15026853206354,298.15008774430146,100000.0,100000.000000069
164.25,298.15030639826193,298.15028409588615,298.14973504754744,298.1502677234652,298.1500874800876,100000.0,100000.00000006903
164.3,298.15030547564163,298.1502832404223,298.149735845367,298.1502669173017,298.1500872166693,100000.0,100000.00000006903
164.35000000000002,298.15030455579955,298.15028238753445,298.1497366407841,298.15026611356564,298.1500869540443,100000.0,100000.00000006906
164.4,298.1503036387272,298.1502815372148,298.1497374338061,298.1502653122498,298.15008669221,100000.0,100000.00000006909
164.45000000000002,298.1503027244164,298.1502806894556,298.14973822444017,298.15026451334694,298.15008643116414,100000.0,100000.0000000691
164.5,298.15030181285874,298.1502798442491,298.14973901269343,298.1502637168497,298.15008617090444,100000.0,100000.0000000691
164.55,298.15030090404593,298.1502790015878,298.14973979857325,298.1502629227508,298.15008591142833,100000.0,100000.00000006915
164.60000000000002,298.1502999979698,298.1502781614638,298.14974058208657,298.1502621310431,298.1500856527336,100000.0,100000.00000006915
164.65,298.1502990946219,298.1502773238696,298.14974136324054,298.1502613417194,298.1500853948178,100000.0,100000.00000006917
164.70000000000002,298.15029819399416,298.15027648879754,298.1497421420424,298.15026055477244,298.1500851376786,100000.0,100000.00000006918
164.75,298.1502972960784,298.15027565624007,298.1497429184991,298.1502597701952,298.1500848813138,100000.0,100000.00000006918
164.8,298.1502964008665,298.1502748261895,298.1497436926178,298.1502589879804,298.15008462572087,100000.0,100000.00000006922
164.85000000000002,298.15029550835015,298.15027399863845,298.1497444644054,298.15025820812104,298.1500843708976,100000.0,100000.00000006927
164.9,298.15029461852134,298.1502731735793,298.1497452338691,298.15025743060994,298.1500841168417,100000.0,100000.00000006927
164.95000000000002,298.150293731372,298.1502723510045,298.1497460010157,298.15025665544005,298.1500838635508,100000.0,100000.0000000693
165.0,298.150292846894,298.1502715309066,298.14974676585234,298.15025588260437,298.1500836110225,100000.0,100000.0000000693
165.05,298.1502919650793,298.15027071327825,298.149747528386,298.1502551120958,298.1500833592547,100000.0,100000.00000006933
165.10000000000002,298.15029108592,298.1502698981119,298.1497482886234,298.1502543439074,298.150083108245,100000.0,100000.00000006933
165.15,298.1502902094079,298.15026908540005,298.1497490465717,298.1502535780321,298.15008285799115,100000.0,100000.00000006935
165.20000000000002,298.15028933553515,298.15026827513555,298.1497498022376,298.1502528144631,298.15008260849083,100000.0,100000.00000006935
165.25,298.15028846429385,298.15026746731087,298.1497505556281,298.1502520531933,298.1500823597418,100000.0,100000.0000000694
165.3,298.150287595676,298.1502666619187,298.14975130675,298.15025129421576,298.1500821117418,100000.0,100000.00000006941
165.35000000000002,298.15028672967367,298.1502658589517,298.1497520556101,298.1502505375237,298.15008186448864,100000.0,100000.00000006944
165.4,298.15028586627903,298.1502650584025,298.1497528022153,298.15024978311016,298.15008161797994,100000.0,100000.00000006946
165.45000000000002,298.15028500548425,298.15026426026407,298.1497535465723,298.15024903096827,298.1500813722135,100000.0,100000.00000006949
165.5,298.15028414728147,298.15026346452885,298.149754288688,298.15024828109125,298.15008112718715,100000.0,100000.0000000695
165.55,298.1502832916629,298.1502626711898,298.1497550285689,298.1502475334722,298.15008088289864,100000.0,100000.00000006951
165.60000000000002,298.15028243862076,298.15026188023955,298.149755766222,298.15024678810437,298.1500806393456,100000.0,100000.00000006953
165.65,298.15028158814727,298.15026109167104,298.1497565016538,298.15024604498103,298.15008039652605,100000.0,100000.00000006956
165.70000000000002,298.1502807402347,298.1502603054771,298.1497572348712,298.1502453040954,298.15008015443766,100000.0,100000.00000006959
165.75,298.1502798948753,298.15025952165047,298.14975796588067,298.15024456544063,298.15007991307823,100000.0,100000.00000006962
165.8,298.15027905206153,298.1502587401841,298.14975869468896,298.15024382901004,298.15007967244566,100000.0,100000.00000006959
165.85000000000002,298.1502782117856,298.1502579610709,298.14975942130263,298.1502430947971,298.1500794325376,100000.0,100000.00000006962
165.9,298.1502773740399,298.15025718430365,298.14976014572846,298.1502423627949,298.1500791933519,100000.0,100000.00000006963
165.95000000000002,298.15027653881674,298.1502564098755,298.14976086797276,298.15024163299694,298.1500789548865,100000.0,100000.00000006965
166.0,298.15027570610863,298.15025563777925,298.14976158804234,298.1502409053965,298.15007871713914,100000.0,100000.00000006967
166.05,298.15027487590794,298.1502548680079,298.1497623059437,298.150240179987,298.1500784801077,100000.0,100000.00000006969
166.10000000000002,298.15027404820717,298.1502541005545,298.14976302168327,298.1502394567619,298.15007824379,100000.0,100000.0000000697
166.15,298.1502732229987,298.150253335412,298.1497637352676,298.15023873571454,298.1500780081838,100000.0,100000.00000006973
166.20000000000002,298.15027240027507,298.15025257257355,298.1497644467032,298.1502380168384,298.1500777732872,100000.0,100000.00000006973
166.25,298.15027158002886,298.1502518120321,298.1497651559966,298.1502373001269,298.1500775390979,100000.0,100000.00000006976
166.3,298.1502707622526,298.1502510537807,298.14976586315413,298.1502365855735,298.1500773056137,100000.0,100000.00000006979
166.35000000000002,298.1502699469387,298.1502502978127,298.1497665681824,298.15023587317177,298.1500770728326,100000.0,100000.00000006979
166.4,298.15026913407996,298.1502495441209,298.1497672710875,298.15023516291524,298.1500768407524,100000.0,100000.00000006982
166.45000000000002,298.1502683236688,298.1502487926987,298.14976797187614,298.1502344547974,298.1500766093711,100000.0,100000.00000006982
166.5,298.15026751569803,298.15024804353914,298.14976867055464,298.15023374881184,298.1500763786865,100000.0,100000.00000006985
166.55,298.15026671016005,298.1502472966354,298.14976936712924,298.1502330449521,298.1500761486966,100000.0,100000.00000006986
166.60000000000002,298.1502659070478,298.1502465519808,298.14977006160626,298.1502323432118,298.1500759193991,100000.0,100000.00000006988
166.65,298.1502651063539,298.15024580956845,298.14977075399213,298.1502316435847,298.15007569079216,100000.0,100000.00000006991
166.70000000000002,298.150264308071,298.1502450693916,298.14977144429315,298.15023094606414,298.1500754628736,100000.0,100000.00000006994
166.75,298.1502635121918,298.15024433144356,298.1497721325155,298.15023025064403,298.15007523564134,100000.0,100000.00000006991
166.8,298.1502627187092,298.15024359571765,298.1497728186655,298.15022955731786,298.1500750090933,100000.0,100000.00000006994
166.85000000000002,298.15026192761593,298.15024286220716,298.1497735027494,298.15022886607954,298.15007478322747,100000.0,100000.00000006997
166.9,298.15026113890474,298.1502421309053,298.1497741847734,298.1502281769226,298.1500745580417,100000.0,100000.00000007001
166.95000000000002,298.1502603525686,298.15024140180566,298.1497748647437,298.15022748984086,298.150074333534,100000.0,100000.00000007001
167.0,298.1502595686002,298.1502406749014,298.1497755426665,298.15022680482804,298.15007410970236,100000.0,100000.00000007002
167.05,298.1502587869924,298.150239950186,298.14977621854786,298.1502261218779,298.1500738865447,100000.0,100000.00000007005
167.10000000000002,298.1502580077382,298.15023922765283,298.1497768923941,298.15022544098423,298.1500736640591,100000.0,100000.00000007008
167.15,298.15025723083056,298.15023850729534,298.1497775642112,298.1502247621409,298.15007344224335,100000.0,100000.00000007008
167.20000000000002,298.15025645626224,298.150237789107,298.14977823400545,298.1502240853416,298.15007322109557,100000.0,100000.0000000701
167.25,298.1502556840263,298.15023707308114,298.1497789017827,298.1502234105804,298.1500730006137,100000.0,100000.00000007011
167.3,298.1502549141157,298.1502363592115,298.1497795675492,298.150222737851,298.1500727807957,100000.0,100000.00000007014
167.35000000000002,298.1502541465235,298.1502356474914,298.149780231311,298.15022206714724,298.15007256163966,100000.0,100000.00000007017
167.4,298.1502533812426,298.15023493791443,298.1497808930741,298.1502213984631,298.15007234314356,100000.0,100000.0000000702
167.45000000000002,298.1502526182661,298.1502342304741,298.1497815528445,298.1502207317925,298.1500721253053,100000.0,100000.00000007021
167.5,298.150251857587,298.150233525164,298.1497822106282,298.15022006712934,298.15007190812304,100000.0,100000.00000007021
167.55,298.1502510991985,298.15023282197774,298.14978286643117,298.1502194044677,298.1500716915948,100000.0,100000.00000007026
167.60000000000002,298.1502503430937,298.15023212090887,298.14978352025946,298.1502187438014,298.1500714757185,100000.0,100000.00000007027
167.65,298.1502495892656,298.1502314219511,298.14978417211887,298.15021808512444,298.15007126049227,100000.0,100000.00000007031
167.70000000000002,298.1502488377074,298.15023072509797,298.1497848220155,298.1502174284309,298.1500710459141,100000.0,100000.00000007031
167.75,298.15024808841235,298.1502300303432,298.1497854699551,298.15021677371476,298.1500708319821,100000.0,100000.00000007036
167.8,298.15024734137353,298.15022933768046,298.1497861159437,298.1502161209702,298.15007061869426,100000.0,100000.00000007036
167.85000000000002,298.15024659658417,298.15022864710346,298.1497867599871,298.15021547019103,298.1500704060487,100000.0,100000.00000007039
167.9,298.1502458540375,298.1502279586059,298.1497874020911,298.15021482137155,298.1500701940434,100000.0,100000.0000000704
167.95000000000002,298.1502451137268,298.15022727218155,298.14978804226166,298.1502141745057,298.1500699826765,100000.0,100000.00000007045
168.0,298.15024437564523,298.15022658782414,298.14978868050457,298.1502135295878,298.1500697719461,100000.0,100000.00000007046
168.05,298.15024363978625,298.15022590552746,298.1497893168256,298.1502128866118,298.1500695618502,100000.0,100000.00000007046
168.10000000000002,298.15024290614303,298.1502252252853,298.14978995123056,298.15021224557194,298.150069352387,100000.0,100000.00000007049
168.15,298.15024217470886,298.1502245470914,298.14979058372523,298.15021160646234,298.1500691435545,100000.0,100000.00000007052
168.20000000000002,298.1502414454773,298.1502238709397,298.1497912143153,298.1502109692772,298.1500689353508,100000.0,100000.00000007052
168.25,298.1502407184415,298.1502231968241,298.1497918430066,298.1502103340108,298.1500687277741,100000.0,100000.00000007055
168.3,298.15023999359505,298.1502225247383,298.14979246980477,298.15020970065723,298.1500685208224,100000.0,100000.00000007055
168.35000000000002,298.15023927093114,298.1502218546763,298.1497930947155,298.15020906921086,298.1500683144939,100000.0,100000.00000007056
168.4,298.1502385504433,298.15022118663194,298.1497937177445,298.15020843966585,298.1500681087867,100000.0,100000.00000007058
168.45000000000002,298.1502378321251,298.1502205205992,298.14979433889755,298.15020781201656,298.15006790369887,100000.0,100000.00000007062
168.5,298.15023711596973,298.15021985657205,298.1497949581801,298.1502071862572,298.15006769922866,100000.0,100000.00000007065
168.55,298.1502364019709,298.1502191945444,298.149795575598,298.1502065623821,298.15006749537406,100000.0,100000.00000007063
168.60000000000002,298.15023569012203,298.15021853451015,298.1497961911566,298.15020594038566,298.15006729213343,100000.0,100000.00000007068
168.65,298.1502349804167,298.15021787646344,298.1497968048617,298.1502053202621,298.1500670895047,100000.0,100000.0000000707
168.70000000000002,298.1502342728484,298.15021722039825,298.14979741671885,298.15020470200585,298.1500668874861,100000.0,100000.00000007072
168.75,298.15023356741074,298.1502165663086,298.1497980267336,298.15020408561134,298.15006668607583,100000.0,100000.00000007074
168.8,298.15023286409723,298.1502159141885,298.1497986349114,298.1502034710728,298.1500664852721,100000.0,100000.00000007077
168.85000000000002,298.15023216290155,298.150215264032,298.14979924125794,298.15020285838483,298.150066285073,100000.0,100000.00000007078
168.9,298.15023146381736,298.1502146158333,298.1497998457786,298.1502022475417,298.15006608547674,100000.0,100000.0000000708
168.95000000000002,298.15023076683815,298.1502139695864,298.149800448479,298.150201638538,298.15006588648146,100000.0,100000.00000007081
169.0,298.15023007195765,298.1502133252855,298.14980104936456,298.1502010313681,298.1500656880855,100000.0,100000.00000007082
169.05,298.1502293791697,298.1502126829247,298.14980164844076,298.1502004260265,298.1500654902868,100000.0,100000.00000007084
169.10000000000002,298.1502286884677,298.1502120424982,298.149802245713,298.1501998225077,298.1500652930838,100000.0,100000.00000007084
169.15,298.1502279998456,298.15021140400006,298.1498028411867,298.1501992208062,298.1500650964746,100000.0,100000.00000007087
169.20000000000002,298.150227313297,298.1502107674246,298.14980343486735,298.1501986209165,298.15006490045744,100000.0,100000.00000007088
169.25,298.1502266288158,298.150210132766,298.14980402676036,298.1501980228332,298.15006470503045,100000.0,100000.0000000709
169.3,298.1502259463957,298.1502095000184,298.14980461687105,298.15019742655085,298.150064510192,100000.0,100000.00000007093
169.35000000000002,298.1502252660305,298.1502088691762,298.1498052052048,298.15019683206395,298.1500643159402,100000.0,100000.00000007096
169.4,298.1502245877139,298.15020824023355,298.149805791767,298.15019623936723,298.1500641222733,100000.0,100000.00000007098
169.45000000000002,298.1502239114399,298.1502076131847,298.149806376563,298.1501956484552,298.1500639291897,100000.0,100000.000000071
169.5,298.15022323720234,298.15020698802414,298.149806959598,298.1501950593225,298.1500637366874,100000.0,100000.00000007103
169.55,298.1502225649949,298.15020636474594,298.14980754087736,298.1501944719638,298.15006354476475,100000.0,100000.00000007106
169.60000000000002,298.1502218948117,298.1502057433446,298.1498081204064,298.15019388637376,298.15006335342,100000.0,100000.00000007109
169.65,298.1502212266465,298.1502051238143,298.14980869819044,298.15019330254705,298.1500631626515,100000.0,100000.0000000711
169.70000000000002,298.1502205604933,298.15020450614963,298.1498092742346,298.1501927204783,298.1500629724574,100000.0,100000.0000000711
169.75,298.150219896346,298.15020389034487,298.1498098485442,298.1501921401623,298.150062782836,100000.0,100000.00000007113
169.8,298.1502192341985,298.15020327639434,298.14981042112447,298.1501915615937,298.1500625937856,100000.0,100000.00000007113
169.85000000000002,298.1502185740449,298.1502026642926,298.14981099198053,298.1501909847673,298.1500624053045,100000.0,100000.00000007114
169.9,298.15021791587924,298.1502020540339,298.1498115611177,298.15019040967775,298.1500622173909,100000.0,100000.00000007117
169.95000000000002,298.1502172596953,298.1502014456129,298.1498121285411,298.15018983632,298.15006203004316,100000.0,100000.00000007122
170.0,298.15021660548723,298.1502008390239,298.14981269425584,298.1501892646887,298.15006184325955,100000.0,100000.0000000712
170.05,298.1502159532492,298.15020023426155,298.14981325826716,298.15018869477865,298.15006165703835,100000.0,100000.00000007125
170.10000000000002,298.1502153029751,298.1501996313201,298.1498138205801,298.15018812658474,298.15006147137797,100000.0,100000.00000007129
170.15,298.1502146546591,298.15019903019436,298.1498143811999,298.1501875601018,298.15006128627664,100000.0,100000.00000007129
170.20000000000002,298.15021400829534,298.1501984308786,298.1498149401315,298.15018699532465,298.1500611017326,100000.0,100000.0000000713
170.25,298.15021336387787,298.15019783336754,298.1498154973801,298.15018643224806,298.15006091774427,100000.0,100000.00000007133
170.3,298.15021272140086,298.1501972376557,298.14981605295065,298.150185870867,298.15006073431005,100000.0,100000.00000007138
170.35000000000002,298.1502120808585,298.1501966437377,298.14981660684833,298.1501853111764,298.1500605514281,100000.0,100000.00000007136
170.4,298.1502114422449,298.15019605160796,298.1498171590781,298.1501847531711,298.1500603690969,100000.0,100000.00000007138
170.45000000000002,298.15021080555425,298.1501954612613,298.14981770964505,298.1501841968461,298.1500601873147,100000.0,100000.00000007142
170.5,298.15021017078084,298.15019487269234,298.1498182585541,298.1501836421963,298.15006000607985,100000.0,100000.00000007145
170.55,298.1502095379188,298.1501942858956,298.14981880581036,298.1501830892166,298.15005982539077,100000.0,100000.00000007144
170.60000000000002,298.15020890696246,298.1501937008658,298.1498193514186,298.150182537902,298.15005964524573,100000.0,100000.00000007145
170.65,298.150208277906,298.1501931175977,298.149819895384,298.1501819882476,298.1500594656432,100000.0,100000.00000007148
170.70000000000002,298.1502076507437,298.1501925360859,298.1498204377114,298.1501814402482,298.15005928658144,100000.0,100000.00000007148
170.75,298.15020702546997,298.1501919563251,298.1498209784058,298.15018089389906,298.15005910805894,100000.0,100000.00000007151
170.8,298.1502064020791,298.15019137831007,298.149821517472,298.15018034919495,298.15005893007395,100000.0,100000.00000007154
170.85000000000002,298.15020578056533,298.1501908020356,298.14982205491503,298.1501798061311,298.1500587526249,100000.0,100000.00000007157
170.9,298.150205160923,298.1501902274963,298.14982259073975,298.1501792647025,298.15005857571015,100000.0,100000.00000007157
170.95000000000002,298.1502045431466,298.1501896546871,298.1498231249509,298.1501787249042,298.1500583993282,100000.0,100000.00000007157
171.0,298.15020392723034,298.15018908360275,298.1498236575535,298.1501781867314,298.1500582234773,100000.0,100000.0000000716
171.05,298.15020331316884,298.15018851423804,298.1498241885524,298.1501776501791,298.150058048156,100000.0,100000.00000007165
171.10000000000002,298.1502027009563,298.1501879465877,298.14982471795224,298.15017711524246,298.1500578733625,100000.0,100000.00000007165
171.15,298.1502020905873,298.1501873806468,298.14982524575805,298.15017658191664,298.15005769909544,100000.0,100000.00000007168
171.20000000000002,298.1502014820561,298.1501868164099,298.1498257719745,298.15017605019676,298.1500575253531,100000.0,100000.00000007168
171.25,298.1502008753574,298.1501862538721,298.14982629660653,298.15017552007794,298.1500573521339,100000.0,100000.00000007171
171.3,298.1502002704856,298.1501856930282,298.14982681965864,298.1501749915554,298.1500571794363,100000.0,100000.00000007171
171.35000000000002,298.1501996674352,298.15018513387315,298.14982734113585,298.15017446462434,298.1500570072588,100000.0,100000.00000007174
171.4,298.15019906620057,298.1501845764017,298.14982786104275,298.15017393928,298.1500568355997,100000.0,100000.00000007177
171.45000000000002,298.1501984667765,298.150184020609,298.1498283793842,298.1501734155176,298.15005666445745,100000.0,100000.00000007178
171.5,298.1501978691573,298.15018346648986,298.1498288961647,298.15017289333224,298.1500564938306,100000.0,100000.00000007181
171.55,298.1501972733377,298.15018291403925,298.14982941138913,298.15017237271934,298.1500563237175,100000.0,100000.00000007184
171.60000000000002,298.1501966793122,298.15018236325216,298.14982992506214,298.15017185367407,298.15005615411667,100000.0,100000.00000007186
171.65,298.1501960870754,298.15018181412364,298.14983043718837,298.15017133619176,298.1500559850266,100000.0,100000.00000007186
171.70000000000002,298.150195496622,298.1501812666486,298.14983094777256,298.15017082026765,298.1500558164456,100000.0,100000.00000007193
171.75,298.15019490794646,298.1501807208221,298.14983145681924,298.1501703058971,298.15005564837224,100000.0,100000.00000007193
171.8,298.1501943210436,298.15018017663925,298.1498319643331,298.1501697930754,298.15005548080495,100000.0,100000.00000007193
171.85000000000002,298.150193735908,298.15017963409497,298.1498324703187,298.15016928179796,298.1500553137423,100000.0,100000.00000007196
171.9,298.15019315253437,298.1501790931844,298.14983297478074,298.15016877206,298.1500551471827,100000.0,100000.00000007199
171.95000000000002,298.15019257091734,298.1501785539026,298.14983347772375,298.150168263857,298.15005498112464,100000.0,100000.000000072
172.0,298.15019199105166,298.1501780162447,298.1498339791523,298.15016775718425,298.1500548155666,100000.0,100000.00000007203
172.05,298.15019141293203,298.1501774802058,298.14983447907093,298.1501672520372,298.15005465050706,100000.0,100000.00000007206
172.10000000000002,298.1501908365533,298.15017694578097,298.14983497748426,298.15016674841127,298.15005448594457,100000.0,100000.00000007205
172.15,298.1501902619101,298.1501764129654,298.1498354743967,298.1501662463018,298.1500543218776,100000.0,100000.00000007209
172.20000000000002,298.15018968899733,298.15017588175425,298.14983596981295,298.15016574570427,298.15005415830467,100000.0,100000.00000007209
172.25,298.15018911780965,298.15017535214264,298.14983646373736,298.15016524661416,298.15005399522425,100000.0,100000.00000007212
172.3,298.1501885483419,298.15017482412577,298.14983695617445,298.1501647490269,298.1500538326349,100000.0,100000.00000007212
172.35000000000002,298.1501879805889,298.1501742976989,298.1498374471288,298.15016425293794,298.1500536705352,100000.0,100000.00000007215
172.4,298.15018741454554,298.1501737728572,298.14983793660474,298.1501637583428,298.1500535089236,100000.0,100000.00000007216
172.45000000000002,298.15018685020664,298.15017324959587,298.14983842460674,298.150163265237,298.1500533477986,100000.0,100000.00000007219
172.5,298.15018628756707,298.15017272791016,298.14983891113934,298.150162773616,298.1500531871588,100000.0,100000.00000007222
172.55,298.1501857266217,298.1501722077954,298.14983939620686,298.15016228347537,298.1500530270027,100000.0,100000.00000007224
172.60000000000002,298.1501851673654,298.15017168924675,298.14983987981384,298.15016179481063,298.15005286732884,100000.0,100000.00000007224
172.65,298.1501846097932,298.15017117225955,298.1498403619645,298.15016130761734,298.15005270813583,100000.0,100000.00000007226
172.70000000000002,298.1501840538999,298.1501706568291,298.14984084266337,298.1501608218911,298.1500525494221,100000.0,100000.00000007228
172.75,298.1501834996805,298.1501701429507,298.1498413219148,298.1501603376275,298.1500523911864,100000.0,100000.00000007232
172.8,298.15018294713,298.15016963061964,298.14984179972305,298.15015985482205,298.1500522334272,100000.0,100000.00000007232
172.85000000000002,298.1501823962433,298.1501691198314,298.14984227609256,298.15015937347044,298.1500520761429,100000.0,100000.00000007235
172.9,298.1501818470154,298.1501686105811,298.1498427510277,298.15015889356823,298.15005191933227,100000.0,100000.00000007237
172.95000000000002,298.15018129944133,298.15016810286437,298.14984322453256,298.15015841511115,298.1500517629939,100000.0,100000.00000007235
173.0,298.1501807535161,298.1501675966764,298.14984369661175,298.15015793809476,298.15005160712616,100000.0,100000.00000007238
173.05,298.15018020923475,298.1501670920127,298.1498441672694,298.15015746251476,298.1500514517278,100000.0,100000.0000000724
173.10000000000002,298.15017966659235,298.15016658886856,298.1498446365098,298.1501569883668,298.15005129679747,100000.0,100000.00000007241
173.15,298.1501791255839,298.15016608723954,298.1498451043372,298.1501565156466,298.15005114233355,100000.0,100000.00000007244
173.20000000000002,298.15017858620456,298.15016558712097,298.14984557075593,298.1501560443498,298.1500509883348,100000.0,100000.00000007244
173.25,298.1501780484494,298.1501650885084,298.14984603577017,298.15015557447225,298.1500508347998,100000.0,100000.0000000725
173.3,298.15017751231346,298.1501645913972,298.1498464993842,298.1501551060095,298.150050681727,100000.0,100000.00000007251
173.35000000000002,298.15017697779194,298.1501640957829,298.1498469616022,298.1501546389574,298.1500505291153,100000.0,100000.00000007251
173.4,298.15017644488,298.150163601661,298.14984742242837,298.1501541733117,298.150050376963,100000.0,100000.00000007256
173.45000000000002,298.15017591357275,298.15016310902695,298.1498478818669,298.15015370906815,298.1500502252689,100000.0,100000.00000007256
173.5,298.15017538386536,298.1501626178764,298.14984833992196,298.15015324622254,298.15005007403164,100000.0,100000.0000000726
173.55,298.150174855753,298.15016212820467,298.1498487965977,298.15015278477057,298.1500499232497,100000.0,100000.00000007261
173.60000000000002,298.1501743292309,298.15016164000747,298.1498492518984,298.1501523247082,298.1500497729219,100000.0,100000.00000007263
173.65,298.15017380429424,298.15016115328035,298.14984970582805,298.150151866031,298.15004962304664,100000.0,100000.00000007264
173.70000000000002,298.15017328093825,298.1501606680189,298.14985015839085,298.15015140873516,298.15004947362274,100000.0,100000.00000007267
173.75,298.1501727591582,298.1501601842185,298.1498506095909,298.1501509528162,298.15004932464876,100000.0,100000.00000007269
173.8,298.15017223894927,298.15015970187505,298.1498510594323,298.15015049827014,298.15004917612333,100000.0,100000.00000007269
173.85000000000002,298.15017172030684,298.15015922098405,298.14985150791915,298.1501500450928,298.1500490280452,100000.0,100000.00000007273
173.9,298.1501712032261,298.15015874154096,298.1498519550555,298.15014959328005,298.15004888041295,100000.0,100000.00000007273
173.95000000000002,298.15017068770237,298.15015826354164,298.14985240084553,298.1501491428278,298.1500487332253,100000.0,100000.00000007277
174.0,298.150170173731,298.15015778698165,298.14985284529314,298.1501486937319,298.15004858648075,100000.0,100000.00000007279
174.05,298.15016966130736,298.1501573118567,298.1498532884024,298.15014824598836,298.1500484401781,100000.0,100000.00000007282
174.10000000000002,298.15016915042656,298.1501568381624,298.1498537301775,298.150147799593,298.15004829431604,100000.0,100000.00000007282
174.15,298.15016864108424,298.15015636589453,298.14985417062223,298.15014735454184,298.15004814889323,100000.0,100000.00000007285
174.20000000000002,298.15016813327566,298.15015589504867,298.1498546097407,298.1501469108308,298.15004800390824,100000.0,100000.00000007285
174.25,298.1501676269961,298.15015542562065,298.149855047537,298.1501464684559,298.15004785935986,100000.0,100000.00000007289
174.3,298.15016712224104,298.15015495760616,298.1498554840149,298.150146027413,298.1500477152467,100000.0,100000.00000007289
174.35000000000002,298.150166619006,298.15015449100093,298.14985591917855,298.1501455876982,298.15004757156754,100000.0,100000.00000007289
174.4,298.1501661172862,298.15015402580076,298.14985635303185,298.1501451493075,298.150047428321,100000.0,100000.00000007293
174.45000000000002,298.1501656170771,298.1501535620014,298.1498567855787,298.15014471223685,298.1500472855058,100000.0,100000.00000007296
174.5,298.1501651183743,298.1501530995986,298.14985721682314,298.15014427648225,298.1500471431206,100000.0,100000.00000007295
174.55,298.1501646211732,298.1501526385881,298.14985764676896,298.1501438420398,298.15004700116424,100000.0,100000.00000007296
174.60000000000002,298.15016412546925,298.1501521789659,298.1498580754202,298.1501434089056,298.1500468596353,100000.0,100000.00000007296
174.65,298.15016363125795,298.15015172072765,298.1498585027806,298.1501429770756,298.15004671853256,100000.0,100000.00000007302
174.70000000000002,298.1501631385348,298.15015126386925,298.1498589288542,298.15014254654585,298.15004657785465,100000.0,100000.00000007302
174.75,298.15016264729536,298.15015080838657,298.14985935364484,298.1501421173126,298.15004643760034,100000.0,100000.00000007305
174.8,298.1501621575351,298.1501503542754,298.14985977715634,298.1501416893718,298.1500462977684,100000.0,100000.00000007308
174.85000000000002,298.15016166924954,298.1501499015316,298.14986019939255,298.1501412627196,298.1500461583575,100000.0,100000.00000007311
174.9,298.1501611824344,298.15014945015116,298.14986062035734,298.1501408373522,298.15004601936636,100000.0,100000.00000007314
174.95000000000002,298.1501606970851,298.1501490001299,298.14986104005453,298.1501404132656,298.1500458807938,100000.0,100000.00000007314
175.0,298.1501602131973,298.1501485514637,298.149861458488,298.15013999045595,298.1500457426385,100000.0,100000.00000007318
175.05,298.1501597307665,298.1501481041485,298.1498618756614,298.15013956891954,298.1500456048992,100000.0,100000.0000000732
175.10000000000002,298.15015924978843,298.15014765818034,298.14986229157864,298.15013914865244,298.1500454675746,100000.0,100000.0000000732
175.15,298.1501587702587,298.150147213555,298.1498627062434,298.15013872965085,298.1500453306636,100000.0,100000.0000000732
175.20000000000002,298.15015829217293,298.15014677026846,298.1498631196597,298.15013831191095,298.1500451941648,100000.0,100000.00000007323
175.25,298.1501578155267,298.15014632831685,298.149863531831,298.1501378954289,298.15004505807707,100000.0,100000.00000007324
175.3,298.1501573403158,298.15014588769594,298.14986394276127,298.15013748020095,298.15004492239916,100000.0,100000.00000007328
175.35000000000002,298.1501568665358,298.1501454484019,298.1498643524541,298.15013706622335,298.1500447871297,100000.0,100000.0000000733
175.4,298.15015639418243,298.1501450104306,298.14986476091326,298.15013665349227,298.1500446522676,100000.0,100000.00000007331
175.45000000000002,298.1501559232514,298.15014457377805,298.14986516814247,298.15013624200407,298.1500445178116,100000.0,100000.00000007333
175.5,298.15015545373853,298.1501441384404,298.14986557414545,298.1501358317549,298.15004438376053,100000.0,100000.00000007334
175.55,298.15015498563935,298.15014370441367,298.1498659789259,298.1501354227411,298.150044250113,100000.0,100000.00000007334
175.60000000000002,298.1501545189497,298.1501432716938,298.1498663824875,298.15013501495883,298.15004411686795,100000.0,100000.00000007337
175.65,298.15015405366535,298.150142840277,298.1498667848339,298.1501346084045,298.15004398402414,100000.0,100000.0000000734
175.70000000000002,298.15015358978206,298.1501424101592,298.14986718596873,298.1501342030744,298.15004385158034,100000.0,100000.00000007341
175.75,298.1501531272956,298.1501419813366,298.14986758589566,298.1501337989648,298.15004371953535,100000.0,100000.0000000734
175.8,298.1501526662018,298.15014155380527,298.14986798461837,298.1501333960721,298.150043587888,100000.0,100000.00000007343
175.85000000000002,298.1501522064964,298.15014112756137,298.1498683821404,298.1501329943925,298.15004345663704,100000.0,100000.00000007347
175.9,298.1501517481753,298.1501407026009,298.1498687784655,298.1501325939225,298.1500433257813,100000.0,100000.00000007347
175.95000000000002,298.15015129123424,298.15014027892005,298.14986917359715,298.15013219465834,298.1500431953196,100000.0,100000.00000007352
176.0,298.15015083566914,298.150139856515,298.149869567539,298.15013179659644,298.1500430652507,100000.0,100000.00000007352
176.05,298.1501503814758,298.1501394353819,298.1498699602946,298.15013139973314,298.1500429355735,100000.0,100000.00000007355
176.10000000000002,298.15014992865014,298.15013901551686,298.1498703518676,298.150131004065,298.15004280628676,100000.0,100000.00000007357
176.15,298.15014947718805,298.1501385969161,298.14987074226144,298.15013060958813,298.15004267738937,100000.0,100000.0000000736
176.20000000000002,298.15014902708526,298.15013817957595,298.1498711314798,298.1501302162992,298.15004254888004,100000.0,100000.0000000736
176.25,298.15014857833796,298.15013776349235,298.1498715195261,298.1501298241945,298.1500424207578,100000.0,100000.00000007363
176.3,298.15014813094183,298.1501373486617,298.1498719064039,298.15012943327054,298.1500422930213,100000.0,100000.00000007366
176.35000000000002,298.150147684893,298.15013693508024,298.1498722921168,298.15012904352363,298.1500421656694,100000.0,100000.00000007368
176.4,298.15014724018715,298.15013652274405,298.1498726766682,298.1501286549504,298.150042038701,100000.0,100000.00000007369
176.45000000000002,298.15014679682054,298.15013611164954,298.1498730600617,298.15012826754725,298.1500419121149,100000.0,100000.00000007375
176.5,298.1501463547889,298.15013570179286,298.1498734423007,298.15012788131054,298.15004178590993,100000.0,100000.00000007375
176.55,298.1501459140883,298.15013529317037,298.1498738233887,298.15012749623696,298.1500416600851,100000.0,100000.00000007376
176.60000000000002,298.15014547471475,298.1501348857783,298.1498742033292,298.1501271123229,298.15004153463906,100000.0,100000.00000007378
176.65,298.1501450366642,298.150134479613,298.1498745821256,298.1501267295648,298.15004140957086,100000.0,100000.00000007382
176.70000000000002,298.15014459993273,298.15013407467063,298.1498749597814,298.1501263479593,298.1500412848792,100000.0,100000.00000007384
176.75,298.15014416451635,298.15013367094775,298.14987533630006,298.15012596750285,298.150041160563,100000.0,100000.00000007384
176.8,298.15014373041106,298.1501332684405,298.14987571168484,298.15012558819205,298.15004103662113,100000.0,100000.00000007387
176.85000000000002,298.15014329761294,298.1501328671452,298.14987608593935,298.1501252100235,298.1500409130525,100000.0,100000.00000007387
176.9,298.150142866118,298.15013246705837,298.1498764590669,298.1501248329936,298.15004078985595,100000.0,100000.0000000739
176.95000000000002,298.1501424359225,298.1501320681763,298.14987683107086,298.15012445709897,298.15004066703034,100000.0,100000.00000007391
177.0,298.1501420070223,298.15013167049517,298.14987720195467,298.1501240823363,298.1500405445746,100000.0,100000.00000007392
177.05,298.1501415794136,298.15013127401164,298.14987757172173,298.15012370870204,298.1500404224877,100000.0,100000.00000007394
177.10000000000002,298.1501411530926,298.15013087872205,298.1498779403753,298.1501233361929,298.15004030076824,100000.0,100000.00000007398
177.15,298.15014072805525,298.15013048462265,298.1498783079188,298.15012296480546,298.1500401794154,100000.0,100000.000000074
177.20000000000002,298.15014030429774,298.15013009171,298.1498786743556,298.1501225945363,298.150040058428,100000.0,100000.00000007401
177.25,298.15013988181624,298.1501296999805,298.1498790396889,298.1501222253821,298.1500399378049,100000.0,100000.00000007401
177.3,298.15013946060697,298.1501293094305,298.14987940392217,298.1501218573395,298.15003981754495,100000.0,100000.00000007404
177.35000000000002,298.150139040666,298.15012892005655,298.1498797670587,298.1501214904052,298.1500396976472,100000.0,100000.00000007407
177.4,298.1501386219895,298.1501285318551,298.1498801291017,298.1501211245757,298.1500395781104,100000.0,100000.00000007407
177.45000000000002,298.1501382045738,298.15012814482253,298.14988049005456,298.1501207598478,298.15003945893363,100000.0,100000.00000007408
177.5,298.150137788415,298.1501277589555,298.1498808499205,298.1501203962182,298.1500393401157,100000.0,100000.00000007413
177.55,298.1501373735093,298.15012737425025,298.1498812087028,298.15012003368355,298.1500392216555,100000.0,100000.00000007414
177.60000000000002,298.15013695985294,298.1501269907035,298.1498815664048,298.1501196722406,298.1500391035521,100000.0,100000.00000007419
177.65,298.15013654744223,298.15012660831167,298.1498819230297,298.15011931188593,298.15003898580426,100000.0,100000.00000007419
177.70000000000002,298.1501361362733,298.15012622707127,298.1498822785807,298.15011895261637,298.150038868411,100000.0,100000.00000007421
177.75,298.1501357263425,298.1501258469789,298.1498826330611,298.1501185944286,298.15003875137126,100000.0,100000.00000007424
177.8,298.1501353176461,298.150125468031,298.14988298647404,298.15011823731953,298.15003863468394,100000.0,100000.00000007424
177.85000000000002,298.1501349101803,298.15012509022415,298.14988333882286,298.15011788128567,298.1500385183479,100000.0,100000.00000007427
177.9,298.15013450394156,298.150124713555,298.14988369011064,298.1501175263239,298.15003840236227,100000.0,100000.0000000743
177.95000000000002,298.15013409892595,298.1501243380201,298.1498840403407,298.150117172431,298.1500382867259,100000.0,100000.00000007429
178.0,298.15013369512997,298.15012396361595,298.14988438951605,298.15011681960374,298.1500381714377,100000.0,100000.00000007433
178.05,298.1501332925499,298.1501235903392,298.14988473764004,298.1501164678389,298.15003805649656,100000.0,100000.00000007433
178.10000000000002,298.15013289118207,298.1501232181865,298.1498850847158,298.15011611713334,298.15003794190164,100000.0,100000.00000007437
178.15,298.1501324910228,298.15012284715436,298.1498854307464,298.1501157674837,298.1500378276518,100000.0,100000.00000007437
178.20000000000002,298.15013209206853,298.1501224772395,298.149885775735,298.1501154188871,298.1500377137459,100000.0,100000.00000007442
178.25,298.1501316943156,298.1501221084385,298.1498861196849,298.15011507134005,298.15003760018305,100000.0,100000.00000007443
178.3,298.1501312977603,298.15012174074803,298.149886462599,298.15011472483957,298.15003748696216,100000.0,100000.00000007445
178.35000000000002,298.15013090239916,298.15012137416477,298.14988680448056,298.15011437938244,298.1500373740822,100000.0,100000.0000000745
178.4,298.1501305082285,298.15012100868535,298.1498871453326,298.1501140349655,298.15003726154214,100000.0,100000.00000007448
178.45000000000002,298.15013011524474,298.1501206443064,298.14988748515833,298.1501136915858,298.1500371493409,100000.0,100000.00000007453
178.5,298.15012972344437,298.15012028102467,298.1498878239608,298.1501133492399,298.1500370374776,100000.0,100000.0000000746
178.55,298.1501293328237,298.15011991883694,298.14988816174304,298.150113007925,298.15003692595104,100000.0,100000.00000007456
178.60000000000002,298.15012894337934,298.1501195577397,298.1498884985082,298.1501126676378,298.15003681476037,100000.0,100000.00000007458
178.65,298.15012855510764,298.15011919772985,298.1498888342592,298.1501123283753,298.1500367039045,100000.0,100000.00000007462
178.70000000000002,298.15012816800504,298.15011883880413,298.14988916899927,298.1501119901344,298.15003659338254,100000.0,100000.00000007462
178.75,298.1501277820681,298.15011848095907,298.1498895027314,298.15011165291196,298.1500364831933,100000.0,100000.00000007465
178.8,298.15012739729343,298.15011812419164,298.14988983545857,298.15011131670497,298.1500363733358,100000.0,100000.00000007467
178.85000000000002,298.1501270136772,298.15011776849843,298.1498901671838,298.15011098151035,298.15003626380917,100000.0,100000.00000007468
178.9,298.1501266312162,298.1501174138763,298.1498904979102,298.15011064732505,298.15003615461234,100000.0,100000.00000007468
178.95000000000002,298.15012624990686,298.15011706032203,298.14989082764066,298.15011031414605,298.15003604574434,100000.0,100000.00000007471
179.0,298.1501258697457,298.15011670783235,298.1498911563783,298.15010998197033,298.1500359372041,100000.0,100000.00000007474
179.05,298.15012549072924,298.15011635640406,298.14989148412604,298.15010965079483,298.1500358289907,100000.0,100000.00000007475
179.10000000000002,298.1501251128541,298.150116006034,298.14989181088686,298.1501093206166,298.15003572110317,100000.0,100000.00000007477
179.15,298.1501247361168,298.150115656719,298.14989213666377,298.1501089914326,298.1500356135405,100000.0,100000.00000007478
179.20000000000002,298.1501243605139,298.15011530845584,298.1498924614597,298.1501086632398,298.1500355063018,100000.0,100000.00000007481
179.25,298.15012398604205,298.15011496124134,298.14989278527764,298.1501083360352,298.1500353993859,100000.0,100000.00000007484
179.3,298.1501236126978,298.15011461507237,298.1498931081204,298.15010800981594,298.15003529279204,100000.0,100000.00000007484
179.35000000000002,298.15012324047774,298.1501142699458,298.14989342999115,298.150107684579,298.15003518651906,100000.0,100000.00000007484
179.4,298.1501228693785,298.1501139258584,298.1498937508926,298.15010736032133,298.15003508056617,100000.0,100000.00000007488
179.45000000000002,298.1501224993967,298.1501135828072,298.1498940708278,298.15010703704013,298.1500349749323,100000.0,100000.0000000749
179.5,298.150122130529,298.1501132407889,298.1498943897996,298.1501067147323,298.15003486961643,100000.0,100000.00000007491
179.55,298.15012176277196,298.15011289980055,298.149894707811,298.15010639339505,298.1500347646178,100000.0,100000.00000007494
179.60000000000002,298.1501213961224,298.15011255983893,298.1498950248647,298.1501060730254,298.15003465993533,100000.0,100000.00000007496
179.65,298.1501210305769,298.15011222090106,298.14989534096367,298.1501057536205,298.15003455556797,100000.0,100000.00000007497
179.70000000000002,298.150120666132,298.1501118829837,298.1498956561109,298.15010543517735,298.15003445151495,100000.0,100000.000000075
179.75,298.15012030278456,298.15011154608396,298.1498959703091,298.1501051176931,298.15003434777526,100000.0,100000.000000075
179.8,298.1501199405313,298.15011121019865,298.14989628356125,298.1501048011648,298.1500342443479,100000.0,100000.00000007503
179.85000000000002,298.1501195793688,298.1501108753247,298.14989659587013,298.1501044855896,298.1500341412321,100000.0,100000.00000007504
179.9,298.15011921929386,298.1501105414592,298.1498969072386,298.15010417096477,298.1500340384267,100000.0,100000.00000007506
179.95000000000002,298.1501188603031,298.15011020859896,298.14989721766943,298.15010385728726,298.1500339359309,100000.0,100000.00000007509
180.0,298.1501185023933,298.15010987674106,298.14989752716554,298.15010354455427,298.1500338337437,100000.0,100000.00000007513
180.05,298.15011814556135,298.1501095458824,298.1498978357297,298.150103232763,298.1500337318642,100000.0,100000.00000007513
180.10000000000002,298.1501177898038,298.1501092160201,298.1498981433647,298.1501029219106,298.1500336302915,100000.0,100000.00000007515
180.15,298.1501174351175,298.150108887151,298.14989845007335,298.1501026119942,298.15003352902465,100000.0,100000.00000007516
180.20000000000002,298.1501170814993,298.1501085592722,298.14989875585843,298.15010230301107,298.1500334280627,100000.0,100000.00000007518
180.25,298.1501167289458,298.1501082323807,298.1498990607228,298.1501019949583,298.15003332740486,100000.0,100000.0000000752
180.3,298.15011637745397,298.1501079064736,298.1498993646692,298.15010168783317,298.1500332270501,100000.0,100000.00000007522
180.35000000000002,298.15011602702054,298.1501075815478,298.1498996677002,298.1501013816328,298.15003312699747,100000.0,100000.00000007525
180.4,298.15011567764236,298.15010725760044,298.1498999698189,298.1501010763545,298.15003302724614,100000.0,100000.00000007526
180.45000000000002,298.1501153293161,298.1501069346285,298.1499002710277,298.1501007719954,298.15003292779517,100000.0,100000.00000007529
180.5,298.1501149820388,298.1501066126291,298.1499005713296,298.1501004685528,298.15003282864365,100000.0,100000.0000000753
180.55,298.15011463580726,298.1501062915993,298.14990087072727,298.15010016602395,298.15003272979067,100000.0,100000.00000007534
180.60000000000002,298.1501142906182,298.15010597153616,298.1499011692233,298.150099864406,298.15003263123543,100000.0,100000.00000007535
180.65,298.1501139464686,298.1501056524369,298.1499014668206,298.1500995636963,298.1500325329769,100000.0,100000.00000007538
180.70000000000002,298.1501136033553,298.15010533429836,298.1499017635217,298.1500992638922,298.1500324350143,100000.0,100000.0000000754
180.75,298.1501132612752,298.1501050171179,298.14990205932946,298.1500989649907,298.15003233734666,100000.0,100000.00000007541
180.8,298.1501129202251,298.1501047008924,298.1499023542465,298.1500986669893,298.15003223997303,100000.0,100000.00000007545
180.85000000000002,298.150112580202,298.1501043856192,298.14990264827543,298.1500983698853,298.1500321428927,100000.0,100000.00000007547
180.9,298.1501122412028,298.15010407129535,298.149902941419,298.1500980736759,298.1500320461047,100000.0,100000.00000007547
180.95000000000002,298.15011190322434,298.150103757918,298.1499032336799,298.15009777835843,298.15003194960815,100000.0,100000.00000007547
181.0,298.1501115662636,298.1501034454842,298.1499035250606,298.1500974839302,298.1500318534021,100000.0,100000.00000007551
181.05,298.1501112303175,298.15010313399125,298.149903815564,298.1500971903886,298.15003175748586,100000.0,100000.00000007551
181.10000000000002,298.150110895383,298.15010282343627,298.1499041051927,298.1500968977308,298.1500316618583,100000.0,100000.00000007555
181.15,298.1501105614571,298.1501025138164,298.1499043939492,298.15009660595433,298.1500315665188,100000.0,100000.00000007555
181.20000000000002,298.1501102285367,298.1501022051289,298.14990468183623,298.15009631505643,298.1500314714664,100000.0,100000.00000007555
181.25,298.15010989661874,298.15010189737086,298.1499049688564,298.1500960250345,298.1500313767001,100000.0,100000.00000007558
181.3,298.1501095657003,298.1501015905396,298.1499052550123,298.1500957358858,298.15003128221923,100000.0,100000.00000007561
181.35000000000002,298.15010923577825,298.1501012846322,298.1499055403065,298.1500954476079,298.1500311880228,100000.0,100000.00000007566
181.4,298.15010890684965,298.15010097964597,298.14990582474167,298.150095160198,298.1500310941101,100000.0,100000.00000007566
181.45000000000002,298.1501085789116,298.1501006755781,298.1499061083203,298.15009487365353,298.1500310004801,100000.0,100000.00000007567
181.5,298.15010825196094,298.15010037242587,298.1499063910451,298.1500945879719,298.15003090713213,100000.0,100000.0000000757
181.55,298.1501079259948,298.15010007018645,298.14990667291846,298.1500943031505,298.15003081406525,100000.0,100000.00000007573
181.60000000000002,298.15010760101023,298.1500997688571,298.1499069539432,298.1500940191868,298.15003072127854,100000.0,100000.00000007576
181.65,298.1501072770043,298.1500994684351,298.14990723412154,298.1500937360781,298.1500306287713,100000.0,100000.00000007576
181.70000000000002,298.15010695397393,298.1500991689178,298.14990751345636,298.1500934538219,298.15003053654254,100000.0,100000.00000007579
181.75,298.1501066319163,298.1500988703024,298.14990779194994,298.1500931724156,298.1500304445915,100000.0,100000.00000007579
181.8,298.1501063108284,298.1500985725861,298.149908069605,298.15009289185673,298.15003035291744,100000.0,100000.00000007582
181.85000000000002,298.1501059907074,298.1500982757663,298.14990834642396,298.15009261214266,298.1500302615193,100000.0,100000.00000007584
181.9,298.1501056715503,298.1500979798403,298.1499086224094,298.1500923332709,298.15003017039646,100000.0,100000.00000007584
181.95000000000002,298.15010535335426,298.15009768480536,298.14990889756376,298.15009205523876,298.15003007954795,100000.0,100000.00000007587
182.0,298.1501050361164,298.15009739065886,298.1499091718896,298.15009177804393,298.1500299889731,100000.0,100000.0000000759
182.05,298.15010471983373,298.1500970973981,298.14990944538937,298.15009150168373,298.1500298986708,100000.0,100000.00000007593
182.10000000000002,298.1501044045035,298.1500968050204,298.1499097180656,298.15009122615567,298.1500298086406,100000.0,100000.00000007593
182.15,298.1501040901228,298.15009651352307,298.1499099899208,298.1500909514574,298.15002971888146,100000.0,100000.00000007596
182.20000000000002,298.15010377668875,298.15009622290347,298.1499102609573,298.15009067758615,298.1500296293925,100000.0,100000.00000007598
182.25,298.1501034641984,298.15009593315904,298.14991053117774,298.15009040453964,298.1500295401731,100000.0,100000.00000007599
182.3,298.15010315264914,298.15009564428703,298.1499108005845,298.15009013231537,298.1500294512224,100000.0,100000.00000007602
182.35000000000002,298.150102842038,298.1500953562849,298.14991106918,298.1500898609107,298.15002936253944,100000.0,100000.00000007603
182.4,298.1501025323621,298.15009506915,298.1499113369667,298.1500895903234,298.1500292741236,100000.0,100000.00000007608
182.45000000000002,298.1501022236188,298.1500947828797,298.1499116039471,298.1500893205508,298.1500291859739,100000.0,100000.00000007608
182.5,298.15010191580507,298.1500944974714,298.14991187012345,298.15008905159056,298.15002909808976,100000.0,100000.00000007614
182.55,298.15010160891825,298.1500942129225,298.1499121354984,298.1500887834402,298.1500290104702,100000.0,100000.00000007614
182.60000000000002,298.1501013029555,298.1500939292305,298.1499124000742,298.1500885160973,298.1500289231144,100000.0,100000.00000007615
182.65,298.15010099791414,298.1500936463927,298.1499126638534,298.1500882495594,298.15002883602176,100000.0,100000.00000007618
182.70000000000002,298.15010069379116,298.15009336440653,298.1499129268383,298.15008798382416,298.1500287491913,100000.0,100000.00000007621
182.75,298.1501003905841,298.15009308326955,298.14991318903117,298.15008771888904,298.15002866262233,100000.0,100000.00000007622
182.8,298.15010008829,298.1500928029791,298.14991345043467,298.1500874547517,298.150028576314,100000.0,100000.00000007622
182.85000000000002,298.1500997869062,298.15009252353263,298.149913711051,298.1500871914097,298.1500284902656,100000.0,100000.00000007627
182.9,298.1500994864299,298.1500922449277,298.14991397088255,298.15008692886073,298.15002840447636,100000.0,100000.00000007628
182.95000000000002,298.15009918685837,298.1500919671616,298.1499142299317,298.1500866671023,298.1500283189454,100000.0,100000.0000000763
183.0,298.1500988881889,298.15009169023193,298.1499144882008,298.15008640613206,298.1500282336719,100000.0,100000.00000007632
183.05,298.1500985904188,298.1500914141361,298.1499147456923,298.1500861459477,298.1500281486553,100000.0,100000.00000007634
183.10000000000002,298.1500982935453,298.15009113887174,298.1499150024083,298.1500858865467,298.1500280638946,100000.0,100000.00000007634
183.15,298.15009799756575,298.15009086443627,298.14991525835137,298.1500856279269,298.15002797938917,100000.0,100000.0000000764
183.20000000000002,298.15009770247747,298.15009059082706,298.14991551352375,298.15008537008583,298.15002789513824,100000.0,100000.0000000764
183.25,298.1500974082777,298.1500903180418,298.1499157679277,298.1500851130212,298.15002781114094,100000.0,100000.00000007641
183.3,298.1500971149639,298.15009004607793,298.1499160215657,298.1500848567306,298.1500277273966,100000.0,100000.00000007643
183.35000000000002,298.1500968225333,298.150089774933,298.1499162744399,298.1500846012117,298.1500276439045,100000.0,100000.00000007646
183.4,298.1500965309832,298.1500895046046,298.1499165265526,298.1500843464622,298.1500275606637,100000.0,100000.00000007646
183.45000000000002,298.1500962403111,298.15008923509015,298.1499167779061,298.15008409247986,298.1500274776736,100000.0,100000.00000007648
183.5,298.15009595051424,298.1500889663872,298.14991702850284,298.15008383926227,298.1500273949334,100000.0,100000.0000000765
183.55,298.15009566158994,298.15008869849345,298.149917278345,298.15008358680717,298.1500273124423,100000.0,100000.00000007651
183.60000000000002,298.1500953735357,298.1500884314063,298.1499175274348,298.1500833351123,298.15002723019967,100000.0,100000.00000007651
183.65,298.15009508634887,298.1500881651234,298.1499177757745,298.15008308417526,298.15002714820463,100000.0,100000.00000007656
183.70000000000002,298.15009480002675,298.1500878996424,298.14991802336647,298.1500828339939,298.1500270664565,100000.0,100000.00000007656
183.75,298.15009451456683,298.1500876349608,298.1499182702129,298.15008258456584,298.1500269849546,100000.0,100000.00000007657
183.8,298.1500942299665,298.15008737107615,298.149918516316,298.1500823358889,298.150026903698,100000.0,100000.0000000766
183.85000000000002,298.15009394622314,298.15008710798617,298.149918761678,298.1500820879607,298.15002682268613,100000.0,100000.00000007664
183.9,298.15009366333413,298.15008684568835,298.1499190063013,298.15008184077914,298.1500267419182,100000.0,100000.00000007663
183.95000000000002,298.15009338129704,298.15008658418037,298.14991925018785,298.1500815943418,298.15002666139355,100000.0,100000.00000007669
184.0,298.1500931001092,298.15008632345985,298.14991949334006,298.1500813486466,298.15002658111126,100000.0,100000.00000007669
184.05,298.150092819768,298.15008606352444,298.14991973576014,298.1500811036912,298.1500265010708,100000.0,100000.0000000767
184.10000000000002,298.150092540271,298.15008580437166,298.1499199774502,298.1500808594734,298.1500264212713,100000.0,100000.00000007675
184.15,298.15009226161555,298.1500855459993,298.1499202184125,298.150080615991,298.1500263417121,100000.0,100000.00000007675
184.20000000000002,298.15009198379926,298.1500852884049,298.14992045864926,298.1500803732418,298.1500262623925,100000.0,100000.00000007679
184.25,298.1500917068195,298.1500850315862,298.14992069816253,298.1500801312235,298.1500261833117,100000.0,100000.0000000768
184.3,298.1500914306738,298.1500847755408,298.1499209369547,298.150079889934,298.1500261044691,100000.0,100000.0000000768
184.35000000000002,298.15009115535963,298.1500845202664,298.14992117502777,298.15007964937104,298.15002602586384,100000.0,100000.00000007683
184.4,298.1500908808745,298.15008426576065,298.14992141238395,298.1500794095324,298.1500259474953,100000.0,100000.00000007685
184.45000000000002,298.1500906072158,298.15008401202135,298.1499216490254,298.1500791704161,298.1500258693627,100000.0,100000.00000007689
184.5,298.15009033438116,298.150083759046,298.14992188495427,298.1500789320197,298.15002579146545,100000.0,100000.00000007689
184.55,298.1500900623681,298.1500835068325,298.14992212017273,298.15007869434123,298.1500257138027,100000.0,100000.00000007694
184.60000000000002,298.1500897911741,298.1500832553784,298.14992235468293,298.1500784573784,298.1500256363738,100000.0,100000.00000007695
184.65,298.15008952079677,298.1500830046815,298.14992258848696,298.15007822112915,298.1500255591781,100000.0,100000.00000007697
184.70000000000002,298.1500892512335,298.1500827547395,298.149922821587,298.1500779855912,298.1500254822148,100000.0,100000.00000007698
184.75,298.15008898248203,298.1500825055501,298.14992305398505,298.15007775076265,298.15002540548335,100000.0,100000.00000007701
184.8,298.15008871453983,298.150082257111,298.14992328568337,298.1500775166411,298.15002532898285,100000.0,100000.00000007702
184.85000000000002,298.15008844740436,298.1500820094201,298.149923516684,298.15007728322456,298.1500252527127,100000.0,100000.00000007702
184.9,298.15008818107333,298.150081762475,298.149923746989,298.1500770505109,298.1500251766723,100000.0,100000.00000007704
184.95000000000002,298.1500879155443,298.1500815162735,298.1499239766006,298.15007681849795,298.15002510086083,100000.0,100000.00000007707
185.0,298.1500876508147,298.1500812708133,298.14992420552073,298.15007658718366,298.1500250252776,100000.0,100000.0000000771
185.05,298.15008738688243,298.15008102609227,298.14992443375155,298.1500763565659,298.150024949922,100000.0,100000.00000007713
185.10000000000002,298.1500871237448,298.15008078210815,298.14992466129513,298.15007612664255,298.1500248747933,100000.0,100000.00000007714
185.15,298.15008686139953,298.1500805388587,298.1499248881536,298.1500758974115,298.15002479989084,100000.0,100000.00000007715
185.20000000000002,298.15008659984426,298.1500802963417,298.1499251143289,298.1500756688708,298.15002472521394,100000.0,100000.00000007718
185.25,298.15008633907655,298.150080054555,298.1499253398231,298.1500754410182,298.1500246507619,100000.0,100000.0000000772
185.3,298.1500860790941,298.15007981349635,298.14992556463835,298.1500752138517,298.150024576534,100000.0,100000.00000007721
185.35000000000002,298.15008581989446,298.15007957316357,298.1499257887766,298.15007498736935,298.1500245025297,100000.0,100000.00000007724
185.4,298.1500855614753,298.15007933355446,298.1499260122399,298.1500747615689,298.15002442874817,100000.0,100000.00000007729
185.45000000000002,298.1500853038343,298.1500790946669,298.1499262350304,298.15007453644836,298.1500243551888,100000.0,100000.00000007727
185.5,298.15008504696914,298.1500788564986,298.14992645715006,298.1500743120057,298.15002428185096,100000.0,100000.00000007729
185.55,298.1500847908775,298.1500786190476,298.14992667860076,298.1500740882389,298.15002420873395,100000.0,100000.00000007734
185.60000000000002,298.15008453555686,298.15007838231145,298.1499268993847,298.1500738651459,298.1500241358371,100000.0,100000.00000007736
185.65,298.1500842810051,298.15007814628825,298.14992711950384,298.1500736427247,298.1500240631598,100000.0,100000.00000007737
185.70000000000002,298.15008402721986,298.1500779109757,298.14992733896014,298.1500734209732,298.15002399070124,100000.0,100000.00000007739
185.75,298.1500837741988,298.1500776763718,298.1499275577556,298.15007319988945,298.150023918461,100000.0,100000.00000007742
185.8,298.1500835219396,298.15007744247424,298.14992777589225,298.1500729794714,298.1500238464382,100000.0,100000.00000007742
185.85000000000002,298.15008327044006,298.150077209281,298.149927993372,298.1500727597171,298.1500237746323,100000.0,100000.00000007745
185.9,298.1500830196978,298.15007697679005,298.14992821019695,298.15007254062454,298.1500237030426,100000.0,100000.00000007747
185.95000000000002,298.1500827697106,298.15007674499907,298.149928426369,298.15007232219165,298.1500236316685,100000.0,100000.00000007749
186.0,298.1500825204761,298.15007651390613,298.1499286418901,298.15007210441655,298.1500235605093,100000.0,100000.00000007752
186.05,298.1500822719921,298.15007628350895,298.1499288567622,298.1500718872972,298.1500234895644,100000.0,100000.00000007752
186.10000000000002,298.15008202425633,298.1500760538056,298.1499290709873,298.1500716708316,298.1500234188331,100000.0,100000.00000007756
186.15,298.15008177726656,298.15007582479393,298.1499292845673,298.1500714550179,298.1500233483148,100000.0,100000.00000007758
186.20000000000002,298.15008153102053,298.1500755964718,298.1499294975042,298.150071239854,298.1500232780088,100000.0,100000.00000007759
186.25,298.15008128551597,298.1500753688373,298.14992970979995,298.1500710253379,298.1500232079146,100000.0,100000.00000007762
186.3,298.15008104075065,298.1500751418881,298.1499299214564,298.1500708114679,298.1500231380314,100000.0,100000.00000007763
186.35000000000002,298.15008079672236,298.15007491562244,298.1499301324755,298.1500705982418,298.1500230683586,100000.0,100000.00000007765
186.4,298.1500805534289,298.150074690038,298.1499303428592,298.15007038565784,298.1500229988956,100000.0,100000.00000007768
186.45000000000002,298.1500803108681,298.1500744651329,298.14993055260936,298.150070173714,298.1500229296418,100000.0,100000.00000007768
186.5,298.1500800690376,298.150074240905,298.149930761728,298.15006996240834,298.1500228605966,100000.0,100000.0000000777
186.55,298.1500798279354,298.15007401735227,298.14993097021693,298.15006975173895,298.1500227917592,100000.0,100000.00000007774
186.60000000000002,298.15007958755905,298.15007379447275,298.14993117807796,298.15006954170394,298.15002272312915,100000.0,100000.00000007774
186.65,298.1500793479066,298.1500735722643,298.1499313853132,298.15006933230137,298.15002265470577,100000.0,100000.00000007777
186.70000000000002,298.15007910897583,298.150073350725,298.14993159192437,298.1500691235293,298.1500225864884,100000.0,100000.00000007778
186.75,298.1500788707645,298.1500731298528,298.1499317979134,298.150068915386,298.1500225184764,100000.0,100000.0000000778
186.8,298.1500786332704,298.1500729096457,298.1499320032822,298.15006870786937,298.1500224506692,100000.0,100000.00000007782
186.85000000000002,298.1500783964915,298.15007269010164,298.1499322080325,298.1500685009776,298.15002238306624,100000.0,100000.00000007784
186.9,298.1500781604256,298.15007247121866,298.1499324121664,298.15006829470883,298.15002231566683,100000.0,100000.00000007782
186.95000000000002,298.1500779250705,298.1500722529948,298.14993261568554,298.1500680890612,298.1500222484703,100000.0,100000.00000007785
187.0,298.15007769042415,298.150072035428,298.1499328185918,298.1500678840328,298.1500221814762,100000.0,100000.00000007785
187.05,298.15007745648427,298.1500718185164,298.14993302088715,298.15006767962177,298.1500221146838,100000.0,100000.00000007791
187.10000000000002,298.1500772232489,298.150071602258,298.1499332225733,298.1500674758263,298.1500220480925,100000.0,100000.00000007791
187.15,298.15007699071583,298.15007138665067,298.14993342365216,298.15006727264443,298.15002198170174,100000.0,100000.00000007793
187.20000000000002,298.15007675888296,298.1500711716926,298.14993362412554,298.15006707007444,298.15002191551093,100000.0,100000.00000007794
187.25,298.1500765277481,298.1500709573819,298.1499338239953,298.1500668681144,298.15002184951936,100000.0,100000.00000007797
187.3,298.15007629730934,298.15007074371647,298.1499340232631,298.1500666667625,298.1500217837266,100000.0,100000.000000078
187.35000000000002,298.15007606756444,298.1500705306944,298.14993422193095,298.1500664660169,298.1500217181318,100000.0,100000.00000007803
187.4,298.15007583851127,298.15007031831385,298.1499344200006,298.15006626587575,298.15002165273467,100000.0,100000.00000007804
187.45000000000002,298.15007561014795,298.15007010657274,298.1499346174737,298.1500660663373,298.15002158753435,100000.0,100000.00000007806
187.5,298.1500753824722,298.15006989546924,298.14993481435226,298.1500658673997,298.15002152253044,100000.0,100000.00000007806
187.55,298.150075155482,298.1500696850014,298.14993501063805,298.15006566906106,298.1500214577223,100000.0,100000.00000007806
187.60000000000002,298.15007492917533,298.15006947516736,298.1499352063327,298.15006547131975,298.1500213931092,100000.0,100000.00000007811
187.65,298.1500747035501,298.15006926596516,298.14993540143814,298.15006527417387,298.1500213286907,100000.0,100000.00000007811
187.70000000000002,298.15007447860427,298.1500690573929,298.149935595956,298.15006507762155,298.1500212644662,100000.0,100000.00000007814
187.75,298.1500742543359,298.15006884944864,298.1499357898882,298.15006488166114,298.15002120043505,100000.0,100000.00000007817
187.8,298.1500740307427,298.1500686421306,298.1499359832364,298.1500646862908,298.1500211365967,100000.0,100000.00000007817
187.85000000000002,298.1500738078228,298.15006843543676,298.14993617600237,298.1500644915088,298.15002107295066,100000.0,100000.00000007817
187.9,298.1500735855742,298.1500682293654,298.1499363681879,298.15006429731324,298.15002100949624,100000.0,100000.00000007822
187.95000000000002,298.1500733639948,298.1500680239145,298.1499365597948,298.1500641037025,298.15002094623287,100000.0,100000.00000007823
188.0,298.15007314308264,298.1500678190823,298.1499367508247,298.1500639106747,298.15002088316,100000.0,100000.00000007823
188.05,298.15007292283565,298.1500676148669,298.14993694127935,298.1500637182282,298.15002082027706,100000.0,100000.00000007827
188.10000000000002,298.1500727032519,298.1500674112664,298.1499371311605,298.1500635263612,298.1500207575835,100000.0,100000.00000007829
188.15,298.15007248432937,298.15006720827887,298.1499373204699,298.1500633350719,298.1500206950787,100000.0,100000.0000000783
188.20000000000002,298.150072266066,298.15006700590266,298.1499375092093,298.15006314435857,298.15002063276205,100000.0,100000.00000007832
188.25,298.15007204845995,298.1500668041359,298.14993769738027,298.1500629542196,298.15002057063316,100000.0,100000.00000007836
188.3,298.1500718315091,298.1500666029766,298.1499378849847,298.1500627646531,298.1500205086913,100000.0,100000.00000007836
188.35000000000002,298.15007161521146,298.1500664024231,298.14993807202416,298.15006257565744,298.15002044693597,100000.0,100000.00000007839
188.4,298.15007139956515,298.15006620247345,298.14993825850047,298.1500623872309,298.15002038536653,100000.0,100000.00000007842
188.45000000000002,298.1500711845682,298.1500660031259,298.1499384444153,298.15006219937175,298.1500203239826,100000.0,100000.00000007842
188.5,298.15007097021874,298.15006580437864,298.1499386297702,298.15006201207825,298.1500202627834,100000.0,100000.00000007843
188.55,298.15007075651465,298.1500656062299,298.149938814567,298.1500618253487,298.15002020176854,100000.0,100000.00000007846
188.60000000000002,298.15007054345404,298.1500654086777,298.1499389988074,298.1500616391815,298.1500201409374,100000.0,100000.00000007846
188.65,298.15007033103507,298.1500652117204,298.149939182493,298.1500614535749,298.1500200802894,100000.0,100000.00000007851
188.70000000000002,298.1500701192557,298.1500650153562,298.1499393656254,298.1500612685271,298.150020019824,100000.0,100000.00000007852
188.75,298.150069908114,298.15006481958324,298.1499395482065,298.15006108403657,298.15001995954077,100000.0,100000.00000007854
188.8,298.15006969760805,298.1500646243999,298.1499397302377,298.15006090010155,298.15001989943903,100000.0,100000.00000007855
188.85000000000002,298.15006948773606,298.15006442980416,298.1499399117208,298.1500607167204,298.1500198395183,100000.0,100000.00000007858
188.9,298.150069278496,298.1500642357945,298.1499400926574,298.15006053389146,298.1500197797779,100000.0,100000.00000007861
188.95000000000002,298.150069069886,298.15006404236897,298.1499402730492,298.150060351613,298.1500197202174,100000.0,100000.00000007861
189.0,298.1500688619042,298.15006384952585,298.1499404528978,298.1500601698835,298.15001966083634,100000.0,100000.00000007865
189.05,298.1500686545486,298.15006365726344,298.1499406322049,298.1500599887012,298.150019601634,100000.0,100000.00000007867
189.10000000000002,298.1500684478174,298.15006346558005,298.149940810972,298.1500598080644,298.15001954261004,100000.0,100000.00000007868
189.15,298.1500682417087,298.1500632744737,298.14994098920084,298.15005962797153,298.1500194837637,100000.0,100000.0000000787
189.20000000000002,298.15006803622066,298.1500630839429,298.149941166893,298.15005944842096,298.15001942509457,100000.0,100000.00000007873
189.25,298.1500678313514,298.1500628939858,298.14994134405003,298.15005926941114,298.1500193666021,100000.0,100000.00000007873
189.3,298.150067627099,298.1500627046007,298.1499415206737,298.15005909094026,298.15001930828583,100000.0,100000.00000007875
189.35000000000002,298.1500674234617,298.1500625157859,298.1499416967655,298.15005891300683,298.15001925014514,100000.0,100000.00000007878
189.4,298.15006722043745,298.1500623275397,298.149941872327,298.1500587356092,298.15001919217946,100000.0,100000.00000007878
189.45000000000002,298.1500670180247,298.1500621398602,298.1499420473599,298.15005855874574,298.1500191343884,100000.0,100000.0000000788
189.5,298.15006681622134,298.150061952746,298.14994222186573,298.1500583824148,298.15001907677134,100000.0,100000.00000007881
189.55,298.1500666150257,298.1500617661951,298.1499423958461,298.15005820661486,298.1500190193278,100000.0,100000.00000007881
189.60000000000002,298.1500664144359,298.150061580206,298.1499425693026,298.1500580313443,298.1500189620572,100000.0,100000.00000007886
189.65,298.15006621445013,298.1500613947769,298.14994274223676,298.1500578566015,298.150018904959,100000.0,100000.00000007887
189.70000000000002,298.1500660150665,298.1500612099062,298.1499429146502,298.1500576823849,298.1500188480328,100000.0,100000.00000007889
189.75,298.15006581628325,298.1500610255922,298.14994308654445,298.1500575086929,298.15001879127794,100000.0,100000.00000007893
189.8,298.1500656180986,298.1500608418332,298.1499432579211,298.15005733552385,298.1500187346941,100000.0,100000.00000007893
189.85000000000002,298.1500654205107,298.15006065862747,298.14994342878174,298.1500571628763,298.1500186782805,100000.0,100000.00000007896
189.9,298.1500652235178,298.1500604759734,298.1499435991279,298.1500569907486,298.15001862203684,100000.0,100000.00000007899
189.95000000000002,298.1500650271181,298.1500602938694,298.14994376896107,298.1500568191392,298.15001856596257,100000.0,100000.00000007899
190.0,298.1500648313097,298.1500601123138,298.14994393828283,298.1500566480466,298.1500185100571,100000.0,100000.00000007902
190.05,298.15006463609103,298.1500599313048,298.1499441070948,298.1500564774691,298.15001845432005,100000.0,100000.00000007902
190.10000000000002,298.15006444146013,298.1500597508408,298.1499442753984,298.15005630740535,298.1500183987508,100000.0,100000.00000007905
190.15,298.1500642474153,298.15005957092035,298.1499444431952,298.1500561378536,298.15001834334885,100000.0,100000.00000007903
190.20000000000002,298.1500640539548,298.1500593915416,298.1499446104867,298.15005596881247,298.15001828811376,100000.0,100000.00000007908
190.25,298.15006386107683,298.150059212703,298.1499447772745,298.15005580028026,298.15001823304493,100000.0,100000.0000000791
190.3,298.1500636687797,298.1500590344029,298.1499449435601,298.1500556322556,298.150018178142,100000.0,100000.0000000791
190.35000000000002,298.1500634770615,298.1500588566397,298.149945109345,298.1500554647369,298.1500181234044,100000.0,100000.0000000791
190.4,298.1500632859207,298.15005867941176,298.1499452746306,298.1500552977226,298.1500180688315,100000.0,100000.00000007913
190.45000000000002,298.1500630953554,298.1500585027175,298.1499454394186,298.1500551312112,298.15001801442304,100000.0,100000.00000007916
190.5,298.15006290536394,298.1500583265553,298.1499456037103,298.1500549652012,298.15001796017833,100000.0,100000.00000007916
190.55,298.1500627159446,298.1500581509236,298.14994576750735,298.15005479969113,298.15001790609705,100000.0,100000.00000007919
190.60000000000002,298.1500625270956,298.1500579758207,298.14994593081116,298.15005463467946,298.1500178521786,100000.0,100000.00000007922
190.65,298.1500623388153,298.1500578012451,298.1499460936232,298.1500544701646,298.1500177984225,100000.0,100000.00000007925
190.70000000000002,298.1500621511019,298.15005762719517,298.149946255945,298.15005430614514,298.1500177448283,100000.0,100000.00000007925
190.75,298.1500619639538,298.1500574536693,298.1499464177781,298.1500541426196,298.15001769139536,100000.0,100000.00000007928
190.8,298.15006177736916,298.15005728066603,298.1499465791238,298.15005397958646,298.1500176381235,100000.0,100000.00000007931
190.85000000000002,298.15006159134646,298.15005710818366,298.14994673998365,298.1500538170442,298.1500175850119,100000.0,100000.00000007932
190.9,298.1500614058838,298.1500569362206,298.14994690035917,298.15005365499144,298.15001753206025,100000.0,100000.00000007935
190.95000000000002,298.15006122097964,298.15005676477546,298.14994706025175,298.1500534934266,298.15001747926806,100000.0,100000.00000007937
191.0,298.1500610366323,298.1500565938465,298.14994721966286,298.1500533323483,298.1500174266349,100000.0,100000.00000007937
191.05,298.15006085284006,298.15005642343226,298.149947378594,298.15005317175496,298.15001737416014,100000.0,100000.0000000794
191.10000000000002,298.1500606696012,298.15005625353115,298.1499475370465,298.15005301164524,298.15001732184345,100000.0,100000.00000007942
191.15,298.15006048691413,298.1500560841417,298.14994769502187,298.1500528520177,298.15001726968427,100000.0,100000.00000007945
191.20000000000002,298.1500603047771,298.15005591526227,298.1499478525216,298.15005269287076,298.15001721768215,100000.0,100000.00000007947
191.25,298.1500601231886,298.1500557468913,298.1499480095471,298.15005253420304,298.15001716583663,100000.0,100000.00000007947
191.3,298.1500599421469,298.1500555790275,298.1499481660997,298.15005237601315,298.15001711414726,100000.0,100000.00000007951
191.35000000000002,298.1500597616503,298.150055411669,298.1499483221809,298.1500522182996,298.1500170626135,100000.0,100000.00000007951
191.4,298.1500595816973,298.15005524481455,298.1499484777921,298.1500520610609,298.1500170112349,100000.0,100000.00000007954
191.45000000000002,298.15005940228605,298.15005507846246,298.14994863293475,298.1500519042957,298.15001696001104,100000.0,100000.00000007957
191.5,298.1500592234151,298.15005491261127,298.14994878761024,298.1500517480025,298.1500169089413,100000.0,100000.00000007957
191.55,298.1500590450828,298.15005474725956,298.14994894181996,298.15005159218003,298.1500168580255,100000.0,100000.0000000796
191.60000000000002,298.1500588672874,298.15005458240574,298.1499490955654,298.1500514368267,298.150016807263,100000.0,100000.00000007961
191.65,298.15005869002744,298.1500544180483,298.14994924884775,298.1500512819411,298.1500167566533,100000.0,100000.00000007963
191.70000000000002,298.15005851330125,298.15005425418576,298.14994940166866,298.15005112752203,298.150016706196,100000.0,100000.00000007966
191.75,298.1500583371071,298.1500540908167,298.1499495540294,298.1500509735679,298.1500166558907,100000.0,100000.00000007966
191.8,298.15005816144367,298.1500539279395,298.14994970593125,298.1500508200773,298.1500166057368,100000.0,100000.00000007969
191.85000000000002,298.1500579863091,298.1500537655528,298.14994985737576,298.1500506670489,298.15001655573394,100000.0,100000.0000000797
191.9,298.1500578117019,298.15005360365507,298.14995000836427,298.1500505144813,298.15001650588164,100000.0,100000.00000007973
191.95000000000002,298.1500576376205,298.1500534422448,298.14995015889804,298.1500503623731,298.1500164561795,100000.0,100000.00000007977
192.0,298.15005746406325,298.15005328132065,298.1499503089786,298.15005021072295,298.150016406627,100000.0,100000.00000007979
192.05,298.1500572910286,298.150053120881,298.14995045860724,298.15005005952946,298.1500163572237,100000.0,100000.0000000798
192.10000000000002,298.15005711851506,298.1500529609245,298.1499506077853,298.15004990879123,298.15001630796917,100000.0,100000.00000007982
192.15,298.1500569465209,298.15005280144965,298.1499507565141,298.15004975850695,298.15001625886293,100000.0,100000.00000007983
192.20000000000002,298.15005677504473,298.15005264245497,298.1499509047951,298.1500496086751,298.1500162099046,100000.0,100000.00000007985
192.25,298.15005660408485,298.1500524839391,298.1499510526296,298.15004945929445,298.1500161610937,100000.0,100000.00000007988
192.3,298.15005643363975,298.15005232590056,298.14995120001896,298.1500493103636,298.15001611242974,100000.0,100000.0000000799
192.35000000000002,298.15005626370794,298.1500521683378,298.1499513469645,298.15004916188127,298.15001606391235,100000.0,100000.00000007995
192.4,298.15005609428783,298.1500520112496,298.1499514934676,298.15004901384606,298.150016015541,100000.0,100000.00000007995
192.45000000000002,298.15005592537784,298.1500518546344,298.1499516395295,298.15004886625655,298.1500159673153,100000.0,100000.00000007998
192.5,298.1500557569765,298.15005169849076,298.14995178515153,298.15004871911145,298.15001591923493,100000.0,100000.00000007998
192.55,298.1500555890822,298.1500515428173,298.14995193033513,298.15004857240945,298.1500158712992,100000.0,100000.00000008
192.60000000000002,298.15005542169354,298.1500513876126,298.1499520750816,298.1500484261492,298.15001582350794,100000.0,100000.00000008002
192.65,298.1500552548089,298.1500512328753,298.14995221939216,298.1500482803294,298.1500157758605,100000.0,100000.00000008004
192.70000000000002,298.15005508842665,298.15005107860395,298.1499523632682,298.15004813494863,298.15001572835655,100000.0,100000.00000008006
192.75,298.15005492254556,298.1500509247971,298.149952506711,298.15004799000565,298.15001568099564,100000.0,100000.00000008006
192.8,298.1500547571639,298.1500507714534,298.1499526497218,298.15004784549916,298.15001563377734,100000.0,100000.0000000801
192.85000000000002,298.1500545922802,298.1500506185714,298.14995279230203,298.15004770142775,298.1500155867013,100000.0,100000.00000008011
192.9,298.15005442789305,298.15005046614976,298.1499529344529,298.15004755779023,298.1500155397669,100000.0,100000.00000008015
192.95000000000002,298.1500542640009,298.1500503141871,298.14995307617573,298.1500474145851,298.15001549297386,100000.0,100000.00000008015
193.0,298.15005410060223,298.1500501626821,298.1499532174718,298.1500472718113,298.1500154463218,100000.0,100000.00000008015
193.05,298.1500539376956,298.1500500116332,298.1499533583425,298.1500471294674,298.1500153998102,100000.0,100000.00000008018
193.10000000000002,298.1500537752795,298.1500498610392,298.1499534987889,298.15004698755206,298.15001535343856,100000.0,100000.00000008021
193.15,298.1500536133525,298.15004971089866,298.14995363881246,298.15004684606413,298.15001530720656,100000.0,100000.00000008024
193.20000000000002,298.15005345191304,298.1500495612102,298.14995377841433,298.15004670500224,298.1500152611138,100000.0,100000.00000008027
193.25,298.1500532909597,298.15004941197253,298.1499539175958,298.150046564365,298.1500152151599,100000.0,100000.00000008027
193.3,298.1500531304911,298.1500492631842,298.14995405635824,298.1500464241514,298.15001516934433,100000.0,100000.00000008028
193.35000000000002,298.1500529705056,298.1500491148439,298.1499541947028,298.15004628436,298.1500151236667,100000.0,100000.00000008031
193.4,298.1500528110019,298.1500489669503,298.14995433263084,298.1500461449894,298.1500150781266,100000.0,100000.00000008033
193.45000000000002,298.1500526519785,298.150048819502,298.1499544701435,298.15004600603856,298.15001503272373,100000.0,100000.00000008036
193.5,298.1500524934339,298.1500486724977,298.1499546072421,298.1500458675061,298.1500149874575,100000.0,100000.00000008037
193.55,298.1500523353668,298.1500485259361,298.1499547439279,298.1500457293908,298.1500149423276,100000.0,100000.00000008038
193.60000000000002,298.1500521777756,298.15004837981576,298.1499548802021,298.1500455916914,298.15001489733356,100000.0,100000.0000000804
193.65,298.1500520206589,298.1500482341354,298.14995501606586,298.15004545440667,298.150014852475,100000.0,100000.00000008041
193.70000000000002,298.1500518640154,298.15004808889375,298.14995515152066,298.1500453175353,298.1500148077516,100000.0,100000.00000008044
193.75,298.15005170784355,298.15004794408947,298.1499552865675,298.15004518107605,298.1500147631628,100000.0,100000.00000008047
193.8,298.1500515521419,298.1500477997213,298.14995542120766,298.1500450450277,298.15001471870823,100000.0,100000.00000008047
193.85000000000002,298.15005139690913,298.1500476557877,298.1499555554425,298.150044909389,298.1500146743876,100000.0,100000.0000000805
193.9,298.15005124214383,298.15004751228753,298.14995568927304,298.15004477415874,298.15001463020036,100000.0,100000.00000008053
193.95000000000002,298.15005108784453,298.1500473692195,298.1499558227006,298.1500446393357,298.15001458614626,100000.0,100000.00000008054
194.0,298.15005093400987,298.1500472265823,298.14995595572645,298.15004450491864,298.1500145422247,100000.0,100000.00000008056
194.05,298.15005078063837,298.1500470843746,298.1499560883517,298.1500443709064,298.1500144984355,100000.0,100000.00000008056
194.10000000000002,298.1500506277288,298.15004694259505,298.14995622057756,298.15004423729766,298.1500144547781,100000.0,100000.0000000806
194.15,298.15005047527956,298.1500468012425,298.1499563524053,298.1500441040912,298.1500144112522,100000.0,100000.00000008062
194.20000000000002,298.15005032328946,298.1500466603155,298.14995648383604,298.1500439712858,298.1500143678573,100000.0,100000.00000008063
194.25,298.15005017175696,298.1500465198129,298.14995661487103,298.1500438388804,298.1500143245931,100000.0,100000.00000008068
194.3,298.15005002068085,298.15004637973345,298.14995674551153,298.15004370687365,298.1500142814592,100000.0,100000.00000008068
194.35000000000002,298.15004987005955,298.1500462400757,298.14995687575856,298.1500435752644,298.1500142384551,100000.0,100000.00000008072
194.4,298.15004971989185,298.1500461008385,298.14995700561343,298.15004344405145,298.15001419558064,100000.0,100000.00000008073
194.45000000000002,298.1500495701763,298.1500459620206,298.1499571350773,298.1500433132336,298.15001415283524,100000.0,100000.00000008075
194.5,298.1500494209116,298.15004582362076,298.1499572641513,298.15004318280967,298.1500141102185,100000.0,100000.00000008076
194.55,298.15004927209634,298.15004568563756,298.14995739283665,298.15004305277847,298.15001406773007,100000.0,100000.00000008078
194.60000000000002,298.1500491237292,298.1500455480699,298.14995752113447,298.1500429231388,298.15001402536967,100000.0,100000.0000000808
194.65,298.1500489758089,298.1500454109165,298.149957649046,298.15004279388955,298.1500139831367,100000.0,100000.00000008082
194.70000000000002,298.1500488283339,298.1500452741761,298.14995777657236,298.15004266502945,298.150013941031,100000.0,100000.00000008085
194.75,298.150048681303,298.1500451378474,298.1499579037147,298.1500425365574,298.15001389905206,100000.0,100000.00000008088
194.8,298.15004853471487,298.15004500192924,298.1499580304742,298.1500424084722,298.15001385719955,100000.0,100000.0000000809
194.85000000000002,298.15004838856817,298.15004486642033,298.149958156852,298.1500422807727,298.150013815473,100000.0,100000.00000008091
194.9,298.15004824286143,298.1500447313195,298.1499582828493,298.15004215345766,298.15001377387216,100000.0,100000.00000008094
194.95000000000002,298.1500480975935,298.15004459662543,298.1499584084671,298.1500420265261,298.1500137323966,100000.0,100000.00000008094
195.0,298.15004795276303,298.150044462337,298.1499585337067,298.15004189997666,298.1500136910459,100000.0,100000.00000008097
195.05,298.15004780836864,298.15004432845296,298.1499586585692,298.15004177380825,298.15001364981964,100000.0,100000.00000008098
195.10000000000002,298.1500476644091,298.150044194972,298.1499587830557,298.15004164801985,298.1500136087176,100000.0,100000.000000081
195.15,298.150047520883,298.150044061893,298.14995890716733,298.1500415226102,298.15001356773934,100000.0,100000.00000008103
195.20000000000002,298.15004737778906,298.1500439292147,298.1499590309053,298.1500413975781,298.15001352688444,100000.0,100000.00000008103
195.25,298.15004723512607,298.15004379693596,298.1499591542706,298.1500412729226,298.15001348615255,100000.0,100000.00000008104
195.3,298.1500470928926,298.15004366505553,298.14995927726443,298.1500411486424,298.1500134455434,100000.0,100000.00000008107
195.35000000000002,298.15004695108746,298.1500435335722,298.14995939988796,298.1500410247365,298.1500134050564,100000.0,100000.0000000811
195.4,298.1500468097093,298.1500434024848,298.1499595221422,298.15004090120357,298.1500133646914,100000.0,100000.00000008113
195.45000000000002,298.15004666875683,298.15004327179213,298.1499596440283,298.15004077804275,298.1500133244479,100000.0,100000.00000008114
195.5,298.1500465282288,298.15004314149303,298.1499597655474,298.1500406552527,298.1500132843256,100000.0,100000.00000008117
195.55,298.150046388124,298.1500430115862,298.14995988670063,298.15004053283246,298.15001324432416,100000.0,100000.0000000812
195.60000000000002,298.150046248441,298.1500428820706,298.14996000748897,298.15004041078083,298.1500132044431,100000.0,100000.0000000812
195.65,298.1500461091787,298.15004275294496,298.1499601279137,298.15004028909675,298.1500131646822,100000.0,100000.00000008123
195.70000000000002,298.1500459703356,298.1500426242082,298.1499602479757,298.150040167779,298.1500131250409,100000.0,100000.00000008126
195.75,298.1500458319107,298.15004249585905,298.14996036767616,298.1500400468266,298.15001308551916,100000.0,100000.00000008126
195.8,298.1500456939026,298.1500423678964,298.1499604870163,298.15003992623843,298.15001304611627,100000.0,100000.00000008127
195.85000000000002,298.15004555631003,298.15004224031907,298.14996060599697,298.15003980601335,298.1500130068321,100000.0,100000.00000008129
195.9,298.1500454191318,298.15004211312583,298.1499607246194,298.1500396861503,298.1500129676662,100000.0,100000.00000008132
195.95000000000002,298.1500452823666,298.15004198631567,298.14996084288464,298.15003956664816,298.15001292861825,100000.0,100000.00000008133
196.0,298.1500451460133,298.1500418598873,298.1499609607938,298.1500394475059,298.15001288968784,100000.0,100000.00000008133
196.05,298.1500450100705,298.15004173383966,298.14996107834787,298.15003932872236,298.1500128508747,100000.0,100000.00000008137
196.10000000000002,298.1500448745371,298.1500416081716,298.14996119554803,298.15003921029654,298.15001281217843,100000.0,100000.0000000814
196.15,298.15004473941184,298.15004148288193,298.1499613123952,298.1500390922273,298.15001277359863,100000.0,100000.0000000814
196.20000000000002,298.15004460469345,298.1500413579695,298.14996142889055,298.15003897451356,298.1500127351351,100000.0,100000.00000008142
196.25,298.1500444703807,298.1500412334333,298.1499615450351,298.15003885715436,298.1500126967873,100000.0,100000.00000008146
196.3,298.1500443364724,298.15004110927197,298.14996166082994,298.15003874014843,298.150012658555,100000.0,100000.00000008149
196.35000000000002,298.1500442029673,298.15004098548457,298.1499617762761,298.1500386234949,298.15001262043785,100000.0,100000.00000008149
196.4,298.15004406986424,298.1500408620699,298.1499618913746,298.1500385071926,298.1500125824354,100000.0,100000.00000008152
196.45000000000002,298.15004393716197,298.1500407390269,298.14996200612654,298.15003839124057,298.15001254454745,100000.0,100000.00000008156
196.5,298.15004380485925,298.1500406163543,298.1499621205329,298.15003827563766,298.1500125067736,100000.0,100000.00000008156
196.55,298.150043672955,298.15004049405127,298.14996223459485,298.15003816038285,298.15001246911345,100000.0,100000.00000008159
196.60000000000002,298.15004354144787,298.15004037211634,298.1499623483133,298.150038045475,298.1500124315667,100000.0,100000.00000008162
196.65,298.15004341033676,298.1500402505487,298.1499624616893,298.1500379309133,298.150012394133,100000.0,100000.00000008164
196.70000000000002,298.15004327962043,298.1500401293471,298.14996257472393,298.1500378166965,298.15001235681206,100000.0,100000.00000008167
196.75,298.15004314929774,298.15004000851036,298.14996268741817,298.1500377028237,298.15001231960355,100000.0,100000.00000008168
196.8,298.15004301936744,298.15003988803755,298.1499627997731,298.1500375892937,298.150012282507,100000.0,100000.00000008168
196.85000000000002,298.15004288982834,298.1500397679275,298.14996291178966,298.1500374761056,298.1500122455222,100000.0,100000.00000008172
196.9,298.1500427606794,298.15003964817913,298.14996302346896,298.15003736325826,298.1500122086487,100000.0,100000.00000008171
196.95000000000002,298.1500426319193,298.15003952879135,298.14996313481197,298.1500372507508,298.1500121718863,100000.0,100000.00000008172
197.0,298.15004250354696,298.15003940976305,298.14996324581966,298.1500371385821,298.1500121352346,100000.0,100000.00000008177
197.05,298.15004237556116,298.1500392910932,298.1499633564931,298.1500370267512,298.1500120986932,100000.0,100000.00000008181
197.10000000000002,298.15004224796076,298.1500391727807,298.14996346683336,298.150036915257,298.1500120622619,100000.0,100000.00000008181
197.15,298.1500421207445,298.15003905482445,298.1499635768413,298.1500368040985,298.15001202594027,100000.0,100000.00000008183
197.20000000000002,298.15004199391143,298.1500389372233,298.149963686518,298.1500366932747,298.15001198972794,100000.0,100000.00000008187
197.25,298.15004186746023,298.1500388199763,298.14996379586444,298.1500365827847,298.1500119536248,100000.0,100000.0000000819
197.3,298.1500417413897,298.15003870308243,298.14996390488164,298.1500364726274,298.15001191763025,100000.0,100000.00000008191
197.35000000000002,298.1500416156989,298.1500385865405,298.1499640135705,298.15003636280176,298.15001188174415,100000.0,100000.00000008193
197.4,298.15004149038657,298.1500384703495,298.14996412193216,298.15003625330684,298.1500118459661,100000.0,100000.00000008194
197.45000000000002,298.15004136545156,298.15003835450835,298.1499642299675,298.1500361441416,298.1500118102958,100000.0,100000.00000008197
197.5,298.1500412408928,298.150038239016,298.1499643376775,298.1500360353051,298.1500117747329,100000.0,100000.00000008197
197.55,298.1500411167091,298.15003812387147,298.14996444506323,298.1500359267963,298.15001173927703,100000.0,100000.000000082
197.60000000000002,298.1500409928992,298.1500380090737,298.1499645521255,298.1500358186143,298.150011703928,100000.0,100000.000000082
197.65,298.15004086946226,298.1500378946215,298.14996465886543,298.150035710758,298.15001166868535,100000.0,100000.00000008203
197.70000000000002,298.15004074639694,298.150037780514,298.1499647652839,298.1500356032265,298.1500116335489,100000.0,100000.00000008204
197.75,298.1500406237023,298.1500376667501,298.14996487138205,298.1500354960188,298.1500115985182,100000.0,100000.00000008206
197.8,298.150040501377,298.15003755332873,298.14996497716066,298.1500353891339,298.15001156359295,100000.0,100000.00000008207
197.85000000000002,298.1500403794201,298.150037440249,298.1499650826207,298.1500352825709,298.15001152877295,100000.0,100000.00000008212
197.9,298.15004025783037,298.1500373275096,298.14996518776326,298.15003517632874,298.1500114940577,100000.0,100000.00000008213
197.95000000000002,298.1500401366069,298.1500372151098,298.1499652925892,298.1500350704065,298.15001145944706,100000.0,100000.00000008213
198.0,298.15004001574835,298.1500371030485,298.14996539709944,298.1500349648032,298.1500114249406,100000.0,100000.00000008216
198.05,298.1500398952537,298.1500369913245,298.149965501295,298.1500348595179,298.15001139053805,100000.0,100000.00000008219
198.10000000000002,298.15003977512197,298.150036879937,298.1499656051768,298.1500347545496,298.15001135623913,100000.0,100000.00000008219
198.15,298.1500396553519,298.1500367688849,298.14996570874587,298.15003464989746,298.15001132204344,100000.0,100000.00000008222
198.20000000000002,298.1500395359425,298.15003665816715,298.14996581200296,298.1500345455604,298.15001128795075,100000.0,100000.00000008225
198.25,298.1500394168927,298.15003654778286,298.14996591494923,298.1500344415375,298.1500112539607,100000.0,100000.00000008228
198.3,298.15003929820136,298.1500364377309,298.1499660175855,298.1500343378279,298.15001122007305,100000.0,100000.00000008228
198.35000000000002,298.1500391798674,298.15003632801034,298.1499661199126,298.1500342344305,298.15001118628743,100000.0,100000.0000000823
198.4,298.1500390618898,298.1500362186202,298.14996622193166,298.15003413134446,298.15001115260344,100000.0,100000.00000008232
198.45000000000002,298.15003894426746,298.15003610955944,298.1499663236435,298.1500340285689,298.150011119021,100000.0,100000.00000008233
198.5,298.15003882699926,298.1500360008271,298.1499664250491,298.15003392610276,298.15001108553963,100000.0,100000.00000008236
198.55,298.1500387100842,298.15003589242207,298.14996652614934,298.1500338239452,298.15001105215913,100000.0,100000.00000008236
198.60000000000002,298.1500385935212,298.1500357843436,298.1499666269451,298.15003372209515,298.15001101887907,100000.0,100000.0000000824
198.65,298.1500384773092,298.1500356765905,298.14996672743746,298.15003362055194,298.1500109856993,100000.0,100000.0000000824
198.70000000000002,298.15003836144706,298.1500355691619,298.1499668276271,298.1500335193144,298.15001095261937,100000.0,100000.00000008242
198.75,298.15003824593384,298.15003546205674,298.14996692751515,298.1500334183817,298.1500109196391,100000.0,100000.00000008242
198.8,298.1500381307685,298.1500353552741,298.1499670271023,298.15003331775296,298.1500108867581,100000.0,100000.00000008245
198.85000000000002,298.1500380159499,298.150035248813,298.1499671263897,298.1500332174272,298.1500108539761,100000.0,100000.00000008248
198.9,298.15003790147705,298.15003514267255,298.1499672253781,298.1500331174036,298.1500108212929,100000.0,100000.00000008248
198.95000000000002,298.1500377873489,298.15003503685165,298.1499673240683,298.15003301768115,298.150010788708,100000.0,100000.00000008252
199.0,298.1500376735644,298.1500349313494,298.1499674224615,298.150032918259,298.15001075622126,100000.0,100000.00000008257
199.05,298.15003756012254,298.15003482616487,298.14996752055833,298.15003281913624,298.1500107238324,100000.0,100000.00000008257
199.10000000000002,298.15003744702227,298.150034721297,298.14996761835977,298.1500327203119,298.150010691541,100000.0,100000.00000008257
199.15,298.1500373342626,298.15003461674496,298.1499677158667,298.15003262178516,298.15001065934683,100000.0,100000.00000008263
199.20000000000002,298.15003722184235,298.1500345125077,298.14996781308,298.1500325235551,298.1500106272496,100000.0,100000.00000008263
199.25,298.1500371097608,298.15003440858436,298.14996791000067,298.15003242562085,298.1500105952491,100000.0,100000.00000008263
199.3,298.1500369980166,298.15003430497393,298.1499680066295,298.1500323279815,298.1500105633449,100000.0,100000.00000008265
199.35000000000002,298.1500368866089,298.15003420167545,298.14996810296725,298.1500322306361,298.1500105315368,100000.0,100000.00000008268
199.4,298.1500367755367,298.15003409868814,298.149968199015,298.15003213358386,298.1500104998245,100000.0,100000.00000008268
199.45000000000002,298.150036664799,298.15003399601085,298.14996829477343,298.1500320368239,298.1500104682076,100000.0,100000.00000008271
199.5,298.15003655439466,298.1500338936428,298.14996839024366,298.1500319403553,298.150010436686,100000.0,100000.00000008273
199.55,298.15003644432284,298.1500337915829,298.14996848542626,298.15003184417714,298.15001040525925,100000.0,100000.00000008274
199.60000000000002,298.15003633458247,298.15003368983037,298.14996858032237,298.1500317482886,298.1500103739271,100000.0,100000.00000008277
199.65,298.15003622517247,298.15003358838425,298.14996867493267,298.1500316526888,298.1500103426894,100000.0,100000.0000000828
199.70000000000002,298.150036116092,298.1500334872436,298.1499687692581,298.1500315573769,298.1500103115457,100000.0,100000.00000008283
199.75,298.15003600733996,298.1500333864075,298.1499688632995,298.150031462352,298.15001028049585,100000.0,100000.00000008283
199.8,298.1500358989154,298.150033285875,298.1499689570577,298.1500313676132,298.15001024953943,100000.0,100000.00000008286
199.85000000000002,298.15003579081736,298.15003318564527,298.1499690505336,298.1500312731597,298.15001021867624,100000.0,100000.00000008287
199.9,298.15003568304473,298.1500330857174,298.1499691437281,298.15003117899056,298.150010187906,100000.0,100000.00000008289
199.95000000000002,298.1500355755967,298.1500329860903,298.1499692366418,298.15003108510507,298.15001015722834,100000.0,100000.0000000829
200.0,298.1500354684722,298.15003288676326,298.14996932927585,298.1500309915022,298.15001012664317,100000.0,100000.00000008292
