time_s,T_2mm_K,T_4mm_K,T_7mm_K,T_interface_left_K,T_interface_right_K,energy_input_J_m2,energy_stored_J_m2
0.0,293.15,293.15,293.15,293.15,293.15,0.0,0.0
0.1,293.1921191395477,293.1526302252239,293.15000003166034,293.15115063683294,293.15021681267405,1000.0,1000.0000000000008
0.2,293.27238252198447,293.16152545164834,293.15000030644387,293.1557481988964,293.15116472818073,2000.0,2000.0000000000023
0.30000000000000004,293.37441345140775,293.1792504764053,293.1500015768602,293.16622530636727,293.15352052639366,3000.0,3000.000000000003
0.4,293.486300173123,293.2067749914871,293.1500057439872,293.18430971825734,293.15793535230176,4000.0,4000.000000000005
0.5,293.60155728782115,293.24387670405804,293.15001664056194,293.210772177674,293.16491270245433,5000.0,5000.000000000006
0.6000000000000001,293.717029879336,293.28969005424005,293.15004083820907,293.2455784048215,293.174769963609,6000.0,6000.000000000007
0.7000000000000001,293.8312989607458,293.3431017673815,293.1500883086966,293.28817148197925,293.18765393304955,7000.0,7000.000000000008
0.8,293.9438033033382,293.4029741749994,293.15017280964264,293.33772714493176,293.2035785035629,8000.0,8000.000000000009
0.9,294.05439454831924,293.4682518035214,293.1503119362802,293.3933326498338,293.2224648322345,9000.0,9000.00000000001
1.0,294.16311594495426,293.53800235335177,293.1505268516372,293.4540935223818,293.24417534367444,10000.0,10000.000000000011
1.1,294.2700925234576,293.61142451840294,293.15084175813,293.51918835054977,293.26853938358676,11000.0,11000.000000000013
1.2000000000000002,294.3754769268338,293.6878405582623,293.1512831981812,293.5878910533297,293.2953712287499,12000.0,12000.00000000001
1.3,294.47942334332856,293.7666828417524,293.1518792736764,293.6595747489313,293.32448206268526,13000.0,13000.000000000011
1.4000000000000001,294.58207572246437,293.8474788795354,293.1526588615864,293.73370622033644,293.355687542203,14000.0,14000.000000000013
1.5,294.68356322422846,293.9298369328427,293.1536508836541,293.80983625718324,293.38881229131624,15000.0,15000.000000000011
1.6,294.7839992563942,294.0134330598063,293.1548836675321,293.8875887722189,293.4236923239415,16000.0,16000.000000000013
1.7000000000000002,294.8834822055378,294.09799985801993,293.156384418677,293.9666501728419,293.46017610857086,17000.0,17000.000000000007
1.8,294.98209688183374,294.1833168776827,293.1581788082204,294.0467596660476,293.49812476745524,18000.0,18000.000000000007
1.9000000000000001,295.079916180037,294.26920255702987,293.16029067217283,294.12770074136256,293.5374117435687,19000.0,19000.000000000007
2.0,295.1770027140244,294.35550748982075,293.1627418112098,294.20929385399194,293.57792215738164,20000.0,20000.000000000007
2.1,295.2734103162577,294.44210883166636,293.16555187712356,294.29139022532354,293.6195519992697,21000.0,21000.000000000004
2.2,295.3691853627769,294.5289056664601,293.1687383310049,294.3738666358385,293.66220725181427,22000.0,22000.0
2.3000000000000003,295.46436791893893,294.61581517522325,293.1723164586043,294.4566210758625,293.70580300163135,23000.0,22999.999999999996
2.4000000000000004,295.55899271731147,294.7027694719271,293.1762994295568,294.5395691257035,293.75026257727666,24000.0,23999.999999999993
2.5,295.65308998566957,294.78971299181404,293.18069838881513,294.622640949575,293.79551673448447,25000.0,24999.999999999993
2.6,295.74668614467953,294.876600336415,293.18552257043814,294.7057788026334,293.8415028999547,26000.0,25999.99999999999
2.7,295.83980439410334,294.9633944955888,293.1907794256487,294.78893496517236,293.8881644783936,27000.0,26999.999999999985
2.8000000000000003,295.9324652045849,295.05006538057677,293.1964747586991,294.87207003146295,293.935450223374,28000.0,27999.999999999985
2.9000000000000004,296.0246867299601,295.1365886135295,293.20261286551283,294.95515149254794,293.983313670029,29000.0,28999.999999999978
3.0,296.116485152928,295.2229445284953,293.2091966712941,295.0381525624401,294.03171262610056,30000.0,29999.999999999978
3.1,296.20787497497633,295.3091173467649,293.21622786430953,295.12105120575524,294.0806087170724,31000.0,30999.999999999978
3.2,296.2988692597337,295.3950944959947,293.22370702387656,295.20382933200347,294.12996698078405,32000.0,31999.99999999997
3.3000000000000003,296.38947983743674,295.4808660479134,293.23163374124954,295.2864721277599,294.1797555068842,33000.0,32999.99999999997
3.4000000000000004,296.47971747693776,295.5664242538562,293.2400067326121,295.3689675029144,294.2299451166251,34000.0,33999.999999999956
3.5,296.56959203060796,295.6517631610229,293.2488239437814,295.45130563132625,294.2805090787553,35000.0,34999.999999999956
3.6,296.6591125566026,295.7368782953648,293.2580826465272,295.53347856962256,294.331422857576,36000.0,35999.99999999995
3.7,296.748287422203,295.8217663994813,293.267779526627,295.61547994069946,294.38266388956697,37000.0,36999.99999999994
3.8000000000000003,296.8371243913315,295.9064252159468,293.2779107639341,295.69730467081564,294.43421138532335,38000.0,37999.99999999995
3.9000000000000004,296.92563069881425,295.9908533081665,293.28847210483923,295.7789487710925,294.48604615387785,39000.0,38999.99999999994
4.0,297.0138131135402,296.07504991224374,293.29945892757655,295.8604091558237,294.53815044679396,40000.0,39999.99999999994
4.1000000000000005,297.10167799230186,296.15901481447986,293.3108663008561,295.94168349131104,294.5905078197028,41000.0,40999.99999999993
4.2,297.1892313258096,296.24274825006614,293.3226890363271,296.0227700700254,294.6431030092243,42000.0,41999.99999999993
4.3,297.2764787781239,296.3262508193037,293.3349217353698,296.1036677057891,294.6959218234495,43000.0,42999.99999999993
4.4,297.36342572054133,296.4095234183213,293.347558830705,296.1843756464161,294.74895104437775,44000.0,43999.99999999991
4.5,297.4500772608038,296.49256718179157,293.36059462328876,296.26489350085575,294.8021783408946,45000.0,44999.999999999905
4.6000000000000005,297.53643826835435,296.5753834355763,293.3740233149338,296.34522117839595,294.85559219104675,46000.0,45999.9999999999
4.7,297.62251339624703,296.65797365759454,293.3878390370735,296.4253588378949,294.90918181251993,47000.0,46999.99999999989
4.800000000000001,297.7083071002198,296.7403394454964,293.4020358760496,296.5053068453613,294.9629371003628,48000.0,47999.999999999876
4.9,297.7938236553555,296.8224824899785,293.4166078952808,296.5850657384854,295.0168485711125,49000.0,48999.99999999987
5.0,297.87906717068984,296.9044045527688,293.43154915463344,296.6646361969632,295.0709073125844,50000.0,49999.999999999854
5.1000000000000005,297.9640416020668,296.98610744848446,293.4468537272927,296.74401901765174,295.1251049386767,51000.0,50999.99999999984
5.2,298.0487507634951,297.0675930296968,293.4625157143995,296.82321509375396,295.1794335486216,52000.0,51999.999999999825
5.300000000000001,298.1331983372184,297.14886317465687,293.47852925769826,296.9022253973708,295.2338856901815,53000.0,52999.99999999981
5.4,298.21738788268067,297.22991977722495,293.49488855041386,296.9810509648647,295.2884543263532,54000.0,53999.9999999998
5.5,298.3013228445375,297.31076473862896,293.51158784655433,297.0596928845774,295.3431328051915,55000.0,54999.999999999796
5.6000000000000005,298.3850065598439,297.3913999607373,293.52862146881665,297.1381522865147,295.397914832414,56000.0,55999.999999999796
5.7,298.46844226452697,297.4718273405896,293.54598381525454,297.2164303336828,295.4527944464878,57000.0,56999.99999999978
5.800000000000001,298.55163309923677,297.5520487659676,293.56366936484955,297.2945282148059,295.5077659959327,58000.0,57999.99999999975
5.9,298.63458211465445,297.6320661118315,293.58167268211287,297.37244713820587,295.56282411861,59000.0,58999.99999999974
6.0,298.7172922763259,297.71188123746975,293.5999884208312,297.45018832665653,295.6179637227906,60000.0,59999.99999999972
6.1000000000000005,298.79976646907744,297.791495984243,293.6186113270574,297.527753013057,295.67317996981956,61000.0,60999.99999999972
6.2,298.8820075010648,297.87091217381794,293.63753624143567,297.60514243679614,295.72846825821756,62000.0,61999.999999999694
6.300000000000001,298.9640181074958,297.9501316068076,293.65675810094285,297.6823578406973,295.78382420907525,63000.0,62999.99999999968
6.4,299.0458009540657,298.0291560617466,293.676271940115,297.75940046845403,295.8392436526147,64000.0,63999.99999999968
6.5,299.12735864013496,298.1079872943442,293.6960728918254,297.8362715624789,295.89472261580374,65000.0,64999.999999999665
6.6000000000000005,299.2086937016781,298.18662703696447,293.7161561876678,297.9129723621025,295.9502573109251,66000.0,65999.99999999965
6.7,299.2898086140265,298.2650769982963,293.73651715799747,297.9895041020678,296.00584412500825,67000.0,66999.99999999964
6.800000000000001,299.37070579442695,298.3433388631755,293.7571512316722,298.06586801127554,296.06147961004643,68000.0,67999.9999999996
6.9,299.4513876044325,298.42141429253496,293.7780539355358,298.1420653117412,296.11716047392554,69000.0,68999.9999999996
7.0,299.5318563521431,298.4993049234569,293.7992208936763,298.21809721773263,296.1728835720026,70000.0,69999.99999999959
7.1000000000000005,299.6121142943086,298.57701236930944,293.82064782649195,298.2939649350604,296.2286458992753,71000.0,70999.99999999958
7.2,299.6921636383071,298.6545382199499,293.84233054959225,298.3696696604976,296.28444458309116,72000.0,71999.99999999953
7.300000000000001,299.77200654400946,298.7318840419835,293.86426497255815,298.4452125813113,296.34027687635165,73000.0,72999.99999999955
7.4,299.85164512553894,298.80905137906404,293.88644709758375,298.52059487488674,296.3961401511668,74000.0,73999.99999999953
7.5,299.931081452935,298.8860417522291,293.9088730180185,298.59581770843255,296.45203189292545,75000.0,74999.9999999995
7.6000000000000005,300.0103175537289,298.9628566602613,293.9315389168264,298.6708822387536,296.50794969474583,76000.0,75999.99999999949
7.7,300.08935541443765,299.03949758006894,293.9544410649792,298.7457896120823,296.56389125227525,77000.0,76999.99999999949
7.800000000000001,300.16819698198213,299.1159659670817,293.9775758197941,298.820540963959,296.6198543588133,78000.0,77999.99999999948
7.9,300.2468441650358,299.19226325565637,294.0009396232304,298.89513741915516,296.67583690073036,79000.0,78999.99999999946
8.0,300.32529883530776,299.2683908594886,294.02452900015373,298.96958009163166,296.7318368531615,80000.0,79999.99999999943
8.1,300.4035628287652,299.34435017202867,294.0483405565783,299.04387008452795,296.78785227595284,81000.0,80999.99999999943
8.200000000000001,300.48163794679965,299.42014256689845,294.07237097789346,299.1180084901776,296.8438813098427,82000.0,81999.99999999943
8.3,300.55952595734004,299.49576939830683,294.09661702708433,299.191996390145,296.89992217285936,83000.0,82999.9999999994
8.4,300.6372285959156,299.5712320014633,294.12107554294994,299.26583485528084,296.95597315692123,84000.0,83999.99999999942
8.5,300.7147475666735,299.64653169298697,294.1457434383258,299.33952494579415,297.0120326246227,85000.0,84999.99999999939
8.6,300.7920845433517,299.72166977131116,294.17061769831537,299.4130677113361,297.0680990061951,86000.0,85999.99999999937
8.700000000000001,300.8692411702106,299.7966475170816,294.195695378535,299.4864641910959,297.1241707966287,87000.0,86999.99999999937
8.8,300.94621906292684,299.87146619354866,294.2209736033745,299.55971541390545,297.180246552946,88000.0,87999.99999999935
8.9,301.0230198094495,299.94612704695203,294.2464495642778,299.6328223983516,297.23632489161594,89000.0,88999.99999999933
9.0,301.09964497082206,300.0206313068984,294.2721205180459,299.70578615289435,297.29240448609863,90000.0,89999.9999999993
9.1,301.1760960819716,300.09498018673077,294.29798378516364,299.77860767599026,297.34848406451425,91000.0,90999.9999999993
9.200000000000001,301.2523746524669,300.1691748838904,294.3240367481536,299.85128795622,297.4045624074259,92000.0,91999.99999999927
9.3,301.3284821672473,300.2432165802703,294.35027684995765,299.9238279724181,297.4606383457308,93000.0,92999.99999999927
9.4,301.40442008732305,300.31710644256054,294.3767015923467,299.99622869380573,297.5167107586523,94000.0,93999.99999999924
9.5,301.4801898504501,300.3908456225852,294.40330853436234,300.0684910801248,297.5727785718272,95000.0,94999.99999999924
9.600000000000001,301.5557928717782,300.46443525763135,294.43009529078813,300.1406160817726,297.62884075548146,96000.0,95999.99999999921
9.700000000000001,301.63123054447675,300.5378764707698,294.4570595306536,300.2126046399379,297.68489632269063,97000.0,96999.99999999921
9.8,301.7065042403359,300.6111703711673,294.4841989757696,300.28445768673606,297.74094432771875,98000.0,97999.99999999917
9.9,301.78161531034704,300.6843180543915,294.51151139929686,300.3561761453442,297.7969838644322,99000.0,98999.99999999917
10.0,301.856565085262,300.75732060270707,294.53899462434686,300.42776093013606,297.853014064783,100000.0,99999.99999999916
10.100000000000001,301.8892357365845,300.8275488601407,294.566646490955,300.4980623099826,297.90881728468514,100000.0,99999.9999999991
10.200000000000001,301.88360345284485,300.89136910723374,294.5944647066055,300.56478489365253,297.9638784378169,100000.0,99999.99999999913
10.3,301.85604620313904,300.94621759091274,294.6224464836855,300.62549694972927,298.0175199820621,100000.0,99999.9999999991
10.4,301.81847699716184,300.99112565105054,294.6505879306952,300.6784715996842,298.0690900428383,100000.0,99999.99999999907
10.5,301.77738247149716,301.0263166004145,294.6788832679213,300.7229389727447,298.1180844254329,100000.0,99999.99999999904
10.600000000000001,301.73591876231285,301.0526570071321,294.7073240190033,300.75893421301834,298.164185075187,100000.0,99999.99999999901
10.700000000000001,301.69550605969516,301.07126114266754,294.7358983485045,300.7870150946393,298.2072445560569,100000.0,99999.999999999
10.8,301.6567067791064,301.0832676611179,294.7645906750639,300.80800673046036,298.24724836456255,100000.0,99999.99999999898
10.9,301.61967045008356,301.0897330107031,294.79338161851933,300.82282270530817,298.2842747599602,100000.0,99999.99999999892
11.0,301.5843549784916,301.09159045492555,294.82224826864615,300.83235832692986,298.3184607600255,100000.0,99999.99999999892
11.100000000000001,301.55063647401516,301.08964225325764,294.85116471251126,300.83743583337343,298.34997648653274,100000.0,99999.9999999989
11.200000000000001,301.51836341868625,301.08456708918857,294.88010273283305,300.83878212436093,298.3790071543596,100000.0,99999.99999999886
11.3,301.4873827347901,301.07693352687096,294.90903258752957,300.83702489320086,298.4057410949404,100000.0,99999.99999999884
11.4,301.45755156917454,301.0672149787188,294.9379237931296,300.83269816134276,298.43036218887465,100000.0,99999.99999999882
11.5,301.4287418443966,301.0558040968735,294.96674585414644,300.8262519366011,298.4530453712002,100000.0,99999.99999999879
11.600000000000001,301.4008412217246,301.04302572706314,294.9954689010276,300.81806309680735,298.473954207911,100000.0,99999.99999999878
11.700000000000001,301.37375237043403,301.0291481662272,295.02406421737317,300.8084460183709,298.4932398305325,100000.0,99999.99999999875
11.8,301.34739152331616,301.01439274955277,295.05250465120434,300.7976622714347,298.51104073621406,100000.0,99999.99999999873
11.9,301.3216868159893,300.9989419152196,295.08076491492227,300.7859291370394,298.527483120067,100000.0,99999.99999999875
12.0,301.29657665264193,300.9829459370824,295.10882178471036,300.77342692407296,298.54268151772027,100000.0,99999.9999999987
12.100000000000001,301.27200820684516,300.9665285185091,295.1366542132937,300.760305168861,298.5567396122643,100000.0,99999.99999999869
12.200000000000001,301.2479360968272,300.94979142611203,295.1642433709919,300.7466878423493,298.5697511113274,100000.0,99999.99999999868
12.3,301.2243212399926,300.93281832105833,295.1915726296148,300.7326776994426,298.58180063464624,100000.0,99999.99999999866
12.4,301.2011298752807,300.9156779234015,295.2186275025167,300.7183598989558,298.5929645755821,100000.0,99999.9999999986
12.5,301.17833273541135,300.8984266239085,295.2453955524629,300.70380500977757,298.60331191532345,100000.0,99999.9999999986
12.600000000000001,301.15590434943726,300.8811106391861,295.27186627716287,300.68907150391755,298.6129049785617,100000.0,99999.99999999857
12.700000000000001,301.13382245676837,300.86376778978297,295.29803098055254,300.6742078223949,298.62180012593075,100000.0,99999.99999999854
12.8,301.1120675156077,300.8464289672712,295.3238826362904,300.6592540864795,298.6300483826469,100000.0,99999.99999999852
12.9,301.09062229085634,300.8291193448532,295.3494157484949,300.6442435149767,298.6376960053326,100000.0,99999.99999999849
13.0,301.06947150865136,300.8118593765021,295.3746262135336,300.6292035981068,298.6447849905018,100000.0,99999.99999999849
13.100000000000001,301.0486015666427,300.7946656217433,295.3995111856575,300.6141570699477,298.65135352897795,100000.0,99999.99999999849
13.200000000000001,301.0280002908377,300.7775514266542,295.42406894844646,300.5991227142177,298.65743641084646,100000.0,99999.99999999847
13.3,301.007656731325,300.7605274862764,295.4482987933743,300.58411603217746,298.66306538558297,100000.0,99999.99999999846
13.4,300.9875609904523,300.7436023091981,295.47220090628343,300.56914979645137,298.66826948185496,100000.0,99999.99999999841
13.5,300.9677040781023,300.7267826014091,295.4957762621639,300.55423451044163,298.6730752912395,100000.0,99999.9999999984
13.600000000000001,300.9480777896032,300.71007358352426,295.5190265283336,300.539378789598,298.67750721979013,100000.0,99999.99999999837
13.700000000000001,300.92867460255553,300.6934792529937,295.54195397589683,300.52458967798293,298.68158771104817,100000.0,99999.99999999834
13.8,300.9094875894825,300.67700260088077,295.5645613992057,300.50987291124295,298.68533744375475,100000.0,99999.99999999831
13.9,300.8905103437268,300.6606457911081,295.5868520429402,300.4952331351716,298.6887755071899,100000.0,99999.99999999828
14.0,300.8717369164473,300.644410308689,295.60882953636053,300.48067408746226,298.69191955675296,100000.0,99999.99999999825
14.100000000000001,300.8531617629294,300.6282970823249,295.63049783424333,300.4661987489328,298.69478595210853,100000.0,99999.99999999822
14.200000000000001,300.83477969671725,300.61230658580644,295.65186116400275,300.45180946942435,298.69738987996146,100000.0,99999.99999999821
14.3,300.81658585032443,300.59643892188666,295.6729239784938,300.4375080726762,298.69974546327956,100000.0,99999.99999999818
14.4,300.7985756414863,300.5806938916512,295.69369091401086,300.4232959437438,298.70186585857135,100000.0,99999.99999999817
14.5,300.7807447440862,300.5650710518904,295.7141667530131,300.40917410190923,298.70376334263364,100000.0,99999.99999999814
14.600000000000001,300.7630890630297,300.549569762538,295.7343563911338,300.3951432615336,298.70544939001144,100000.0,99999.99999999812
14.700000000000001,300.74560471246315,300.53418922588645,295.75426480806004,300.38120388287774,298.7069347422626,100000.0,99999.99999999808
14.8,300.72828799682395,300.5189285189932,295.77389704189704,300.36735621457507,298.7082294699869,100000.0,99999.99999999808
14.9,300.71113539430075,300.5037866204452,295.79325816666415,300.35360032915105,298.7093430284608,100000.0,99999.99999999805
15.0,300.6941435423422,300.4887624324494,295.81235327259753,300.3399361527488,298.71028430761646,100000.0,99999.99999999804
15.100000000000001,300.6773092249159,300.47385479905086,295.8311874489635,300.3263634900239,298.71106167701333,100000.0,99999.99999999802
15.200000000000001,300.660629361263,300.4590625211405,295.8497657691143,300.31288204500606,298.71168302637176,100000.0,99999.99999999798
15.3,300.64410099593556,300.4443843688009,295.8680932775429,300.2994914385953,298.71215580216756,100000.0,99999.99999999796
15.4,300.62772128993714,300.4298190914463,295.8861749787179,300.28619122324363,298.7124870407266,100000.0,99999.99999999793
15.5,300.611487512813,300.41536542613244,295.9040158275009,300.2729808952832,298.71268339820654,100000.0,99999.9999999979
15.600000000000001,300.59539703556254,300.40102210434975,295.92162072096914,300.25985990528477,298.7127511778032,100000.0,99999.9999999979
15.700000000000001,300.57944732426336,300.3867878575576,295.93899449148466,300.24682766676585,298.7126963544834,100000.0,99999.99999999788
15.8,300.563635934315,300.37266142167624,295.95614190086775,300.23388356351467,298.71252459750457,100000.0,99999.99999999788
15.9,300.5479605052228,300.358641540713,295.97306763554735,300.2210269557527,298.71224129095725,100000.0,99999.99999999785
16.0,300.5324187558538,300.34472696967197,295.98977630257525,300.20825718532126,298.7118515525327,100000.0,99999.99999999782
16.1,300.51700848010864,300.3309164768696,296.0062724264018,300.19557358004795,298.7113602506998,100000.0,99999.99999999783
16.2,300.5017275429576,300.31720884575816,296.0225604463251,300.1829754574219,298.7107720204505,100000.0,99999.9999999978
16.3,300.4865738768008,300.30360287634176,296.0386447145299,300.1704621276871,298.71009127775767,100000.0,99999.9999999978
16.400000000000002,300.47154547811357,300.29009738625643,296.05452949464814,300.15803289644504,298.7093222328706,100000.0,99999.99999999779
16.5,300.4566404043479,300.27669121157044,296.070218960775,300.1456870668429,298.7084689025626,100000.0,99999.99999999776
16.6,300.4418567710602,300.2633832073568,296.08571719688416,300.133423941411,298.70753512142835,100000.0,99999.99999999774
16.7,300.4271927492433,300.2501722480752,296.1010281965934,300.1212428236041,298.7065245523233,100000.0,99999.99999999773
16.8,300.41264656284125,300.23705722779937,296.1161558632338,300.1091430190913,298.70544069602215,100000.0,99999.9999999977
16.900000000000002,300.39821648642953,300.2240370603169,296.131104010184,300.09712383683353,298.704286900169,100000.0,99999.99999999769
17.0,300.3839008430444,300.21111067912466,296.14587636143335,300.08518458998003,298.7030663675835,100000.0,99999.99999999767
17.1,300.3696980021471,300.1982770373397,296.1604765523442,300.07332459661126,298.7017821639787,100000.0,99999.99999999764
17.2,300.3556063777122,300.18553510754174,296.1749081305827,300.0615431803512,298.7004372251427,100000.0,99999.99999999764
17.3,300.34162442642776,300.17288388156,296.18917455719634,300.0498396708692,298.699034363631,100000.0,99999.99999999763
17.400000000000002,300.3277506459987,300.1603223702163,296.20327920781426,300.0382134042863,298.6975762750092,100000.0,99999.99999999757
17.5,300.31398357354453,300.1478496030336,296.21722537395226,300.026663723502,298.6960655436863,100000.0,99999.99999999757
17.6,300.30032178408396,300.1354646279169,296.23101626440393,300.0151899784512,298.69450464836865,100000.0,99999.99999999754
17.7,300.28676388910003,300.12316651081414,296.2446550067039,300.0037915263036,298.69289596716936,100000.0,99999.99999999751
17.8,300.2733085351789,300.11095433536127,296.25814464864925,299.9924677316121,298.69124178239724,100000.0,99999.9999999975
17.900000000000002,300.25995440271777,300.0988272025164,296.2714881598671,299.98121796641965,298.6895442850524,100000.0,99999.9999999975
18.0,300.24670020469625,300.0867842301873,296.2846884334174,299.97004161032874,298.6878055790512,100000.0,99999.99999999745
18.1,300.2335446855077,300.0748245528535,296.29774828742313,299.95893805054055,298.6860276851993,100000.0,99999.99999999744
18.2,300.2204866198453,300.0629473211875,296.31067046671774,299.9479066818675,298.68421254493495,100000.0,99999.99999999741
18.3,300.2075248116404,300.05115170167574,296.3234576445044,299.9369469067235,298.68236202385606,100000.0,99999.99999999741
18.400000000000002,300.19465809304904,300.03943687624155,296.33611242401946,299.92605813509505,298.6804779150498,100000.0,99999.99999999738
18.5,300.18188532348415,300.0278020418712,296.3486373401953,299.91523978449635,298.67856194223657,100000.0,99999.99999999735
18.6,300.16920538869044,300.0162464102445,296.36103486131793,299.90449127991087,298.67661576274315,100000.0,99999.99999999734
18.7,300.15661719985894,300.0047692073704,296.373307390674,299.8938120537213,298.6746409703159,100000.0,99999.99999999732
18.8,300.14411969277967,299.9933696732285,296.38545726818484,299.8832015456302,298.6726390977855,100000.0,99999.99999999731
18.900000000000002,300.13171182703064,299.98204706141723,296.3974867720242,299.8726592025725,298.6706116195931,100000.0,99999.9999999973
19.0,300.11939258519897,299.9708006388085,296.40939812021577,299.8621844786221,298.6685599541869,100000.0,99999.99999999726
19.1,300.10716097213543,299.9596296852101,296.42119347220984,299.8517768348922,298.6664854662983,100000.0,99999.99999999724
19.200000000000003,300.0950160142381,299.9485334930348,296.4328749304358,299.84143573943186,298.6643894691045,100000.0,99999.99999999722
19.3,300.0829567587652,299.9375113669778,296.4444445418295,299.8311606671199,298.6622732262856,100000.0,99999.99999999722
19.400000000000002,300.0709822731745,299.92656262370116,296.4559042993345,299.8209510995546,298.660137953982,100000.0,99999.9999999972
19.5,300.05909164448906,299.91568659152665,296.4672561433746,299.8108065249432,298.6579848226593,100000.0,99999.99999999719
19.6,300.0472839786868,299.9048826101357,296.4785019632979,299.8007264379891,298.655814958885,100000.0,99999.99999999715
19.700000000000003,300.0355584001139,299.8941500302774,296.48964359879244,299.79071033977874,298.6536294470238,100000.0,99999.99999999715
19.8,300.0239140509202,299.88348821348404,296.50068284127013,299.7807577376679,298.6514293308542,100000.0,99999.99999999712
19.900000000000002,300.0123500905157,299.8728965317943,296.5116214352221,299.77086814516787,298.64921561511414,100000.0,99999.99999999709
20.0,300.00086569504674,299.862374367484,296.5224610795418,299.7610410818326,298.64698926697565,100000.0,99999.99999999708
20.1,299.9894600568924,299.85192111280367,296.5332034288189,299.751276073146,298.6447512174564,100000.0,99999.99999999703
20.200000000000003,299.97813238417876,299.84153616972407,296.543850094601,299.7415726504101,298.64250236276905,100000.0,99999.99999999702
20.3,299.9668819003101,299.8312189496885,296.5544026466257,299.7319303506346,298.6402435656132,100000.0,99999.999999997
20.400000000000002,299.9557078435182,299.8209688733719,296.56486261402137,299.72234871642775,298.6379756564119,100000.0,99999.99999999699
20.5,299.9446094664266,299.81078537044675,296.57523148647806,299.71282729588796,298.63569943449687,100000.0,99999.99999999696
20.6,299.9335860356307,299.80066787935624,296.58551071538784,299.70336564249794,298.63341566924396,100000.0,99999.99999999694
20.700000000000003,299.92263683129266,299.79061584709285,296.5957017149559,299.6939633150197,298.6311251011626,100000.0,99999.99999999694
20.8,299.91176114675034,299.7806287289844,296.6058058632817,299.68461987739164,298.62882844294035,100000.0,99999.99999999691
20.900000000000002,299.90095828813946,299.77070598848553,296.6158245034119,299.6753348986275,298.62652638044557,100000.0,99999.9999999969
21.0,299.89022757402967,299.7608470969753,296.6257589443635,299.6661079527167,298.62421957369037,100000.0,99999.99999999689
21.1,299.8795683350719,299.75105153356105,296.63561046212067,299.65693861852725,298.62190865775506,100000.0,99999.99999999686
21.200000000000003,299.8689799136588,299.74131878488754,296.6453803006023,299.6478264797102,298.6195942436765,100000.0,99999.99999999686
21.3,299.8584616635958,299.731648344952,296.65506967260376,299.63877112460585,298.617276919302,100000.0,99999.99999999683
21.400000000000002,299.84801294978377,299.7220397149241,296.6646797607115,299.6297721461524,298.6149572501106,100000.0,99999.99999999681
21.5,299.8376331479126,299.7124924029718,296.67421171819194,299.6208291417962,298.61263578000205,100000.0,99999.9999999968
21.6,299.8273216441638,299.7030059240917,296.6836666698549,299.61194171340406,298.61031303205704,100000.0,99999.99999999677
21.700000000000003,299.8170778349245,299.69357979994504,296.6930457128921,299.60310946717755,298.60798950926767,100000.0,99999.99999999677
21.8,299.8069011265097,299.6842135586974,296.7023499176918,299.5943320135694,298.60566569524144,100000.0,99999.99999999671
21.900000000000002,299.7967909348943,299.6749067348648,296.71158032862894,299.5856089672014,298.6033420548786,100000.0,99999.99999999671
22.0,299.78674668545386,299.6656588691625,296.7207379648331,299.5769399467847,298.60101903502454,100000.0,99999.99999999671
22.1,299.7767678127135,299.65646950835935,296.72982382093323,299.5683245750417,298.59869706509846,100000.0,99999.99999999668
22.200000000000003,299.76685376010494,299.64733820513646,296.7388388677805,299.55976247862975,298.596376557699,100000.0,99999.99999999667
22.3,299.7570039797321,299.6382645179492,296.7477840531497,299.55125328806713,298.59405790918754,100000.0,99999.99999999665
22.400000000000002,299.7472179321435,299.6292480108939,296.7566603024201,299.5427966376602,298.591741500251,100000.0,99999.99999999665
22.5,299.7374950861123,299.62028825357845,296.7654685192353,299.5343921654329,298.5894276964443,100000.0,99999.99999999662
22.6,299.7278349184232,299.6113848209966,296.77420958614414,299.52603951305764,298.58711684871315,100000.0,99999.9999999966
22.700000000000003,299.7182369136663,299.6025372934056,296.7828843652214,299.517738325788,298.5848092938983,100000.0,99999.99999999658
22.8,299.70870056403777,299.59374525620785,296.79149369867037,299.50948825239306,298.5825053552223,100000.0,99999.99999999658
22.900000000000002,299.699225369146,299.5850082998359,296.8000384094072,299.5012889450938,298.58020534275886,100000.0,99999.99999999657
23.0,299.68981083582486,299.5763260196409,296.80851930162714,299.4931400595002,298.5779095538856,100000.0,99999.99999999657
23.1,299.68045647795225,299.5676980157837,296.81693716135385,299.4850412545508,298.57561827372126,100000.0,99999.99999999654
23.200000000000003,299.67116181627443,299.55912389313033,296.825292756972,299.47699219245345,298.57333177554705,100000.0,99999.99999999654
23.3,299.6619263782359,299.55060326114915,296.83358683974336,299.4689925386274,298.57105032121456,100000.0,99999.99999999651
23.400000000000002,299.65274969781467,299.54213573381185,296.8418201443076,299.46104196164714,298.56877416153816,100000.0,99999.99999999648
23.5,299.64363131536254,299.53372092949724,296.8499933891667,299.4531401331875,298.56650353667476,100000.0,99999.99999999648
23.6,299.6345707774502,299.5253584708974,296.8581072771562,299.44528672797026,298.56423867649016,100000.0,99999.99999999645
23.700000000000003,299.6255676367177,299.5170479849271,296.8661624959002,299.4374814237119,298.5619798009131,100000.0,99999.99999999645
23.8,299.6166214517284,299.5087891026353,296.8741597182535,299.4297239010731,298.55972712027665,100000.0,99999.99999999642
23.900000000000002,299.60773178682894,299.50058145911976,296.8820996027296,299.42201384360897,298.55748083564873,100000.0,99999.99999999639
24.0,299.59889821201205,299.4924246934431,296.88998279391586,299.41435093772105,298.55524113915044,100000.0,99999.99999999639
24.1,299.5901203027844,299.48431844855304,296.89780992287547,299.4067348726101,298.55300821426437,100000.0,99999.99999999638
24.200000000000003,299.5813976400383,299.4762623712027,296.90558160753733,299.39916534023064,298.5507822361321,100000.0,99999.99999999636
24.3,299.57272980992707,299.4682561118751,296.9132984530736,299.3916420352461,298.5485633718415,100000.0,99999.99999999632
24.400000000000002,299.5641164037448,299.46029932470867,296.92096105226585,299.384164654985,298.54635178070487,100000.0,99999.99999999629
24.5,299.55555701780855,299.4523916674252,296.9285699858597,299.37673289939926,298.5441476145267,100000.0,99999.99999999627
24.6,299.54705125334567,299.4445328012598,296.9361258229084,299.36934647102225,298.54195101786365,100000.0,99999.99999999626
24.700000000000003,299.53859871638326,299.4367223908932,296.943629121106,299.3620050749288,298.5397621282748,100000.0,99999.99999999625
24.8,299.5301990176413,299.42896010438517,296.9510804271102,299.3547084186957,298.537581076564,100000.0,99999.99999999622
24.900000000000002,299.52185177242916,299.4212456131106,296.9584802768545,299.34745621236357,298.5354079870137,100000.0,99999.9999999962
25.0,299.51355660054537,299.4135785916969,296.96582919585205,299.3402481683995,298.5332429776116,100000.0,99999.99999999617
25.1,299.50531312617966,299.40595871796313,296.97312769948866,299.3330840016606,298.53108616026907,100000.0,99999.99999999616
25.200000000000003,299.4971209778182,299.3983856728614,296.9803762933076,299.3259634293582,298.5289376410324,100000.0,99999.99999999613
25.3,299.48897978815256,299.3908591404189,296.9875754732852,299.3188861710237,298.5267975202875,100000.0,99999.99999999613
25.400000000000002,299.48088919398947,299.3833788076827,296.99472572609784,299.3118519484743,298.52466589295676,100000.0,99999.99999999609
25.5,299.472848836165,299.37594436466463,297.0018275293813,299.30486048578064,298.52254284869053,100000.0,99999.9999999961
25.6,299.4648583594605,299.3685555042895,297.0088813519809,299.29791150923387,298.52042847205155,100000.0,99999.99999999607
25.700000000000003,299.4569174125206,299.3612119223428,297.0158876541953,299.2910047473148,298.51832284269295,100000.0,99999.99999999604
25.8,299.44902564777476,299.3539133174216,297.0228468880114,299.28413993066306,298.5162260355313,100000.0,99999.99999999601
25.900000000000002,299.4411827213595,299.3466593908852,297.0297594973328,299.2773167920475,298.51413812091295,100000.0,99999.999999996
26.0,299.4333882930444,299.3394498468082,297.0366259182012,299.27053506633644,298.5120591647752,100000.0,99999.99999999597
26.1,299.4256420261594,299.33228439193454,297.04344657901026,299.2637944904697,298.50998922880257,100000.0,99999.99999999595
26.200000000000003,299.4179435875242,299.3251627356325,297.0502219007137,299.25709480343073,298.5079283705767,100000.0,99999.99999999593
26.3,299.41029264738006,299.3180845898514,297.0569522970262,299.2504357462192,298.5058766437227,100000.0,99999.9999999959
26.400000000000002,299.40268887932325,299.3110496690789,297.06363817461863,299.2438170618247,298.50383409804977,100000.0,99999.9999999959
26.5,299.3951319602404,299.3040576902995,297.07027993330706,299.2372384952008,298.5018007796872,100000.0,99999.99999999588
26.6,299.38762157024564,299.297108372955,297.07687796623594,299.23069979323964,298.4997767312162,100000.0,99999.99999999587
26.700000000000003,299.38015739262005,299.29020143890466,297.08343266005545,299.2242007047473,298.49776199179706,100000.0,99999.99999999584
26.8,299.3727391137519,299.2833366123873,297.08994439509377,299.2177409804199,298.49575659729214,100000.0,99999.99999999581
26.900000000000002,299.3653664230793,299.27651361998426,297.09641354552366,299.21132037281933,298.4937605803849,100000.0,99999.9999999958
27.0,299.3580390130343,299.269732190583,297.10284047952416,299.2049386363509,298.4917739706952,100000.0,99999.99999999578
27.1,299.3507565789879,299.262992055342,297.1092255594373,299.19859552724034,298.48979679489,100000.0,99999.99999999575
27.200000000000003,299.34351881919787,299.256292947656,297.1155691419196,299.1922908035119,298.4878290767913,100000.0,99999.99999999575
27.3,299.33632543475676,299.2496346031231,297.12187157808967,299.1860242249668,298.48587083747964,100000.0,99999.99999999572
27.400000000000002,299.3291761295419,299.24301675951176,297.1281332136706,299.17979555316197,298.4839220953952,100000.0,99999.99999999569
27.5,299.322070610167,299.2364391567289,297.13435438912836,299.1736045513898,298.4819828664345,100000.0,99999.99999999566
27.6,299.31500858593427,299.22990153678916,297.14053543980555,299.16745098465753,298.48005316404465,100000.0,99999.99999999566
27.700000000000003,299.30798976878884,299.2234036437843,297.14667669605194,299.1613346196676,298.4781329993138,100000.0,99999.99999999563
27.8,299.3010138732737,299.21694522385405,297.1527784833497,299.1552552247987,298.47622238105936,100000.0,99999.99999999563
27.900000000000002,299.29408061648587,299.2105260251569,297.15884112243634,299.14921257008615,298.47432131591256,100000.0,99999.99999999562
28.0,299.2871897180343,299.20414579784256,297.16486492942244,299.14320642720423,298.4724298084009,100000.0,99999.99999999556
28.1,299.28034089999846,299.1978042940241,297.1708502159067,299.13723656944717,298.4705478610269,100000.0,99999.99999999555
28.200000000000003,299.2735338868879,299.1915012677513,297.17679728908746,299.131302771712,298.4686754743455,100000.0,99999.99999999555
28.3,299.2667684056031,299.185236474985,297.18270645187044,299.12540481048103,298.4668126470377,100000.0,99999.99999999552
28.400000000000002,299.26004418539776,299.17900967357093,297.1885780029733,299.1195424638047,298.4649593759825,100000.0,99999.9999999955
28.5,299.2533609578409,299.17282062321533,297.19441223702756,299.1137155112848,298.463115656326,100000.0,99999.99999999547
28.6,299.24671845678154,299.1666690854605,297.2002094446766,299.1079237340583,298.46128148154844,100000.0,99999.99999999546
28.700000000000003,299.2401164183126,299.1605548236613,297.2059699126713,299.10216691478144,298.45945684352927,100000.0,99999.99999999543
28.8,299.23355458073723,299.15447760296155,297.2116939239627,299.09644483761343,298.4576417326091,100000.0,99999.99999999543
28.900000000000002,299.22703268453506,299.1484371902718,297.2173817577916,299.0907572882016,298.45583613765075,100000.0,99999.99999999542
29.0,299.2205504723297,299.1424333542472,297.2230336897761,299.08510405366616,298.45404004609765,100000.0,99999.9999999954
29.1,299.21410768885687,299.1364658652656,297.2286499919955,299.07948492258515,298.45225344402996,100000.0,99999.99999999539
29.200000000000003,299.20770408093335,299.1305344954069,297.2342309330727,299.0738996849801,298.45047631621964,100000.0,99999.99999999537
29.3,299.2013393974271,299.12463901843176,297.23977677825366,299.06834813230176,298.44870864618315,100000.0,99999.99999999534
29.400000000000002,299.19501338922754,299.11877920976224,297.24528778948445,299.0628300574159,298.44695041623226,100000.0,99999.99999999533
29.5,299.18872580921686,299.1129548464613,297.250764225486,299.05734525458973,298.44520160752353,100000.0,99999.99999999531
29.6,299.1824764122422,299.1071657072141,297.25620634182735,299.0518935194784,298.4434622001062,100000.0,99999.99999999531
29.700000000000003,299.1762649550879,299.1014115723086,297.2616143909951,299.04647464911164,298.44173217296753,100000.0,99999.9999999953
29.8,299.17009119644956,299.09569222361756,297.26698862246275,299.04108844188085,298.44001150407826,100000.0,99999.99999999527
29.900000000000002,299.1639548969073,299.0900074445801,297.2723292827566,299.0357346975262,298.43830017043484,100000.0,99999.99999999526
30.0,299.1578558189008,299.08435702018426,297.2776366155202,299.03041321712413,298.4365981481012,100000.0,99999.99999999526
30.1,299.15179372670445,299.0787407369495,297.2829108615771,299.02512380307525,298.43490541224935,100000.0,99999.99999999523
30.200000000000003,299.14576838640295,299.0731583829099,297.2881522589913,299.01986625909166,298.43322193719746,100000.0,99999.99999999521
30.3,299.13977956586797,299.06760974759743,297.2933610431265,299.01464039018555,298.43154769644764,100000.0,99999.9999999952
30.400000000000002,299.133827034735,299.06209462202577,297.29853744670277,299.00944600265734,298.42988266272243,100000.0,99999.9999999952
30.5,299.1279105643807,299.05661279867434,297.30368169985263,299.0042829040838,298.42822680799947,100000.0,99999.99999999517
30.6,299.1220299279011,299.0511640714727,297.3087940301748,298.99915090330745,298.42658010354523,100000.0,99999.99999999515
30.700000000000003,299.1161849000898,299.0457482357854,297.31387466278636,298.99404981042454,298.4249425199478,100000.0,99999.99999999514
30.8,299.11037525741733,299.0403650883967,297.3189238203738,298.98897943677497,298.4233140271487,100000.0,99999.99999999511
30.900000000000002,299.10460077801014,299.035014427496,297.32394172324257,298.98393959493075,298.4216945944727,100000.0,99999.99999999511
31.0,299.0988612416311,299.02969605266355,297.32892858936464,298.9789300986858,298.4200841906575,100000.0,99999.9999999951
31.1,299.0931564296594,299.02440976485633,297.3338846344255,298.9739507630455,298.4184827838827,100000.0,99999.99999999508
31.200000000000003,299.08748612507156,299.019155366394,297.33881007186915,298.9690014042162,298.4168903417962,100000.0,99999.99999999504
31.3,299.08185011242244,299.01393266094533,297.3437051129421,298.96408183959517,298.4153068315417,100000.0,99999.99999999504
31.400000000000002,299.07624817782744,299.0087414535151,297.34856996673636,298.95919188776094,298.4137322197834,100000.0,99999.99999999502
31.5,299.07068010894363,299.00358155043085,297.35340484023084,298.9543313684627,298.4121664727314,100000.0,99999.999999995
31.6,299.0651456949532,298.99845275932995,297.3582099383313,298.9495001026117,298.4106095561652,100000.0,99999.999999995
31.700000000000003,299.05964472654523,298.9933548891471,297.36298546391026,298.9446979122708,298.4090614354565,100000.0,99999.99999999497
31.8,299.05417699589987,298.98828775010196,297.3677316178447,298.93992462064546,298.4075220755923,100000.0,99999.99999999494
31.900000000000002,299.0487422966707,298.983251153687,297.372448599053,298.9351800520745,298.40599144119517,100000.0,99999.99999999494
32.0,299.0433404239697,298.9782449126553,297.3771366045314,298.93046403202106,298.4044694965449,100000.0,99999.99999999489
32.1,299.03797117435084,298.97326884100954,297.3817958293886,298.92577638706325,298.4029562055979,100000.0,99999.99999999488
32.2,299.0326343457944,298.9683227539894,297.38642646688004,298.92111694488574,298.40145153200683,100000.0,99999.99999999486
32.300000000000004,299.0273297376924,298.9634064680611,297.391028708441,298.91648553427063,298.39995543913903,100000.0,99999.99999999485
32.4,299.0220571508332,298.95851980090595,297.3956027437189,298.91188198508905,298.39846789009465,100000.0,99999.99999999483
32.5,299.01681638738705,298.95366257140927,297.4001487606041,298.9073061282926,298.3969888477237,100000.0,99999.99999999482
32.6,299.0116072508921,298.94883459965,297.4046669452614,298.90275779590496,298.39551827464305,100000.0,99999.99999999479
32.7,299.0064295462399,298.94403570688974,297.4091574821585,298.8982368210136,298.3940561332523,100000.0,99999.99999999476
32.800000000000004,299.00128307966196,298.93926571556256,297.4136205540958,298.89374303776157,298.39260238574946,100000.0,99999.99999999475
32.9,298.9961676587163,298.9345244492646,297.4180563422341,298.8892762813396,298.391156994146,100000.0,99999.99999999473
33.0,298.9910830922739,298.92981173274427,297.4224650261217,298.884836387978,298.38971992028127,100000.0,99999.99999999473
33.1,298.9860291905063,298.9251273918919,297.4268467837216,298.88042319493866,298.3882911258363,100000.0,99999.9999999947
33.2,298.98100576487224,298.92047125373045,297.43120179143676,298.87603654050764,298.38687057234756,100000.0,99999.9999999947
33.300000000000004,298.97601262810554,298.91584314640556,297.43553022413573,298.87167626398724,298.3854582212195,100000.0,99999.99999999467
33.4,298.9710495942028,298.9112428991763,297.43983225517695,298.86734220568854,298.38405403373736,100000.0,99999.99999999467
33.5,298.96611647841115,298.90667034240556,297.4441080564329,298.863034206924,298.3826579710792,100000.0,99999.99999999464
33.6,298.9612130972167,298.90212530755144,297.44835779831317,298.8587521099997,298.3812699943273,100000.0,99999.99999999466
33.7,298.9563392683329,298.8976076271575,297.45258164978725,298.8544957582088,298.37989006447947,100000.0,99999.99999999463
33.800000000000004,298.9514948106886,298.8931171348446,297.4567797784066,298.85026499582335,298.3785181424599,100000.0,99999.99999999462
33.9,298.94667954441775,298.88865366530126,297.460952350326,298.84605966808806,298.3771541891294,100000.0,99999.99999999459
34.0,298.9418932908475,298.8842170542759,297.46509953032506,298.8418796212126,298.3757981652953,100000.0,99999.99999999459
34.1,298.93713587248783,298.8798071385677,297.46922148182796,298.83772470236516,298.37445003172144,100000.0,99999.99999999456
34.2,298.9324071130211,298.87542375601856,297.473318366924,298.8335947596651,298.37310974913703,100000.0,99999.99999999454
34.300000000000004,298.9277068372908,298.87106674550455,297.47739034638664,298.8294896421766,298.37177727824576,100000.0,99999.99999999451
34.4,298.9230348712922,298.866735946928,297.4814375796926,298.8254091999015,298.3704525797344,100000.0,99999.99999999451
34.5,298.91839104216155,298.862431201209,297.48546022504036,298.821353283773,298.369135614281,100000.0,99999.99999999447
34.6,298.91377517816636,298.8581523502782,297.48945843936804,298.8173217456489,298.36782634256286,100000.0,99999.99999999446
34.7,298.90918710869545,298.85389923706816,297.49343237837115,298.813314438305,298.36652472526407,100000.0,99999.99999999444
34.800000000000004,298.9046266642497,298.8496717055063,297.49738219651965,298.809331215429,298.36523072308313,100000.0,99999.99999999444
34.9,298.90009367643205,298.8454696005066,297.5013080470748,298.80537193161376,298.3639442967398,100000.0,99999.99999999443
35.0,298.8955879779385,298.8412927679628,297.5052100821053,298.80143644235136,298.3626654069818,100000.0,99999.9999999944
35.1,298.8911094025487,298.83714105474024,297.50908845250325,298.79752460402636,298.36139401459167,100000.0,99999.9999999944
35.2,298.886657785117,298.8330143086691,297.512943308,298.7936362739101,298.3601300803927,100000.0,99999.99999999438
35.300000000000004,298.88223296156355,298.82891237853676,297.51677479718103,298.78977131015455,298.35887356525535,100000.0,99999.99999999435
35.4,298.87783476886534,298.82483511408094,297.5205830675008,298.7859295717859,298.3576244301026,100000.0,99999.99999999435
35.5,298.87346304504786,298.8207823659824,297.52436826529754,298.78211091869895,298.35638263591574,100000.0,99999.99999999432
35.6,298.869117629176,298.8167539858579,297.5281305358071,298.7783152116509,298.3551481437399,100000.0,99999.99999999432
35.7,298.8647983613464,298.81274982625376,297.531870023177,298.77454231225585,298.3539209146887,100000.0,99999.99999999428
35.800000000000004,298.86050508267846,298.80876974063847,297.53558687047956,298.7707920829786,298.3527009099495,100000.0,99999.99999999427
35.9,298.85623763530657,298.80481358339625,297.5392812197257,298.76706438712904,298.35148809078817,100000.0,99999.99999999425
36.0,298.85199586237184,298.8008812098205,297.5429532118774,298.7633590888566,298.3502824185534,100000.0,99999.99999999424
36.1,298.84777960801443,298.7969724761069,297.5466029868604,298.75967605314435,298.349083854681,100000.0,99999.99999999421
36.2,298.8435887173654,298.793087239347,297.55023068357684,298.75601514580364,298.34789236069844,100000.0,99999.99999999421
36.300000000000004,298.8394230365391,298.78922535752224,297.5538364399169,298.7523762334684,298.3467078982281,100000.0,99999.9999999942
36.4,298.8352824126255,298.7853866894969,297.5574203927709,298.74875918358975,298.34553042899194,100000.0,99999.99999999418
36.5,298.83116669368286,298.7815710950121,297.5609826780407,298.7451638644304,298.34435991481445,100000.0,99999.99999999415
36.6,298.82707572873005,298.77777843467993,297.5645234306512,298.7415901450596,298.3431963176265,100000.0,99999.99999999415
36.7,298.82300936773936,298.7740085699767,297.5680427845611,298.73803789534753,298.3420395994685,100000.0,99999.99999999414
36.800000000000004,298.8189674616292,298.7702613632373,297.5715408727741,298.7345069859599,298.3408897224936,100000.0,99999.99999999412
36.9,298.814949862257,298.7665366776489,297.57501782734914,298.73099728835297,298.3397466489709,100000.0,99999.99999999409
37.0,298.810956422412,298.7628343772453,297.57847377941107,298.7275086747685,298.3386103412881,100000.0,99999.99999999406
37.1,298.80698699580876,298.7591543269009,297.58190885916054,298.724041018228,298.3374807619544,100000.0,99999.99999999403
37.2,298.8030414370795,298.7554963923245,297.5853231958845,298.72059419252815,298.3363578736031,100000.0,99999.99999999402
37.300000000000004,298.799119601768,298.75186044005426,297.58871691796503,298.71716807223567,298.3352416389942,100000.0,99999.99999999403
37.4,298.7952213463227,298.74824633745135,297.5920901528899,298.71376253268204,298.3341320210166,100000.0,99999.999999994
37.5,298.79134652808966,298.7446539526947,297.59544302726124,298.71037744995874,298.33302898269056,100000.0,99999.99999999399
37.6,298.7874950053068,298.7410831547752,297.59877566680507,298.7070127009124,298.33193248716975,100000.0,99999.99999999398
37.7,298.78366663709653,298.7375338134902,297.60208819638024,298.70366816313964,298.33084249774345,100000.0,99999.99999999396
37.800000000000004,298.77986128346004,298.73400579943814,297.60538073998714,298.70034371498247,298.3297589778382,100000.0,99999.99999999396
37.9,298.7760788052706,298.7304989840128,297.6086534207765,298.6970392355233,298.3286818910202,100000.0,99999.99999999393
38.0,298.7723190642673,298.7270132393984,297.6119063610578,298.69375460458025,298.32761120099633,100000.0,99999.99999999392
38.1,298.76858192304934,298.7235484385639,297.6151396823077,298.6904897027024,298.3265468716164,100000.0,99999.99999999389
38.2,298.76486724506924,298.7201044552579,297.6183535051782,298.68724441116507,298.32548886687454,100000.0,99999.99999999389
38.300000000000004,298.7611748946271,298.7166811640032,297.6215479495044,298.6840186119654,298.32443715091057,100000.0,99999.99999999386
38.400000000000006,298.7575047368647,298.71327844009204,297.62472313431294,298.68081218781737,298.3233916880114,100000.0,99999.99999999384
38.5,298.7538566377595,298.7098961595804,297.6278791778292,298.6776250221474,298.3223524426126,100000.0,99999.99999999383
38.6,298.7502304641187,298.70653419928357,297.631016197485,298.6744569990899,298.3213193792993,100000.0,99999.99999999377
38.7,298.74662608357363,298.70319243677045,297.6341343099265,298.6713080034824,298.3202924628077,100000.0,99999.99999999377
38.800000000000004,298.74304336457385,298.6998707503592,297.63723363102076,298.6681779208617,298.31927165802574,100000.0,99999.99999999374
38.900000000000006,298.73948217638144,298.69656901911173,297.64031427586383,298.66506663745884,298.3182569299945,100000.0,99999.99999999374
39.0,298.7359423890657,298.69328712282913,297.643376358787,298.6619740401949,298.31724824390886,100000.0,99999.99999999371
39.1,298.73242387349717,298.69002494204676,297.64641999336436,298.6589000166768,298.3162455651186,100000.0,99999.99999999371
39.2,298.7289265013424,298.6867823580294,297.6494452924194,298.6558444551927,298.3152488591291,100000.0,99999.99999999366
39.300000000000004,298.7254501450585,298.68355925276654,297.65245236803145,298.6528072447079,298.3142580916021,100000.0,99999.99999999366
39.400000000000006,298.72199467788766,298.6803555089675,297.655441331543,298.64978827486044,298.3132732283565,100000.0,99999.99999999364
39.5,298.7185599738518,298.6771710100569,297.65841229356545,298.64678743595687,298.31229423536865,100000.0,99999.99999999363
39.6,298.71514590774746,298.67400564017,297.66136536398596,298.64380461896815,298.3113210787736,100000.0,99999.9999999936
39.7,298.7117523551401,298.6708592841478,297.6643006519737,298.6408397155255,298.3103537248648,100000.0,99999.99999999358
39.800000000000004,298.70837919235964,298.667731827533,297.6672182659858,298.6378926179159,298.3093921400955,100000.0,99999.99999999357
39.900000000000006,298.7050262964947,298.6646231565651,297.67011831377374,298.6349632190785,298.3084362910783,100000.0,99999.99999999354
40.0,298.7016935453878,298.66153315817576,297.6730009023893,298.6320514126002,298.30748614458605,100000.0,99999.99999999354
40.1,298.6983808176302,298.65846171998476,297.6758661381899,298.62915709271164,298.30654166755215,100000.0,99999.99999999352
40.2,298.6950879925572,298.6554087302954,297.67871412684565,298.62628015428317,298.3056028270707,100000.0,99999.99999999352
40.300000000000004,298.6918149502427,298.65237407808996,297.68154497334365,298.6234204928211,298.3046695903969,100000.0,99999.99999999348
40.400000000000006,298.68856157149474,298.64935765302556,297.68435878199466,298.62057800446325,298.3037419249469,100000.0,99999.99999999347
40.5,298.68532773785034,298.6463593454297,297.6871556564382,298.61775258597567,298.3028197982987,100000.0,99999.99999999345
40.6,298.6821133315709,298.64337904629605,297.6899356996483,298.6149441347481,298.3019031781915,100000.0,99999.99999999344
40.7,298.67891823563735,298.6404166472803,297.6926990139384,298.6121525487903,298.3009920325262,100000.0,99999.99999999345
40.800000000000004,298.6757423337454,298.63747204069557,297.6954457009672,298.60937772672844,298.30008632936557,100000.0,99999.99999999342
40.900000000000006,298.6725855103009,298.63454511950886,297.69817586174383,298.60661956780103,298.2991860369339,100000.0,99999.99999999341
41.0,298.66944765041507,298.6316357773361,297.70088959663263,298.60387797185524,298.2982911236173,100000.0,99999.9999999934
41.1,298.66632863990014,298.628743908439,297.70358700535866,298.6011528393428,298.29740155796355,100000.0,99999.99999999338
41.2,298.66322836526456,298.62586940771985,297.7062681870126,298.59844407131686,298.29651730868216,100000.0,99999.99999999336
41.300000000000004,298.6601467137085,298.6230121707186,297.70893324005556,298.59575156942776,298.295638344644,100000.0,99999.99999999335
41.400000000000006,298.6570835731196,298.62017209360783,297.71158226232416,298.5930752359195,298.2947646348815,100000.0,99999.99999999332
41.5,298.6540388320682,298.6173490731896,297.71421535103536,298.5904149736262,298.2938961485883,100000.0,99999.9999999933
41.6,298.6510123798029,298.61454300689076,297.7168326027911,298.5877706859682,298.2930328551192,100000.0,99999.9999999933
41.7,298.6480041062466,298.6117537927596,297.71943411358313,298.58514227694866,298.29217472398966,100000.0,99999.99999999328
41.800000000000004,298.645013901992,298.6089813294617,297.72201997879745,298.58252965114997,298.29132172487624,100000.0,99999.99999999325
41.900000000000006,298.6420416582967,298.6062255162759,297.7245902932191,298.5799327137299,298.2904738276156,100000.0,99999.99999999325
42.0,298.63908726707996,298.60348625309075,297.72714515103655,298.5773513704185,298.2896310022046,100000.0,99999.99999999325
42.1,298.63615062091765,298.60076344040056,297.7296846458463,298.5747855275141,298.28879321880015,100000.0,99999.99999999325
42.2,298.6332316130384,298.59805697930153,297.7322088706573,298.5722350918803,298.2879604477185,100000.0,99999.9999999932
42.300000000000004,298.63033013731933,298.5953667714883,297.73471791789495,298.56969997094217,298.2871326594354,100000.0,99999.99999999319
42.400000000000006,298.627446088282,298.59269271924967,297.73721187940595,298.5671800726828,298.2863098245853,100000.0,99999.99999999319
42.5,298.6245793610883,298.59003472546544,297.73969084646205,298.56467530564,298.2854919139614,100000.0,99999.99999999316
42.6,298.6217298515362,298.5873926936024,297.7421549097646,298.5621855789029,298.28467889851476,100000.0,99999.99999999315
42.7,298.61889745605595,298.58476652771094,297.7446041594486,298.55971080210855,298.2838707493545,100000.0,99999.99999999313
42.800000000000004,298.6160820717058,298.582156132421,297.7470386850867,298.5572508854386,298.28306743774704,100000.0,99999.99999999313
42.900000000000006,298.61328359616857,298.579561412939,297.7494585756934,298.55480573961574,298.28226893511555,100000.0,99999.99999999312
43.0,298.610501927747,298.57698227504375,297.7518639197289,298.5523752759006,298.2814752130399,100000.0,99999.9999999931
43.1,298.6077369653601,298.57441862508335,297.7542548051034,298.5499594060886,298.28068624325596,100000.0,99999.99999999309
43.2,298.6049886085397,298.5718703699713,297.75663131918054,298.54755804250624,298.27990199765503,100000.0,99999.99999999307
43.300000000000004,298.60225675742595,298.5693374171833,297.75899354878163,298.5451710980084,298.2791224482836,100000.0,99999.99999999306
43.400000000000006,298.5995413127637,298.56681967475356,297.7613415801893,298.5427984859745,298.27834756734296,100000.0,99999.99999999304
43.5,298.5968421758989,298.56431705127136,297.76367549915153,298.54044012030596,298.2775773271881,100000.0,99999.99999999304
43.6,298.5941592487748,298.5618294558777,297.7659953908851,298.5380959154224,298.276811700328,100000.0,99999.99999999303
43.7,298.5914924339279,298.559356798262,297.7683013400795,298.53576578625893,298.27605065942436,100000.0,99999.99999999299
43.800000000000004,298.5888416344844,298.55689898865853,297.77059343090053,298.53344964826266,298.27529417729176,100000.0,99999.99999999299
43.900000000000006,298.5862067541568,298.55445593784293,297.7728717469939,298.53114741739,298.2745422268964,100000.0,99999.99999999297
44.0,298.58358769723975,298.55202755712935,297.7751363714891,298.5288590101032,298.27379478135634,100000.0,99999.99999999293
44.1,298.5809843686068,298.54961375836655,297.77738738700236,298.52658434336723,298.2730518139402,100000.0,99999.99999999293
44.2,298.57839667370644,298.5472144539352,297.77962487564093,298.524323334647,298.27231329806693,100000.0,99999.9999999929
44.300000000000004,298.575824518559,298.5448295567441,297.78184891900594,298.52207590190426,298.2715792073055,100000.0,99999.99999999288
44.400000000000006,298.57326780975256,298.54245898022725,297.78405959819634,298.5198419635944,298.27084951537364,100000.0,99999.99999999286
44.5,298.5707264544398,298.5401026383404,297.78625699381166,298.5176214386635,298.2701241961381,100000.0,99999.99999999286
44.6,298.5682003603344,298.5377604455582,297.78844118595634,298.51541424654556,298.26940322361327,100000.0,99999.99999999283
44.7,298.56568943570744,298.5354323168706,297.7906122542422,298.51322030715926,298.26868657196104,100000.0,99999.99999999283
44.800000000000004,298.5631935893839,298.53311816778,297.79277027779233,298.511039540905,298.2679742154901,100000.0,99999.99999999281
44.900000000000006,298.56071273073974,298.5308179142978,297.794915335244,298.5088718686624,298.2672661286552,100000.0,99999.99999999281
45.0,298.55824676969775,298.52853147294184,297.79704750475224,298.50671721178696,298.26656228605674,100000.0,99999.99999999278
45.1,298.5557956167246,298.5262587607325,297.7991668639928,298.5045754921072,298.26586266244,100000.0,99999.99999999277
45.2,298.55335918282753,298.52399969519035,297.80127349016556,298.502446631922,298.2651672326945,100000.0,99999.99999999275
45.300000000000004,298.55093737955065,298.52175419433274,297.8033674599975,298.5003305539975,298.2644759718536,100000.0,99999.99999999275
45.400000000000006,298.54853011897217,298.51952217667093,297.80544884974597,298.4982271815647,298.2637888550935,100000.0,99999.99999999274
45.5,298.54613731370046,298.51730356120675,297.80751773520194,298.496136438316,298.26310585773297,100000.0,99999.99999999272
45.6,298.54375887687127,298.51509826742995,297.8095741916926,298.49405824840295,298.26242695523223,100000.0,99999.99999999271
45.7,298.54139472214445,298.51290621531507,297.81161829408495,298.4919925364333,298.26175212319305,100000.0,99999.99999999268
45.800000000000004,298.5390447637004,298.5107273253186,297.8136501167886,298.48993922746797,298.2610813373572,100000.0,99999.99999999268
45.900000000000006,298.5367089162372,298.5085615183759,297.8156697337587,298.4878982470188,298.2604145736068,100000.0,99999.99999999267
46.0,298.5343870949672,298.50640871589843,297.81767721849894,298.48586952104546,298.2597518079626,100000.0,99999.99999999264
46.1,298.532079215614,298.5042688397705,297.8196726440647,298.48385297595274,298.25909301658413,100000.0,99999.99999999262
46.2,298.5297851944092,298.5021418123468,297.82165608306576,298.481848538588,298.25843817576884,100000.0,99999.9999999926
46.300000000000004,298.5275049480896,298.5000275564495,297.82362760766915,298.47985613623854,298.2577872619512,100000.0,99999.9999999926
46.400000000000006,298.5252383938936,298.49792599536505,297.82558728960225,298.47787569662876,298.25714025170237,100000.0,99999.99999999258
46.5,298.5229854495584,298.49583705284186,297.8275352001556,298.4759071479176,298.25649712172924,100000.0,99999.99999999255
46.6,298.5207460333171,298.49376065308695,297.8294714101853,298.4739504186959,298.255857848874,100000.0,99999.99999999253
46.7,298.51852006389515,298.4916967207637,297.8313959901167,298.47200543798374,298.2552224101134,100000.0,99999.99999999252
46.800000000000004,298.5163074605082,298.4896451809884,297.8333090099461,298.47007213522807,298.2545907825581,100000.0,99999.9999999925
46.900000000000006,298.51410814285805,298.48760595932856,297.8352105392444,298.4681504402997,298.25396294345194,100000.0,99999.99999999248
47.0,298.51192203113044,298.4855789817989,297.8371006471593,298.46624028349135,298.2533388701713,100000.0,99999.99999999248
47.1,298.50974904599195,298.4835641748595,297.8389794024183,298.4643415955144,298.25271854022463,100000.0,99999.99999999246
47.2,298.5075891085868,298.48156146541294,297.84084687333126,298.4624543074969,298.25210193125133,100000.0,99999.99999999245
47.300000000000004,298.50544214053406,298.4795707808014,297.842703127793,298.46057835098077,298.2514890210216,100000.0,99999.99999999243
47.400000000000006,298.50330806392503,298.4775920488041,297.8445482332861,298.4587136579195,298.25087978743545,100000.0,99999.99999999242
47.5,298.50118680132005,298.47562519763477,297.84638225688354,298.4568601606754,298.25027420852217,100000.0,99999.99999999239
47.6,298.4990782757455,298.47367015593886,297.84820526525107,298.4550177920175,298.2496722624395,100000.0,99999.99999999237
47.7,298.49698241069143,298.47172685279094,297.85001732465,298.45318648511864,298.24907392747326,100000.0,99999.99999999235
47.800000000000004,298.49489913010837,298.4697952176922,297.8518185009399,298.45136617355354,298.2484791820365,100000.0,99999.99999999233
47.900000000000006,298.4928283584046,298.4678751805677,297.8536088595806,298.44955679129583,298.24788800466854,100000.0,99999.99999999232
48.0,298.4907700204436,298.46596667176414,297.85538846563543,298.44775827271616,298.24730037403515,100000.0,99999.99999999229
48.1,298.48872404154076,298.4640696220468,297.85715738377314,298.4459705525794,298.246716268927,100000.0,99999.99999999229
48.2,298.48669034746126,298.46218396259735,297.85891567827076,298.4441935660425,298.2461356682593,100000.0,99999.99999999226
48.300000000000004,298.48466886441673,298.4603096250113,297.8606634130158,298.44242724865205,298.2455585510715,100000.0,99999.99999999223
48.400000000000006,298.48265951906313,298.4584465412954,297.86240065150906,298.44067153634194,298.2449848965261,100000.0,99999.99999999223
48.5,298.48066223849753,298.45659464386534,297.8641274568665,298.43892636543103,298.2444146839083,100000.0,99999.99999999221
48.6,298.4786769502557,298.45475386554295,297.8658438918224,298.43719167262077,298.2438478926251,100000.0,99999.9999999922
48.7,298.4767035823095,298.45292413955406,297.86755001873087,298.4354673949929,298.2432845022052,100000.0,99999.9999999922
48.800000000000004,298.47474206306396,298.45110539952583,297.86924589956914,298.4337534700074,298.2427244922975,100000.0,99999.99999999216
48.900000000000006,298.472792321355,298.44929757948455,297.87093159593906,298.4320498354997,298.2421678426713,100000.0,99999.99999999216
49.0,298.4708542864464,298.44750061385287,297.8726071690703,298.430356429679,298.24161453321494,100000.0,99999.99999999213
49.1,298.4689278880277,298.445714437448,297.87427267982184,298.42867319112565,298.2410645439357,100000.0,99999.99999999214
49.2,298.4670130562112,298.44393898547855,297.87592818868495,298.42700005878896,298.24051785495874,100000.0,99999.99999999208
49.300000000000004,298.4651097215296,298.442174193543,297.8775737557852,298.42533697198496,298.23997444652673,100000.0,99999.99999999207
49.400000000000006,298.4632178149333,298.44041999762646,297.87920944088444,298.4236838703945,298.2394342989992,100000.0,99999.99999999205
49.5,298.46133726778817,298.4386763340991,297.88083530338383,298.42204069406046,298.2388973928516,100000.0,99999.99999999204
49.6,298.45946801187256,298.43694313971355,297.8824514023253,298.42040738338625,298.238363708675,100000.0,99999.99999999203
49.7,298.45760997937543,298.4352203516023,297.88405779639413,298.4187838791331,298.2378332271754,100000.0,99999.99999999201
49.800000000000004,298.4557631028933,298.43350790727595,297.8856545439213,298.41717012241816,298.23730592917275,100000.0,99999.99999999201
49.900000000000006,298.4539273154279,298.43180574462053,297.8872417028854,298.4155660547122,298.2367817956009,100000.0,99999.999999992
50.0,298.4521025503839,298.43011380189523,297.8888193309149,298.41397161783783,298.2362608075065,100000.0,99999.99999999197
50.1,298.4502887415666,298.4284320177304,297.8903874852903,298.4123867539669,298.2357429460484,100000.0,99999.99999999197
50.2,298.44848582317894,298.4267603311252,297.89194622294656,298.4108114056188,298.2352281924974,100000.0,99999.99999999194
50.300000000000004,298.44669372981963,298.42509868144526,297.89349560047486,298.409245515658,298.2347165282352,100000.0,99999.99999999194
50.400000000000006,298.4449123964805,298.4234470084207,297.8950356741248,298.4076890272924,298.23420793475407,100000.0,99999.99999999192
50.5,298.44314175854436,298.42180525214354,297.8965664998067,298.4061418840709,298.233702393656,100000.0,99999.99999999191
50.6,298.44138175178216,298.42017335306605,297.89808813309344,298.40460402988145,298.2331998866522,100000.0,99999.99999999188
50.7,298.43963231235114,298.41855125199817,297.89960062922273,298.40307540894923,298.2327003955625,100000.0,99999.99999999185
50.800000000000004,298.43789337679243,298.4169388901055,297.90110404309917,298.4015559658341,298.2322039023148,100000.0,99999.99999999182
50.900000000000006,298.4361648820283,298.4153362089071,297.9025984292962,298.40004564542943,298.23171038894424,100000.0,99999.99999999185
51.0,298.43444676536046,298.4137431502735,297.90408384205796,298.39854439295897,298.2312198375928,100000.0,99999.99999999184
51.1,298.4327389644672,298.41215965642425,297.90556033530197,298.397052153976,298.2307322305085,100000.0,99999.9999999918
51.2,298.4310414174016,298.4105856699264,297.90702796262013,298.3955688743605,298.2302475500452,100000.0,99999.99999999179
51.300000000000004,298.42935406258914,298.4090211336917,297.9084867772818,298.3940945003176,298.2297657786614,100000.0,99999.99999999176
51.400000000000006,298.42767683882494,298.4074659909752,297.90993683223496,298.3926289783755,298.22928689892,100000.0,99999.99999999173
51.5,298.42600968527233,298.4059201853725,297.91137818010856,298.3911722553837,298.22881089348795,100000.0,99999.99999999173
51.6,298.4243525414601,298.4043836608184,297.91281087321437,298.38972427851087,298.22833774513504,100000.0,99999.9999999917
51.7,298.4227053472806,298.4028563615843,297.914234963549,298.3882849952427,298.2278674367338,100000.0,99999.99999999168
51.800000000000004,298.4210680429872,298.40133823227643,297.91565050279564,298.38685435338067,298.22739995125863,100000.0,99999.99999999168
51.900000000000006,298.4194405691924,298.3998292178338,297.91705754232635,298.38543230103954,298.2269352717856,100000.0,99999.99999999166
52.0,298.41782286686555,298.3983292635262,297.91845613320345,298.38401878664575,298.22647338149113,100000.0,99999.99999999163
52.1,298.41621487733073,298.3968383149522,297.91984632618187,298.3826137589354,298.2260142636525,100000.0,99999.99999999162
52.2,298.4146165422646,298.39535631803716,297.9212281717108,298.38121716695264,298.225557901646,100000.0,99999.99999999162
52.300000000000004,298.41302780369415,298.3938832190311,297.9226017199356,298.37982896004746,298.2251042789475,100000.0,99999.99999999162
52.400000000000006,298.4114486039949,298.3924189645072,297.9239670206996,298.3784490878741,298.2246533791314,100000.0,99999.9999999916
52.5,298.4098788858886,298.39096350135935,297.92532412354603,298.3770775003892,298.2242051858695,100000.0,99999.99999999157
52.6,298.4083185924409,298.3895167768005,297.9266730777199,298.3757141478498,298.2237596829316,100000.0,99999.99999999159
52.7,298.40676766705974,298.3880787383608,297.9280139321696,298.3743589808119,298.223316854184,100000.0,99999.99999999155
52.800000000000004,298.40522605349304,298.3866493338852,297.9293467355491,298.37301195012816,298.2228766835894,100000.0,99999.99999999153
52.900000000000006,298.40369369582663,298.3852285115324,297.93067153621905,298.3716730069466,298.2224391552061,100000.0,99999.99999999152
53.0,298.4021705384823,298.3838162197721,297.93198838224936,298.3703421027086,298.22200425318744,100000.0,99999.99999999149
53.1,298.4006565262158,298.38241240738364,297.93329732142047,298.369019189147,298.2215719617817,100000.0,99999.99999999147
53.2,298.39915160411465,298.38101702345415,297.9345984012254,298.3677042182846,298.2211422653308,100000.0,99999.99999999146
53.300000000000004,298.3976557175964,298.3796300173763,297.93589166887114,298.3663971424323,298.2207151482705,100000.0,99999.99999999144
53.400000000000006,298.39616881240636,298.3782513388469,297.9371771712807,298.36509791418746,298.22029059512926,100000.0,99999.99999999143
53.5,298.39469083461586,298.3768809378648,297.9384549550948,298.36380648643194,298.2198685905281,100000.0,99999.99999999141
53.6,298.3932217306202,298.3755187647293,297.9397250666734,298.3625228123306,298.2194491191798,100000.0,99999.9999999914
53.7,298.39176144713656,298.37416477003796,297.9409875520977,298.36124684532973,298.2190321658885,100000.0,99999.99999999137
53.800000000000004,298.3903099312025,298.3728189046852,297.94224245717135,298.3599785391549,298.2186177155492,100000.0,99999.99999999139
53.900000000000006,298.3888671301734,298.3714811198604,297.9434898274228,298.3587178478099,298.21820575314706,100000.0,99999.99999999136
54.0,298.3874329917211,298.37015136704593,297.94472970810637,298.35746472557423,298.2177962637571,100000.0,99999.99999999133
54.1,298.38600746383156,298.3688295980158,297.9459621442044,298.3562191270024,298.2173892325435,100000.0,99999.99999999131
54.2,298.3845904948033,298.36751576483334,297.9471871804283,298.3549810069217,298.216984644759,100000.0,99999.9999999913
54.300000000000004,298.3831820332456,298.36620981985016,297.94840486122087,298.35375032043055,298.2165824857447,100000.0,99999.99999999127
54.400000000000006,298.3817820280759,298.36491171570356,297.94961523075744,298.3525270228971,298.21618274092936,100000.0,99999.99999999127
54.5,298.3803904285191,298.3636214053157,297.9508183329478,298.3513110699575,298.2157853958287,100000.0,99999.99999999125
54.6,298.3790071841046,298.36233884189124,297.95201421143753,298.3501024175142,298.21539043604514,100000.0,99999.99999999124
54.7,298.37763224466516,298.3610639789159,297.9532029096098,298.3489010217348,298.21499784726734,100000.0,99999.99999999123
54.800000000000004,298.3762655603348,298.35979677015484,297.9543844705869,298.3477068390495,298.2146076152694,100000.0,99999.99999999121
54.900000000000006,298.3749070815471,298.35853716965073,297.9555589372318,298.34651982615065,298.21421972591065,100000.0,99999.99999999118
55.0,298.37355675903336,298.35728513172234,297.95672635214976,298.34533993999054,298.21383416513487,100000.0,99999.99999999118
55.1,298.37221454382075,298.35604061096274,297.95788675768995,298.34416713777966,298.2134509189702,100000.0,99999.99999999118
55.2,298.3708803872305,298.35480356223763,297.9590401959466,298.3430013769858,298.2130699735281,100000.0,99999.99999999117
55.300000000000004,298.36955424087637,298.353573940684,297.9601867087613,298.3418426153321,298.21269131500327,100000.0,99999.99999999115
55.400000000000006,298.3682360566627,298.3523517017078,297.9613263377238,298.3406908107952,298.21231492967314,100000.0,99999.99999999111
55.5,298.3669257867825,298.3511368009832,297.96245912417385,298.33954592160455,298.21194080389716,100000.0,99999.99999999111
55.6,298.3656233837161,298.34992919445034,297.96358510920277,298.3384079062401,298.2115689241164,100000.0,99999.99999999108
55.7,298.36432880022926,298.34872883831406,297.9647043336549,298.3372767234313,298.21119927685334,100000.0,99999.99999999108
55.800000000000004,298.36304198937125,298.347535689042,297.96581683812883,298.3361523321551,298.2108318487108,100000.0,99999.99999999107
55.900000000000006,298.3617629044735,298.34634970336344,297.9669226629794,298.3350346916353,298.21046662637207,100000.0,99999.99999999105
56.0,298.36049149914743,298.34517083826745,297.9680218483187,298.3339237613401,298.2101035966,100000.0,99999.99999999102
56.1,298.3592277272834,298.3439990510012,297.9691144340178,298.3328195009812,298.20974274623694,100000.0,99999.99999999102
56.2,298.3579715430484,298.3428342990689,297.970200459708,298.33172187051224,298.20938406220387,100000.0,99999.999999991
56.300000000000004,298.35672290088485,298.3416765402296,297.9712799647826,298.3306308301273,298.20902753150017,100000.0,99999.99999999098
56.400000000000006,298.3554817555088,298.34052573249636,297.972352988398,298.3295463402595,298.2086731412029,100000.0,99999.99999999098
56.5,298.35424806190804,298.33938183413403,297.9734195694753,298.3284683615796,298.20832087846685,100000.0,99999.99999999095
56.6,298.35302177534084,298.33824480365826,297.9744797467018,298.3273968549943,298.20797073052364,100000.0,99999.99999999093
56.7,298.35180285133407,298.33711459983385,297.97553355853205,298.32633178164525,298.20762268468116,100000.0,99999.99999999092
56.800000000000004,298.3505912456818,298.3359911816731,297.97658104318987,298.3252731029072,298.2072767283236,100000.0,99999.99999999092
56.900000000000006,298.3493869144435,298.3348745084344,297.9776222386691,298.3242207803871,298.2069328489107,100000.0,99999.9999999909
57.0,298.34818981394244,298.3337645396209,297.97865718273533,298.3231747759223,298.2065910339772,100000.0,99999.99999999088
57.1,298.3469999007644,298.332661234979,297.97968591292727,298.32213505157927,298.20625127113266,100000.0,99999.99999999086
57.2,298.34581713175555,298.3315645544965,297.980708466558,298.3211015696521,298.2059135480608,100000.0,99999.99999999085
57.300000000000004,298.3446414640215,298.3304744584017,297.9817248807164,298.32007429266156,298.20557785251924,100000.0,99999.99999999083
57.400000000000006,298.34347285492527,298.3293909071617,297.9827351922686,298.3190531833534,298.20524417233895,100000.0,99999.99999999083
57.5,298.34231126208596,298.328313861481,297.9837394378591,298.31803820469685,298.20491249542374,100000.0,99999.9999999908
57.6,298.3411566433772,298.32724328229995,297.98473765391225,298.3170293198837,298.20458280975004,100000.0,99999.99999999077
57.7,298.34000895692566,298.32617913079343,297.98572987663357,298.31602649232667,298.2042551033663,100000.0,99999.99999999077
57.800000000000004,298.33886816110925,298.32512136836954,297.9867161420111,298.3150296856581,298.2039293643924,100000.0,99999.99999999076
57.900000000000006,298.337734214556,298.32406995666815,297.9876964858165,298.31403886372885,298.2036055810199,100000.0,99999.99999999074
58.0,298.3366070761424,298.3230248575594,297.9886709436068,298.3130539906067,298.20328374151075,100000.0,99999.99999999072
58.1,298.3354867049916,298.32198603314225,297.9896395507251,298.31207503057516,298.20296383419736,100000.0,99999.99999999069
58.2,298.33437306047267,298.3209534457435,297.9906023423024,298.3111019481323,298.20264584748213,100000.0,99999.9999999907
58.300000000000004,298.3332661021982,298.31992705791595,297.99155935325837,298.31013470798933,298.2023297698371,100000.0,99999.99999999069
58.400000000000006,298.3321657900236,298.3189068324374,297.9925106183033,298.30917327506927,298.2020155898032,100000.0,99999.99999999066
58.5,298.3310720840453,298.31789273230896,297.99345617193865,298.3082176145058,298.20170329599017,100000.0,99999.99999999063
58.6,298.32998494459923,298.3168847207541,297.9943960484586,298.30726769164187,298.20139287707605,100000.0,99999.99999999063
58.7,298.3289043322595,298.31588276121704,297.9953302819516,298.3063234720286,298.2010843218068,100000.0,99999.99999999061
58.800000000000004,298.32783020783717,298.3148868173614,297.99625890630114,298.30538492142404,298.2007776189958,100000.0,99999.99999999058
58.900000000000006,298.3267625323783,298.3138968530692,297.99718195518705,298.30445200579163,298.2004727575236,100000.0,99999.99999999058
59.0,298.32570126716325,298.3129128324391,297.998099462087,298.30352469129934,298.20016972633726,100000.0,99999.99999999056
59.1,298.32464637370435,298.31193471978537,297.99901146027764,298.3026029443181,298.1998685144504,100000.0,99999.99999999054
59.2,298.32359781374566,298.3109624796367,297.99991798283554,298.30168673142083,298.1995691109422,100000.0,99999.99999999053
59.300000000000004,298.3225555492604,298.30999607673465,298.00081906263875,298.3007760193814,298.1992715049576,100000.0,99999.99999999051
59.400000000000006,298.32151954245046,298.3090354760324,298.00171473236765,298.29987077517274,298.1989756857065,100000.0,99999.9999999905
59.5,298.3204897557446,298.3080806426938,298.0026050245066,298.29897096596636,298.19868164246355,100000.0,99999.99999999047
59.6,298.3194661517971,298.30713154209167,298.0034899713445,298.29807655913083,298.19838936456773,100000.0,99999.99999999045
59.7,298.31844869348663,298.30618813980675,298.00436960497655,298.2971875222306,298.19809884142205,100000.0,99999.99999999044
59.800000000000004,298.31743734391466,298.3052504016265,298.0052439573051,298.29630382302497,298.1978100624929,100000.0,99999.99999999042
59.900000000000006,298.3164320664042,298.3043182935438,298.0061130600409,298.2954254294666,298.19752301731,100000.0,99999.9999999904
60.0,298.3154328244986,298.3033917817558,298.0069769447042,298.2945523097008,298.19723769546584,100000.0,99999.9999999904
60.1,298.31443958196,298.3024708326625,298.007835642626,298.293684432064,298.19695408661534,100000.0,99999.99999999037
60.2,298.3134523027682,298.3015554128656,298.00868918494905,298.29282176508286,298.1966721804754,100000.0,99999.99999999037
60.300000000000004,298.3124709511193,298.3006454891674,298.00953760262905,298.29196427747286,298.19639196682465,100000.0,99999.99999999035
60.400000000000006,298.3114954914241,298.2997410285696,298.0103809264359,298.29111193813736,298.1961134355032,100000.0,99999.99999999034
60.5,298.31052588830767,298.2988419982719,298.0112191869546,298.2902647161666,298.1958365764119,100000.0,99999.99999999031
60.6,298.3095621066069,298.297948365671,298.0120524145864,298.2894225808362,298.1955613795123,100000.0,99999.9999999903
60.7,298.30860411137024,298.29706009835945,298.0128806395501,298.2885855016062,298.195287834826,100000.0,99999.99999999028
60.800000000000004,298.3076518678556,298.2961771641242,298.01370389188287,298.2877534481202,298.1950159324347,100000.0,99999.99999999026
60.900000000000006,298.30670534153,298.2952995309457,298.01452220144154,298.28692639020403,298.19474566247965,100000.0,99999.99999999024
61.0,298.30576449806733,298.2944271669967,298.0153355979038,298.28610429786465,298.1944770151608,100000.0,99999.99999999025
61.1,298.3048293033478,298.293560040641,298.01614411076883,298.28528714128896,298.1942099807374,100000.0,99999.99999999022
61.2,298.3038997234565,298.2926981204323,298.0169477693588,298.2844748908431,298.193944549527,100000.0,99999.9999999902
61.300000000000004,298.3029757246821,298.2918413751132,298.0177466028198,298.28366751707097,298.19368071190496,100000.0,99999.99999999018
61.400000000000006,298.30205727351574,298.2909897736139,298.01854064012275,298.2828649906934,298.19341845830485,100000.0,99999.99999999016
61.5,298.30114433664977,298.2901432850512,298.0193299100648,298.282067282607,298.1931577792173,100000.0,99999.99999999019
61.6,298.30023688097646,298.2893018787273,298.0201144412699,298.2812743638831,298.19289866519017,100000.0,99999.99999999015
61.7,298.2993348735868,298.2884655241288,298.0208942621903,298.28048620576675,298.19264110682786,100000.0,99999.99999999013
61.800000000000004,298.2984382817696,298.2876341909253,298.0216694011074,298.2797027796756,298.19238509479146,100000.0,99999.9999999901
61.900000000000006,298.2975470730099,298.28680784896875,298.0224398861325,298.2789240571989,298.1921306197977,100000.0,99999.99999999008
62.0,298.29666121498803,298.285986468292,298.0232057452084,298.27815001009657,298.1918776726194,100000.0,99999.99999999006
62.1,298.2957806755784,298.2851700191077,298.02396700610996,298.27738061029805,298.19162624408443,100000.0,99999.99999999005
62.2,298.2949054228481,298.28435847180754,298.0247236964451,298.2766158299012,298.19137632507596,100000.0,99999.99999999003
62.300000000000004,298.2940354250562,298.283551796961,298.0254758436563,298.2758556411716,298.19112790653173,100000.0,99999.99999999005
62.400000000000006,298.2931706506525,298.2827499653141,298.02622347502097,298.2751000165411,298.1908809794438,100000.0,99999.99999999002
62.5,298.2923110682757,298.28195294778857,298.02696661765276,298.27434892860737,298.1906355348585,100000.0,99999.99999999
62.6,298.2914566467532,298.2811607154808,298.02770529850255,298.27360235013236,298.1903915638756,100000.0,99999.99999998999
62.7,298.2906073550996,298.28037323966055,298.02843954435934,298.27286025404175,298.1901490576486,100000.0,99999.99999998999
62.800000000000004,298.2897631625152,298.27959049177036,298.02916938185126,298.27212261342356,298.1899080073839,100000.0,99999.99999998996
62.900000000000006,298.28892403838563,298.27881244342393,298.0298948374466,298.2713894015275,298.18966840434064,100000.0,99999.99999998994
63.0,298.2880899522801,298.2780390664056,298.0306159374546,298.27066059176394,298.18943023983064,100000.0,99999.99999998992
63.1,298.28726087395046,298.277270332669,298.03133270802675,298.26993615770283,298.1891935052176,100000.0,99999.9999999899
63.2,298.2864367733304,298.2765062143362,298.0320451751571,298.26921607307287,298.18895819191715,100000.0,99999.99999998989
63.300000000000004,298.2856176205341,298.27574668369664,298.032753364684,298.26850031176036,298.18872429139657,100000.0,99999.99999998987
63.400000000000006,298.28480338585496,298.2749917132062,298.03345730229046,298.26778884780856,298.18849179517406,100000.0,99999.99999998984
63.5,298.28399403976493,298.274241275486,298.03415701350525,298.26708165541635,298.18826069481906,100000.0,99999.99999998984
63.6,298.2831895529132,298.27349534332166,298.03485252370393,298.2663787089378,298.1880309819514,100000.0,99999.99999998981
63.7,298.28238989612527,298.27275388966217,298.0355438581097,298.26567998288067,298.18780264824125,100000.0,99999.99999998981
63.800000000000004,298.2815950404016,298.2720168876189,298.03623104179405,298.264985451906,298.1875756854088,100000.0,99999.99999998978
63.900000000000006,298.280804956917,298.27128431046475,298.0369140996783,298.2642950908269,298.1873500852239,100000.0,99999.99999998978
64.0,298.28001961701926,298.27055613163293,298.0375930565339,298.26360887460766,298.18712583950577,100000.0,99999.99999998976
64.10000000000001,298.2792389922281,298.26983232471633,298.03826793698363,298.26292677836284,298.1869029401228,100000.0,99999.99999998976
64.2,298.2784630542344,298.26911286346626,298.0389387655023,298.26224877735655,298.1866813789922,100000.0,99999.99999998973
64.3,298.2776917748989,298.2683977217917,298.03960556641783,298.26157484700127,298.18646114807973,100000.0,99999.9999999897
64.4,298.2769251262513,298.2676868737583,298.0402683639122,298.2609049628573,298.1862422393991,100000.0,99999.99999998967
64.5,298.27616308048937,298.26698029358727,298.04092718202196,298.2602391006314,298.1860246450123,100000.0,99999.99999998968
64.60000000000001,298.27540560997755,298.26627795565486,298.04158204463954,298.25957723617637,298.18580835702886,100000.0,99999.99999998965
64.7,298.27465268724643,298.26557983449095,298.0422329755136,298.25891934549,298.18559336760546,100000.0,99999.99999998964
64.8,298.27390428499154,298.26488590477834,298.04287999825067,298.2582654047141,298.1853796689462,100000.0,99999.99999998964
64.9,298.27316037607216,298.26419614135193,298.043523136315,298.2576153901338,298.18516725330176,100000.0,99999.99999998962
65.0,298.2724209335106,298.2635105191977,298.04416241303034,298.2569692781766,298.1849561129693,100000.0,99999.99999998961
65.10000000000001,298.27168593049123,298.2628290134519,298.04479785158026,298.25632704541147,298.18474624029244,100000.0,99999.99999998958
65.2,298.27095534035936,298.2621515993998,298.0454294750091,298.2556886685481,298.18453762766046,100000.0,99999.99999998958
65.3,298.27022913662034,298.2614782524752,298.0460573062228,298.2550541244359,298.18433026750864,100000.0,99999.99999998955
65.4,298.26950729293856,298.2608089482595,298.04668136799,298.2544233900635,298.1841241523174,100000.0,99999.99999998955
65.5,298.26878978313664,298.2601436624807,298.04730168294225,298.25379644255764,298.18391927461244,100000.0,99999.99999998952
65.60000000000001,298.26807658119424,298.25948237101227,298.04791827357553,298.2531732591822,298.1837156269642,100000.0,99999.99999998952
65.7,298.26736766124736,298.25882504987277,298.0485311622505,298.2525538173376,298.18351320198803,100000.0,99999.9999999895
65.8,298.2666629975871,298.25817167522473,298.04914037119386,298.2519380945603,298.1833119923432,100000.0,99999.99999998946
65.9,298.26596256465916,298.25752222337377,298.04974592249846,298.25132606852117,298.18311199073327,100000.0,99999.99999998948
66.0,298.26526633706254,298.2568766707677,298.05034783812494,298.2507177170254,298.18291318990555,100000.0,99999.99999998946
66.10000000000001,298.2645742895487,298.2562349939958,298.05094613990167,298.25011301801135,298.182715582651,100000.0,99999.99999998945
66.2,298.2638863970209,298.25559716978796,298.0515408495262,298.2495119495499,298.1825191618036,100000.0,99999.99999998944
66.3,298.26320263453283,298.2549631750136,298.0521319885657,298.24891448984346,298.1823239202406,100000.0,99999.99999998942
66.4,298.262522977288,298.2543329866813,298.0527195784579,298.24832061722554,298.1821298508819,100000.0,99999.9999999894
66.5,298.261847400639,298.25370658193737,298.0533036405118,298.2477303101595,298.1819369466898,100000.0,99999.99999998938
66.60000000000001,298.2611758800863,298.25308393806563,298.0538841959085,298.2471435472382,298.1817452006692,100000.0,99999.99999998938
66.7,298.2605083912772,298.252465032486,298.0544612657017,298.24656030718273,298.18155460586644,100000.0,99999.99999998935
66.8,298.2598449100057,298.25184984275415,298.055034870819,298.24598056884236,298.18136515537014,100000.0,99999.99999998932
66.9,298.25918541221074,298.2512383465605,298.0556050320621,298.245404311193,298.18117684231004,100000.0,99999.9999999893
67.0,298.2585298739759,298.2506305217294,298.056171770108,298.2448315133369,298.1809896598574,100000.0,99999.99999998929
67.10000000000001,298.2578782715283,298.2500263462183,298.0567351055094,298.24426215450194,298.1808036012242,100000.0,99999.99999998928
67.2,298.2572305812378,298.249425798117,298.0572950586957,298.24369621404037,298.18061865966337,100000.0,99999.99999998928
67.3,298.2565867796162,298.2488288556468,298.0578516499734,298.2431336714287,298.18043482846826,100000.0,99999.99999998925
67.4,298.2559468433162,298.24823549715995,298.05840489952743,298.2425745062666,298.1802521009725,100000.0,99999.99999998925
67.5,298.2553107491308,298.2476457011385,298.0589548274213,298.24201869827607,298.1800704705497,100000.0,99999.9999999892
67.60000000000001,298.2546784739922,298.2470594461936,298.05950145359816,298.24146622730115,298.17988993061346,100000.0,99999.9999999892
67.7,298.2540499949713,298.24647671106516,298.06004479788135,298.2409170733065,298.17971047461646,100000.0,99999.99999998919
67.8,298.2534252892764,298.24589747462034,298.0605848799751,298.24037121637747,298.17953209605116,100000.0,99999.99999998914
67.9,298.2528043342528,298.2453217158535,298.0611217194655,298.23982863671864,298.1793547884489,100000.0,99999.99999998914
68.0,298.2521871073819,298.24474941388496,298.06165533582106,298.2392893146538,298.1791785453798,100000.0,99999.99999998913
68.10000000000001,298.25157358628013,298.24418054796035,298.0621857483932,298.23875323062447,298.17900336045267,100000.0,99999.99999998913
68.2,298.2509637486984,298.2436150974501,298.06271297641734,298.2382203651899,298.1788292273146,100000.0,99999.99999998912
68.3,298.2503575725211,298.24305304184827,298.0632370390132,298.2376906990259,298.17865613965085,100000.0,99999.9999999891
68.4,298.2497550357657,298.24249436077224,298.063757955186,298.2371642129244,298.1784840911847,100000.0,99999.99999998909
68.5,298.2491561165812,298.2419390339616,298.06427574382667,298.2366408877927,298.17831307567695,100000.0,99999.99999998906
68.60000000000001,298.2485607932482,298.24138704127773,298.06479042371257,298.2361207046525,298.17814308692596,100000.0,99999.99999998906
68.7,298.2479690441774,298.2408383627028,298.06530201350864,298.2356036446396,298.1779741187673,100000.0,99999.99999998904
68.8,298.2473808479093,298.2402929783392,298.0658105317675,298.23508968900313,298.17780616507343,100000.0,99999.99999998903
68.9,298.2467961831133,298.23975086840875,298.0663159969306,298.2345788191046,298.17763921975376,100000.0,99999.99999998903
69.0,298.24621502858656,298.2392120132522,298.0668184273283,298.2340710164177,298.17747327675426,100000.0,99999.999999989
69.10000000000001,298.245637363254,298.2386763933281,298.0673178411814,298.2335662625271,298.1773083300571,100000.0,99999.99999998898
69.2,298.2450631661666,298.23814398921246,298.06781425660085,298.2330645391281,298.1771443736808,100000.0,99999.99999998897
69.3,298.2444924165014,298.2376147815978,298.0683076915892,298.23256582802605,298.1769814016794,100000.0,99999.99999998896
69.4,298.2439250935604,298.2370887512928,298.0687981640406,298.2320701111353,298.1768194081432,100000.0,99999.99999998897
69.5,298.24336117676984,298.236565879221,298.06928569174204,298.2315773704788,298.17665838719745,100000.0,99999.99999998896
69.60000000000001,298.24280064567955,298.2360461464208,298.06977029237356,298.23108758818773,298.176498333003,100000.0,99999.99999998893
69.7,298.2422434799621,298.23552953404425,298.0702519835091,298.2306007465003,298.1763392397556,100000.0,99999.99999998891
69.8,298.24168965941215,298.23501602335665,298.07073078261703,298.2301168277613,298.17618110168587,100000.0,99999.99999998888
69.9,298.2411391639455,298.23450559573575,298.0712067070609,298.2296358144218,298.1760239130591,100000.0,99999.99999998888
70.0,298.2405919735987,298.2339982326711,298.0716797741,298.229157689038,298.17586766817504,100000.0,99999.99999998888
70.10000000000001,298.2400480685282,298.23349391576346,298.07215000089,298.2286824342708,298.1757123613676,100000.0,99999.99999998885
70.2,298.23950742900945,298.232992626724,298.0726174044835,298.22821003288544,298.17555798700465,100000.0,99999.99999998884
70.3,298.2389700354364,298.2324943473736,298.0730820018308,298.2277404677505,298.17540453948806,100000.0,99999.99999998882
70.4,298.23843586832066,298.23199905964236,298.07354380978035,298.22727372183726,298.1752520132531,100000.0,99999.99999998881
70.5,298.23790490829094,298.23150674556905,298.0740028450795,298.22680977821955,298.1751004027686,100000.0,99999.9999999888
70.60000000000001,298.23737713609216,298.23101738729997,298.0744591243751,298.22634862007254,298.17494970253654,100000.0,99999.99999998878
70.7,298.2368525325849,298.23053096708884,298.0749126642139,298.22589023067275,298.1747999070919,100000.0,99999.99999998875
70.8,298.2363310787446,298.2300474672958,298.0753634810434,298.22543459339664,298.1746510110024,100000.0,99999.99999998875
70.9,298.2358127556611,298.229566870387,298.07581159121236,298.2249816917208,298.17450300886856,100000.0,99999.99999998874
71.0,298.23529754453745,298.2290891589337,298.07625701097135,298.2245315092211,298.1743558953232,100000.0,99999.99999998874
71.10000000000001,298.23478542668977,298.22861431561194,298.0766997564734,298.22408402957166,298.17420966503124,100000.0,99999.99999998871
71.2,298.23427638354644,298.22814232320184,298.0771398437745,298.22363923654507,298.17406431268995,100000.0,99999.99999998871
71.3,298.2337703966472,298.2276731645867,298.0775772888343,298.2231971140109,298.17391983302815,100000.0,99999.9999999887
71.4,298.23326744764256,298.22720682275275,298.07801210751654,298.2227576459359,298.17377622080636,100000.0,99999.99999998866
71.5,298.2327675182934,298.2267432807883,298.0784443155899,298.2223208163829,298.17363347081664,100000.0,99999.99999998866
71.60000000000001,298.2322705904699,298.22628252188315,298.07887392872806,298.22188660951053,298.17349157788226,100000.0,99999.99999998862
71.7,298.2317766461513,298.2258245293282,298.07930096251107,298.2214550095725,298.17335053685764,100000.0,99999.99999998863
71.8,298.2312856674248,298.22536928651436,298.0797254324249,298.2210260009169,298.17321034262795,100000.0,99999.99999998862
71.9,298.23079763648536,298.2249167769327,298.080147353863,298.220599567986,298.17307099010924,100000.0,99999.99999998859
72.0,298.2303125356347,298.224466984173,298.0805667421261,298.2201756953155,298.1729324742479,100000.0,99999.99999998858
72.10000000000001,298.2298303472809,298.2240198919238,298.0809836124232,298.21975436753377,298.1727947900209,100000.0,99999.99999998856
72.2,298.22935105393753,298.22357548397144,298.081397979872,298.21933556936153,298.172657932435,100000.0,99999.99999998856
72.3,298.2288746382234,298.2231337441997,298.08180985949934,298.21891928561126,298.17252189652737,100000.0,99999.99999998855
72.4,298.2284010828613,298.22269465658906,298.08221926624185,298.2185055011867,298.1723866773647,100000.0,99999.99999998853
72.5,298.22793037067805,298.22225820521624,298.0826262149466,298.218094201082,298.1722522700434,100000.0,99999.9999999885
72.60000000000001,298.2274624846035,298.2218243742535,298.0830307203713,298.21768537038173,298.1721186696891,100000.0,99999.99999998849
72.7,298.22699740766996,298.22139314796823,298.0834327971854,298.2172789942597,298.17198587145714,100000.0,99999.99999998847
72.8,298.22653512301156,298.2209645107221,298.0838324599699,298.2168750579789,298.1718538705315,100000.0,99999.99999998845
72.9,298.2260756138638,298.22053844697086,298.08422972321847,298.21647354689077,298.1717226621253,100000.0,99999.99999998845
73.0,298.2256188635628,298.2201149412635,298.08462460133774,298.2160744464347,298.17159224148037,100000.0,99999.99999998843
73.10000000000001,298.2251648555447,298.2196939782417,298.0850171086478,298.21567774213753,298.17146260386716,100000.0,99999.9999999884
73.2,298.22471357334507,298.2192755426395,298.08540725938275,298.2152834196129,298.1713337445844,100000.0,99999.99999998842
73.3,298.2242650005984,298.2188596192824,298.08579506769127,298.2148914645609,298.171205658959,100000.0,99999.99999998839
73.4,298.2238191210374,298.2184461930873,298.0861805476371,298.2145018627675,298.17107834234616,100000.0,99999.99999998836
73.5,298.2233759184924,298.21803524906136,298.08656371319955,298.21411460010387,298.17095179012875,100000.0,99999.99999998833
73.60000000000001,298.222935376891,298.21762677230197,298.08694457827386,298.2137296625263,298.1708259977175,100000.0,99999.99999998833
73.7,298.22249748025695,298.21722074799584,298.087323156672,298.21334703607505,298.17070096055056,100000.0,99999.99999998831
73.8,298.2220622127102,298.2168171614188,298.0876994621231,298.2129667068744,298.1705766740936,100000.0,99999.9999999883
73.9,298.2216295584661,298.2164159979348,298.08807350827357,298.21258866113186,298.1704531338394,100000.0,99999.9999999883
74.0,298.22119950183446,298.2160172429959,298.0884453086881,298.2122128851378,298.1703303353078,100000.0,99999.99999998827
74.10000000000001,298.2207720272196,298.2156208821415,298.0888148768498,298.2118393652649,298.1702082740457,100000.0,99999.99999998824
74.2,298.22034711911925,298.21522690099766,298.08918222616114,298.21146808796755,298.1700869456266,100000.0,99999.99999998821
74.3,298.2199247621244,298.21483528527693,298.08954736994366,298.2110990397816,298.16996634565066,100000.0,99999.99999998821
74.4,298.21950494091834,298.2144460207775,298.08991032143916,298.2107322073237,298.16984646974424,100000.0,99999.99999998821
74.5,298.2190876402766,298.2140590933828,298.0902710938101,298.21036757729087,298.1697273135602,100000.0,99999.9999999882
74.60000000000001,298.21867284506584,298.2136744890612,298.09062970013963,298.2100051364599,298.1696088727774,100000.0,99999.99999998818
74.7,298.2182605402437,298.2132921938651,298.0909861534324,298.20964487168715,298.1694911431007,100000.0,99999.99999998815
74.8,298.2178507108582,298.2129121939308,298.0913404666152,298.2092867699077,298.1693741202606,100000.0,99999.99999998815
74.9,298.21744334204715,298.2125344754778,298.09169265253695,298.2089308181351,298.16925780001355,100000.0,99999.99999998815
75.0,298.2170384190373,298.2121590248082,298.09204272396954,298.208577003461,298.16914217814104,100000.0,99999.99999998813
75.10000000000001,298.21663592714435,298.21178582830663,298.0923906936082,298.2082253130545,298.16902725045014,100000.0,99999.99999998814
75.2,298.2162358517723,298.21141487243915,298.09273657407186,298.2078757341617,298.1689130127732,100000.0,99999.99999998813
75.3,298.21583817841235,298.21104614375326,298.09308037790373,298.2075282541053,298.16879946096736,100000.0,99999.99999998808
75.4,298.2154428926432,298.2106796288772,298.0934221175717,298.207182860284,298.1686865909147,100000.0,99999.99999998808
75.5,298.21504998012995,298.2103153145195,298.09376180546894,298.2068395401723,298.16857439852214,100000.0,99999.99999998805
75.60000000000001,298.2146594266238,298.2099531874684,298.09409945391394,298.20649828131985,298.16846287972106,100000.0,99999.99999998807
75.7,298.2142712179616,298.2095932345916,298.0944350751514,298.2061590713512,298.1683520304673,100000.0,99999.99999998804
75.8,298.213885340065,298.2092354428355,298.09476868135255,298.2058218979648,298.1682418467409,100000.0,99999.99999998804
75.9,298.21350177894044,298.208879799225,298.09510028461534,298.2054867489335,298.16813232454626,100000.0,99999.99999998801
76.0,298.2131205206781,298.20852629086284,298.09542989696547,298.20515361210295,298.16802345991147,100000.0,99999.999999988
76.10000000000001,298.212741551452,298.2081749049292,298.0957575303559,298.20482247539235,298.1679152488887,100000.0,99999.99999998798
76.2,298.2123648575188,298.20782562868123,298.09608319666836,298.2044933267931,298.16780768755365,100000.0,99999.99999998798
76.3,298.2119904252181,298.20747844945254,298.09640690771283,298.2041661543688,298.16770077200573,100000.0,99999.99999998797
76.4,298.2116182409711,298.2071333546529,298.09672867522863,298.2038409462547,298.16759449836775,100000.0,99999.99999998795
76.5,298.21124829128075,298.20679033176765,298.0970485108845,298.20351769065724,298.1674888627858,100000.0,99999.99999998792
76.60000000000001,298.21088056273106,298.2064493683572,298.0973664262791,298.20319637585374,298.16738386142885,100000.0,99999.99999998792
76.7,298.21051504198647,298.2061104520565,298.0976824329416,298.20287699019184,298.1672794904893,100000.0,99999.99999998791
76.80000000000001,298.21015171579154,298.20577357057516,298.09799654233177,298.2025595220892,298.167175746182,100000.0,99999.9999999879
76.9,298.2097905709705,298.20543871169616,298.09830876584067,298.20224396003294,298.16707262474495,100000.0,99999.99999998786
77.0,298.2094315944264,298.20510586327606,298.09861911479095,298.20193029257933,298.16697012243833,100000.0,99999.99999998786
77.10000000000001,298.2090747731413,298.2047750132442,298.0989276004372,298.2016185083535,298.166868235545,100000.0,99999.99999998785
77.2,298.2087200941752,298.20444614960263,298.0992342339666,298.20130859604865,298.1667669603701,100000.0,99999.99999998783
77.30000000000001,298.2083675446658,298.20411926042516,298.09953902649914,298.2010005444259,298.16666629324095,100000.0,99999.99999998783
77.4,298.2080171118281,298.2037943338572,298.09984198908785,298.20069434231397,298.1665662305068,100000.0,99999.99999998779
77.5,298.20766878295376,298.2034713581155,298.1001431327196,298.20038997860865,298.1664667685391,100000.0,99999.99999998778
77.60000000000001,298.20732254541076,298.2031503214876,298.10044246831524,298.2000874422722,298.1663679037308,100000.0,99999.99999998775
77.7,298.2069783866431,298.2028312123312,298.10074000673006,298.1997867223334,298.1662696324968,100000.0,99999.99999998775
77.80000000000001,298.2066362941699,298.20251401907393,298.1010357587541,298.1994878078866,298.16617195127304,100000.0,99999.99999998773
77.9,298.20629625558536,298.2021987302129,298.1013297351127,298.199190688092,298.16607485651735,100000.0,99999.99999998772
78.0,298.2059582585582,298.2018853343144,298.1016219464668,298.19889535217465,298.1659783447086,100000.0,99999.9999999877
78.10000000000001,298.205622290831,298.2015738200132,298.1019124034133,298.1986017894243,298.1658824123469,100000.0,99999.9999999877
78.2,298.20528834022014,298.2012641760124,298.1022011164855,298.19830998919497,298.1657870559533,100000.0,99999.99999998769
78.30000000000001,298.204956394615,298.2009563910828,298.10248809615337,298.19801994090477,298.16569227206963,100000.0,99999.99999998767
78.4,298.2046264419779,298.2006504540629,298.1027733528243,298.19773163403516,298.16559805725876,100000.0,99999.99999998766
78.5,298.20429847034296,298.200346353858,298.10305689684276,298.1974450581309,298.16550440810386,100000.0,99999.99999998766
78.60000000000001,298.2039724678166,298.20004407943986,298.1033387384915,298.1971602027993,298.165411321209,100000.0,99999.99999998765
78.7,298.2036484225765,298.1997436198469,298.10361888799133,298.1968770577104,298.16531879319825,100000.0,99999.99999998763
78.80000000000001,298.20332632287136,298.19944496418293,298.1038973555018,298.196595612596,298.1652268207163,100000.0,99999.9999999876
78.9,298.20300615702024,298.1991481016174,298.1041741511213,298.1963158572496,298.1651354004277,100000.0,99999.99999998759
79.0,298.2026879134126,298.19885302138476,298.1044492848878,298.196037781526,298.16504452901717,100000.0,99999.99999998757
79.10000000000001,298.2023715805074,298.198559712784,298.10472276677876,298.19576137534096,298.1649542031893,100000.0,99999.99999998754
79.2,298.20205714683306,298.19826816517843,298.10499460671207,298.1954866286707,298.16486441966845,100000.0,99999.99999998754
79.30000000000001,298.2017446009867,298.19797836799523,298.10526481454576,298.19521353155176,298.1647751751987,100000.0,99999.99999998753
79.4,298.201433931634,298.19769031072497,298.10553340007885,298.19494207408025,298.1646864665436,100000.0,99999.99999998751
79.5,298.2011251275088,298.1974039829215,298.10580037305147,298.1946722464119,298.16459829048625,100000.0,99999.9999999875
79.60000000000001,298.2008181774123,298.1971193742013,298.10606574314517,298.1944040387617,298.1645106438289,100000.0,99999.99999998747
79.7,298.2005130702132,298.196836474243,298.1063295199836,298.19413744140303,298.1644235233932,100000.0,99999.99999998747
79.80000000000001,298.20020979484696,298.19655527278746,298.1065917131325,298.193872444668,298.1643369260197,100000.0,99999.99999998746
79.9,298.1999083403153,298.19627575963705,298.10685233210006,298.1936090389466,298.164250848568,100000.0,99999.99999998744
80.0,298.19960869568615,298.19599792465533,298.1071113863377,298.19334721468647,298.1641652879165,100000.0,99999.99999998741
80.10000000000001,298.1993108500932,298.1957217577668,298.10736888523974,298.1930869623927,298.1640802409624,100000.0,99999.99999998741
80.2,298.199014792735,298.1954472489564,298.1076248381443,298.1928282726275,298.16399570462164,100000.0,99999.9999999874
80.30000000000001,298.1987205128753,298.19517438826904,298.1078792543335,298.19257113600946,298.1639116758284,100000.0,99999.99999998737
80.4,298.1984279998421,298.19490316580976,298.10813214303346,298.1923155432136,298.1638281515355,100000.0,99999.99999998737
80.5,298.19813724302765,298.19463357174266,298.1083835134152,298.19206148497113,298.16374512871386,100000.0,99999.99999998734
80.60000000000001,298.19784823188775,298.1943655962911,298.10863337459455,298.1918089520687,298.1636626043529,100000.0,99999.99999998731
80.7,298.1975609559415,298.19409922973705,298.1088817356325,298.1915579353482,298.1635805754597,100000.0,99999.99999998731
80.80000000000001,298.19727540477106,298.1938344624209,298.10912860553583,298.1913084257067,298.16349903905973,100000.0,99999.9999999873
80.9,298.19699156802085,298.193571284741,298.1093739932572,298.19106041409594,298.16341799219595,100000.0,99999.99999998725
81.0,298.1967094353979,298.1933096871532,298.1096179076954,298.19081389152177,298.1633374319293,100000.0,99999.99999998725
81.10000000000001,298.19642899667076,298.1930496601709,298.1098603576959,298.1905688490442,298.16325735533826,100000.0,99999.99999998725
81.2,298.19615024166933,298.1927911943643,298.11010135205106,298.19032527777694,298.16317775951893,100000.0,99999.99999998724
81.30000000000001,298.19587316028475,298.19253428036035,298.11034089950044,298.19008316888693,298.16309864158484,100000.0,99999.9999999872
81.4,298.19559774246886,298.192278908842,298.1105790087311,298.18984251359416,298.16301999866675,100000.0,99999.99999998721
81.5,298.19532397823366,298.19202507054854,298.1108156883779,298.1896033031715,298.1629418279128,100000.0,99999.99999998721
81.60000000000001,298.19505185765126,298.19177275627453,298.11105094702407,298.18936552894405,298.16286412648805,100000.0,99999.9999999872
81.7,298.1947813708533,298.1915219568698,298.11128479320104,298.189129182289,298.16278689157474,100000.0,99999.99999998717
81.80000000000001,298.1945125080308,298.1912726632395,298.1115172353891,298.1888942546353,298.162710120372,100000.0,99999.99999998717
81.9,298.1942452594335,298.1910248663428,298.11174828201774,298.1886607374635,298.16263381009577,100000.0,99999.99999998714
82.0,298.1939796153697,298.1907785571937,298.1119779414658,298.18842862230525,298.1625579579787,100000.0,99999.99999998714
82.10000000000001,298.19371556620604,298.1905337268598,298.1122062220617,298.188197900743,298.16248256127005,100000.0,99999.99999998712
82.2,298.1934531023669,298.1902903664625,298.1124331320839,298.1879685644096,298.16240761723554,100000.0,99999.9999999871
82.30000000000001,298.19319221433415,298.19004846717644,298.1126586797612,298.1877406049883,298.16233312315745,100000.0,99999.99999998709
82.4,298.19293289264675,298.1898080202292,298.112882873273,298.18751401421235,298.1622590763342,100000.0,99999.99999998708
82.5,298.19267512790054,298.18956901690115,298.1131057207496,298.1872887838646,298.16218547408056,100000.0,99999.99999998705
82.60000000000001,298.19241891074785,298.1893314485249,298.1133272302725,298.187064905777,298.1621123137274,100000.0,99999.99999998705
82.7,298.192164231897,298.1890953064852,298.11354740987457,298.18684237183083,298.1620395926215,100000.0,99999.99999998702
82.80000000000001,298.19191108211226,298.18886058221835,298.11376626754054,298.1866211739559,298.16196730812584,100000.0,99999.99999998702
82.9,298.1916594522132,298.1886272672124,298.11398381120716,298.18640130413075,298.16189545761887,100000.0,99999.99999998699
83.0,298.1914093330746,298.18839535300606,298.11420004876356,298.1861827543817,298.16182403849507,100000.0,99999.99999998699
83.10000000000001,298.1911607156261,298.18816483118917,298.1144149880515,298.18596551678337,298.1617530481645,100000.0,99999.99999998699
83.2,298.19091359085155,298.187935693402,298.1146286368657,298.18574958345755,298.1616824840526,100000.0,99999.99999998696
83.30000000000001,298.19066794978926,298.1877079313349,298.11484100295394,298.18553494657357,298.1616123436005,100000.0,99999.99999998695
83.4,298.190423783531,298.1874815367282,298.11505209401764,298.1853215983478,298.16154262426454,100000.0,99999.99999998693
83.5,298.1901810832223,298.18725650137196,298.1152619177119,298.18510953104317,298.16147332351636,100000.0,99999.99999998693
83.60000000000001,298.1899398400617,298.18703281710515,298.11547048164596,298.1848987369691,298.1614044388429,100000.0,99999.9999999869
83.7,298.1897000453007,298.18681047581606,298.11567779338316,298.1846892084815,298.161335967746,100000.0,99999.99999998689
83.80000000000001,298.1894616902431,298.1865894694416,298.1158838604416,298.1844809379817,298.1612679077427,100000.0,99999.99999998689
83.9,298.1892247662453,298.1863697899671,298.1160886902943,298.18427391791687,298.1612002563647,100000.0,99999.99999998687
84.0,298.18898926471513,298.1861514294259,298.1162922903693,298.1840681407796,298.1611330111587,100000.0,99999.99999998685
84.10000000000001,298.1887551771124,298.1859343798993,298.1164946680499,298.18386359910744,298.1610661696861,100000.0,99999.99999998685
84.2,298.18852249494796,298.1857186335162,298.1166958306754,298.1836602854828,298.1609997295229,100000.0,99999.99999998682
84.30000000000001,298.18829120978364,298.1855041824525,298.1168957855408,298.1834581925326,298.1609336882598,100000.0,99999.99999998682
84.4,298.1880613132322,298.18529101893137,298.1170945398974,298.1832573129281,298.16086804350164,100000.0,99999.99999998679
84.5,298.1878327969563,298.1850791352224,298.1172921009529,298.18305763938434,298.16080279286797,100000.0,99999.99999998679
84.60000000000001,298.18760565266905,298.18486852364185,298.1174884758718,298.18285916466044,298.16073793399255,100000.0,99999.99999998676
84.7,298.18737987213314,298.18465917655186,298.1176836717755,298.18266188155866,298.1606734645232,100000.0,99999.99999998673
84.80000000000001,298.18715544716076,298.1844510863607,298.1178776957428,298.1824657829247,298.160609382122,100000.0,99999.99999998673
84.9,298.1869323696132,298.184244245522,298.1180705548097,298.18227086164705,298.1605456844651,100000.0,99999.9999999867
85.0,298.1867106314007,298.18403864653476,298.11826225597025,298.18207711065713,298.1604823692424,100000.0,99999.9999999867
85.10000000000001,298.186490224482,298.18383428194306,298.11845280617644,298.1818845229285,298.1604194341579,100000.0,99999.99999998667
85.2,298.18627114086416,298.18363114433566,298.1186422123384,298.18169309147714,298.1603568769293,100000.0,99999.99999998668
85.30000000000001,298.1860533726022,298.183429226346,298.11883048132495,298.18150280936084,298.1602946952879,100000.0,99999.99999998667
85.4,298.1858369117989,298.1832285206515,298.11901761996353,298.1813136696792,298.1602328869789,100000.0,99999.99999998666
85.5,298.18562175060435,298.1830290199737,298.1192036350406,298.18112566557295,298.16017144976064,100000.0,99999.99999998664
85.60000000000001,298.18540788121584,298.18283071707776,298.11938853330196,298.18093879022445,298.1601103814052,100000.0,99999.99999998664
85.7,298.1851952958775,298.1826336047724,298.1195723214529,298.1807530368566,298.16004967969803,100000.0,99999.9999999866
85.80000000000001,298.1849839868801,298.18243767590934,298.11975500615824,298.18056839873316,298.1599893424377,100000.0,99999.9999999866
85.9,298.18477394656054,298.18224292338334,298.1199365940431,298.1803848691584,298.15992936743623,100000.0,99999.99999998658
86.0,298.1845651673018,298.1820493401319,298.1201170916927,298.18020244147664,298.1598697525185,100000.0,99999.99999998658
86.10000000000001,298.18435764153264,298.1818569191347,298.1202965056526,298.18002110907224,298.1598104955228,100000.0,99999.99999998657
86.2,298.18415136172723,298.1816656534137,298.1204748424293,298.1798408653693,298.1597515943001,100000.0,99999.99999998657
86.30000000000001,298.1839463204049,298.18147553603274,298.12065210848994,298.1796617038312,298.15969304671427,100000.0,99999.99999998655
86.4,298.18374251012995,298.18128656009736,298.12082831026305,298.17948361796095,298.1596348506423,100000.0,99999.99999998651
86.5,298.18353992351126,298.18109871875436,298.12100345413853,298.17930660130025,298.15957700397365,100000.0,99999.9999999865
86.60000000000001,298.18333855320213,298.1809120051918,298.12117754646795,298.17913064742964,298.15951950461056,100000.0,99999.9999999865
86.7,298.1831383919,298.1807264126386,298.12135059356456,298.1789557499683,298.1594623504677,100000.0,99999.99999998648
86.80000000000001,298.1829394323461,298.1805419343642,298.1215226017039,298.17878190257363,298.1594055394727,100000.0,99999.99999998645
86.9,298.1827416673252,298.18035856367885,298.1216935771238,298.17860909894114,298.159349069565,100000.0,99999.99999998644
87.0,298.18254508966555,298.1801762939325,298.12186352602447,298.17843733280415,298.15929293869704,100000.0,99999.99999998645
87.10000000000001,298.1823496922383,298.1799951185153,298.1220324545692,298.17826659793377,298.159237144833,100000.0,99999.99999998641
87.2,298.1821554679574,298.17981503085696,298.1222003688839,298.1780968881382,298.15918168594976,100000.0,99999.99999998641
87.30000000000001,298.18196240977943,298.1796360244267,298.1223672750582,298.17792819726316,298.159126560036,100000.0,99999.99999998638
87.4,298.18177051070325,298.17945809273294,298.1225331791446,298.177760519191,298.15907176509273,100000.0,99999.99999998636
87.5,298.1815797637697,298.1792812293231,298.1226980871596,298.1775938478411,298.15901729913264,100000.0,99999.99999998636
87.60000000000001,298.1813901620616,298.1791054277833,298.1228620050836,298.177428177169,298.15896316018075,100000.0,99999.99999998635
87.7,298.1812016987028,298.17893068173817,298.12302493886096,298.17726350116703,298.15890934627356,100000.0,99999.99999998632
87.80000000000001,298.181014366859,298.1787569848506,298.1231868944004,298.17709981386304,298.15885585545965,100000.0,99999.99999998634
87.9,298.1808281597367,298.17858433082165,298.12334787757516,298.17693710932105,298.15880268579923,100000.0,99999.9999999863
88.0,298.1806430705831,298.1784127133899,298.12350789422317,298.1767753816407,298.158749835364,100000.0,99999.9999999863
88.10000000000001,298.1804590926861,298.17824212633195,298.12366695014737,298.176614624957,298.1586973022375,100000.0,99999.99999998629
88.2,298.1802762193737,298.17807256346146,298.12382505111594,298.1764548334402,298.15864508451455,100000.0,99999.99999998626
88.30000000000001,298.18009444401423,298.17790401862925,298.12398220286224,298.17629600129544,298.15859318030147,100000.0,99999.99999998625
88.4,298.17991376001567,298.1777364857232,298.12413841108537,298.17613812276284,298.1585415877161,100000.0,99999.99999998625
88.5,298.17973416082555,298.17756995866773,298.1242936814501,298.175981192117,298.1584903048873,100000.0,99999.99999998623
88.60000000000001,298.17955563993075,298.1774044314239,298.12444801958725,298.17582520366693,298.1584393299555,100000.0,99999.9999999862
88.7,298.1793781908574,298.1772398979889,298.1246014310939,298.17567015175564,298.158388661072,100000.0,99999.9999999862
88.80000000000001,298.17920180717033,298.177076352396,298.1247539215333,298.1755160307604,298.1583382963994,100000.0,99999.99999998619
88.9,298.1790264824731,298.17691378871433,298.12490549643553,298.175362835092,298.15828823411107,100000.0,99999.99999998618
89.0,298.1788522104076,298.17675220104854,298.1250561612973,298.17521055919497,298.15823847239176,100000.0,99999.99999998615
89.10000000000001,298.17867898465397,298.1765915835387,298.1252059215826,298.175059197547,298.15818900943674,100000.0,99999.99999998615
89.2,298.17850679893024,298.1764319303602,298.1253547827222,298.17490874465904,298.1581398434523,100000.0,99999.99999998615
89.30000000000001,298.1783356469922,298.1762732357233,298.1255027501146,298.174759195075,298.1580909726555,100000.0,99999.99999998612
89.4,298.1781655226331,298.1761154938729,298.12564982912573,298.17461054337156,298.158042395274,100000.0,99999.9999999861
89.5,298.17799641968344,298.1759586990886,298.12579602508936,298.17446278415787,298.15799410954617,100000.0,99999.99999998609
89.60000000000001,298.1778283320108,298.1758028456843,298.1259413433072,298.1743159120756,298.15794611372087,100000.0,99999.99999998609
89.7,298.17766125351955,298.1756479280082,298.1260857890491,298.17416992179847,298.15789840605777,100000.0,99999.99999998606
89.80000000000001,298.1774951781506,298.17549394044204,298.12622936755344,298.1740248080322,298.1578509848266,100000.0,99999.99999998604
89.9,298.17733009988143,298.1753408774017,298.1263720840269,298.17388056551425,298.15780384830776,100000.0,99999.99999998603
90.0,298.1771660127255,298.17518873333637,298.12651394364514,298.1737371890139,298.1577569947917,100000.0,99999.99999998602
90.10000000000001,298.17700291073226,298.1750375027286,298.1266549515525,298.1735946733314,298.1577104225795,100000.0,99999.99999998599
90.2,298.17684078798686,298.1748871800942,298.12679511286274,298.17345301329874,298.15766412998215,100000.0,99999.99999998597
90.30000000000001,298.17667963861004,298.1747377599816,298.1269344326586,298.1733122037786,298.1576181153209,100000.0,99999.99999998596
90.4,298.1765194567578,298.1745892369723,298.12707291599247,298.1731722396646,298.15757237692696,100000.0,99999.99999998594
90.5,298.17636023662124,298.1744416056801,298.1272105678864,298.17303311588097,298.1575269131417,100000.0,99999.99999998594
90.60000000000001,298.1762019724262,298.1742948607513,298.1273473933323,298.17289482738244,298.1574817223164,100000.0,99999.99999998593
90.7,298.17604465843345,298.1741489968641,298.12748339729205,298.17275736915406,298.1574368028123,100000.0,99999.99999998591
90.80000000000001,298.1758882889379,298.174004008729,298.12761858469776,298.17262073621106,298.15739215300033,100000.0,99999.99999998588
90.9,298.17573285826916,298.173859891088,298.12775296045197,298.17248492359835,298.1573477712613,100000.0,99999.99999998587
91.0,298.17557836079027,298.1737166387147,298.1278865294277,298.17234992639084,298.15730365598574,100000.0,99999.99999998586
91.10000000000001,298.1754247908988,298.17357424641426,298.1280192964689,298.17221573969294,298.15725980557386,100000.0,99999.99999998584
91.2,298.17527214302527,298.1734327090228,298.12815126639015,298.1720823586384,298.1572162184354,100000.0,99999.9999999858
91.30000000000001,298.17512041163417,298.1732920214074,298.1282824439773,298.1719497783902,298.1571728929897,100000.0,99999.9999999858
91.4,298.174969591223,298.1731521784663,298.1284128339875,298.17181799414044,298.15712982766564,100000.0,99999.99999998578
91.5,298.1748196763224,298.17301317512806,298.1285424411493,298.17168700111,298.1570870209014,100000.0,99999.99999998577
91.60000000000001,298.1746706614956,298.1728750063518,298.1286712701628,298.17155679454845,298.1570444711446,100000.0,99999.99999998574
91.7,298.17452254133883,298.1727376671269,298.1287993256999,298.17142736973386,298.15700217685225,100000.0,99999.99999998577
91.80000000000001,298.1743753104805,298.1726011524728,298.1289266124045,298.1712987219729,298.1569601364906,100000.0,99999.99999998574
91.9,298.1742289635813,298.17246545743893,298.1290531348926,298.1711708466,298.156918348535,100000.0,99999.99999998571
92.0,298.1740834953341,298.1723305771043,298.12917889775247,298.17104373897797,298.15687681147006,100000.0,99999.99999998568
92.10000000000001,298.17393890046355,298.1721965065775,298.1293039055449,298.17091739449717,298.1568355237894,100000.0,99999.9999999857
92.2,298.17379517372603,298.17206324099664,298.12942816280315,298.1707918085759,298.15679448399584,100000.0,99999.99999998565
92.30000000000001,298.17365230990924,298.17193077552884,298.12955167403334,298.1706669766598,298.1567536906011,100000.0,99999.99999998565
92.4,298.17351030383236,298.1717991053704,298.12967444371463,298.17054289422185,298.15671314212574,100000.0,99999.99999998562
92.5,298.1733691503457,298.1716682257462,298.1297964762992,298.1704195567624,298.15667283709934,100000.0,99999.99999998562
92.60000000000001,298.1732288443302,298.17153813191,298.12991777621244,298.1702969598085,298.1566327740602,100000.0,99999.99999998562
92.7,298.1730893806979,298.17140881914406,298.1300383478532,298.17017509891434,298.1565929515555,100000.0,99999.9999999856
92.80000000000001,298.1729507543911,298.1712802827589,298.13015819559416,298.1700539696607,298.15655336814115,100000.0,99999.9999999856
92.9,298.1728129603826,298.1711525180932,298.1302773237813,298.1699335676548,298.15651402238154,100000.0,99999.99999998556
93.0,298.17267599367545,298.1710255205136,298.1303957367349,298.1698138885304,298.15647491284994,100000.0,99999.99999998556
93.10000000000001,298.17253984930255,298.17089928541463,298.13051343874906,298.1696949279474,298.156436038128,100000.0,99999.99999998554
93.2,298.1724045223267,298.1707738082185,298.13063043409227,298.1695766815916,298.15639739680597,100000.0,99999.99999998554
93.30000000000001,298.17227000784027,298.1706490843747,298.13074672700725,298.16945914517504,298.1563589874825,100000.0,99999.99999998554
93.4,298.1721363009653,298.17052510936026,298.13086232171133,298.1693423144352,298.15632080876475,100000.0,99999.9999999855
93.5,298.1720033968528,298.1704018786793,298.1309772223965,298.1692261851354,298.1562828592681,100000.0,99999.9999999855
93.60000000000001,298.1718712906832,298.1702793878628,298.1310914332295,298.1691107530641,298.15624513761645,100000.0,99999.99999998549
93.7,298.17173997766565,298.1701576324689,298.13120495835227,298.16899601403526,298.15620764244176,100000.0,99999.99999998548
93.80000000000001,298.17160945303823,298.170036608082,298.13131780188166,298.16888196388794,298.15617037238434,100000.0,99999.99999998548
93.9,298.1714797120675,298.1699163103133,298.13142996791,298.1687685984862,298.1561333260925,100000.0,99999.99999998545
94.0,298.17135075004836,298.1697967348002,298.13154146050476,298.1686559137189,298.15609650222297,100000.0,99999.99999998543
94.10000000000001,298.17122256230414,298.16967787720637,298.1316522837093,298.1685439054996,298.15605989944015,100000.0,99999.99999998542
94.2,298.1710951441862,298.1695597332216,298.1317624415425,298.1684325697662,298.15602351641667,100000.0,99999.99999998543
94.30000000000001,298.1709684910738,298.1694422985613,298.13187193799916,298.1683219024813,298.1559873518333,100000.0,99999.99999998542
94.4,298.17084259837384,298.1693255689669,298.1319807770502,298.1682118996317,298.15595140437836,100000.0,99999.9999999854
94.5,298.1707174615209,298.1692095402051,298.1320889626426,298.16810255722794,298.15591567274834,100000.0,99999.99999998539
94.60000000000001,298.17059307597697,298.16909420806826,298.13219649869967,298.167993871305,298.1558801556474,100000.0,99999.99999998538
94.7,298.1704694372313,298.16897956837397,298.1323033891211,298.1678858379213,298.15584485178755,100000.0,99999.99999998536
94.80000000000001,298.1703465408002,298.16886561696475,298.1324096377832,298.16777845315914,298.1558097598885,100000.0,99999.99999998533
94.9,298.17022438222676,298.16875234970826,298.13251524853916,298.1676717131242,298.1557748786777,100000.0,99999.99999998532
95.0,298.1701029570811,298.168639762497,298.13262022521883,298.16756561394567,298.1557402068901,100000.0,99999.9999999853
95.10000000000001,298.1699822609596,298.16852785124786,298.13272457162907,298.1674601517759,298.1557057432684,100000.0,99999.9999999853
95.2,298.16986228948554,298.16841661190267,298.132828291554,298.1673553227903,298.1556714865628,100000.0,99999.9999999853
95.30000000000001,298.16974303830807,298.1683060404272,298.132931388755,298.1672511231873,298.155637435531,100000.0,99999.99999998529
95.4,298.16962450310257,298.16819613281166,298.1330338669709,298.1671475491882,298.15560358893816,100000.0,99999.99999998527
95.5,298.16950667957053,298.16808688507035,298.13313572991785,298.1670445970369,298.1555699455569,100000.0,99999.99999998524
95.60000000000001,298.16938956343904,298.1679782932414,298.13323698129,298.166942263,298.15553650416706,100000.0,99999.99999998524
95.7,298.16927315046087,298.1678703533869,298.13333762475924,298.1668405433662,298.15550326355594,100000.0,99999.99999998522
95.80000000000001,298.1691574364145,298.16776306159227,298.1334376639752,298.16673943444687,298.1554702225181,100000.0,99999.99999998523
95.9,298.1690424171036,298.16765641396677,298.1335371025658,298.16663893257527,298.1554373798553,100000.0,99999.99999998519
96.0,298.168928088357,298.1675504066428,298.13363594413715,298.1665390341067,298.15540473437653,100000.0,99999.99999998519
96.10000000000001,298.1688144460286,298.16744503577615,298.1337341922738,298.1664397354184,298.15537228489785,100000.0,99999.99999998517
96.2,298.16870148599725,298.1673402975455,298.13383185053846,298.16634103290943,298.1553400302426,100000.0,99999.99999998516
96.30000000000001,298.16858920416655,298.1672361881526,298.1339289224728,298.16624292300037,298.15530796924105,100000.0,99999.99999998516
96.4,298.1684775964645,298.16713270382195,298.1340254115971,298.1661454021332,298.1552761007305,100000.0,99999.99999998516
96.5,298.168366658844,298.16702984080075,298.1341213214104,298.16604846677154,298.15524442355525,100000.0,99999.99999998513
96.60000000000001,298.1682563872816,298.16692759535874,298.1342166553909,298.16595211339995,298.1552129365666,100000.0,99999.9999999851
96.7,298.16814677777853,298.166825963788,298.13431141699584,298.1658563385243,298.15518163862265,100000.0,99999.99999998508
96.80000000000001,298.16803782635986,298.16672494240294,298.1344056096617,298.16576113867126,298.1551505285883,100000.0,99999.99999998507
96.9,298.1679295290745,298.1666245275401,298.13449923680434,298.1656665103885,298.1551196053355,100000.0,99999.99999998507
97.0,298.167821881995,298.1665247155579,298.134592301819,298.16557245024444,298.1550888677428,100000.0,99999.99999998506
97.10000000000001,298.16771488121776,298.1664255028368,298.1346848080808,298.16547895482796,298.1550583146955,100000.0,99999.99999998504
97.2,298.16760852286234,298.16632688577874,298.1347767589443,298.1653860207485,298.15502794508564,100000.0,99999.99999998504
97.30000000000001,298.1675028030718,298.1662288608076,298.13486815774417,298.1652936446358,298.15499775781177,100000.0,99999.99999998501
97.4,298.1673977180121,298.1661314243685,298.1349590077948,298.16520182314,298.15496775177934,100000.0,99999.999999985
97.5,298.1672932638725,298.16603457292786,298.135049312391,298.16511055293114,298.1549379259,100000.0,99999.999999985
97.60000000000001,298.16718943686504,298.16593830297353,298.1351390748075,298.1650198306994,298.15490827909224,100000.0,99999.999999985
97.7,298.1670862332244,298.1658426110142,298.1352282982996,298.1649296531548,298.15487881028093,100000.0,99999.99999998497
97.80000000000001,298.16698364920796,298.1657474935798,298.1353169861028,298.164840017027,298.1548495183974,100000.0,99999.99999998495
97.9,298.16688168109556,298.1656529472208,298.13540514143335,298.1647509190655,298.1548204023793,100000.0,99999.99999998495
98.0,298.16678032518945,298.1655589685086,298.13549276748824,298.1646623560392,298.1547914611709,100000.0,99999.99999998495
98.10000000000001,298.16667957781397,298.1654655540351,298.1355798674452,298.1645743247362,298.1547626937226,100000.0,99999.99999998492
98.2,298.1665794353155,298.1653727004126,298.1356664444628,298.1644868219643,298.1547340989911,100000.0,99999.99999998492
98.30000000000001,298.16647989406243,298.165280404274,298.1357525016808,298.16439984455025,298.1547056759395,100000.0,99999.9999999849
98.4,298.16638095044505,298.16518866227193,298.1358380422199,298.1643133893398,298.154677423537,100000.0,99999.9999999849
98.5,298.1662826008751,298.16509747107955,298.13592306918224,298.1642274531976,298.1546493407591,100000.0,99999.99999998487
98.60000000000001,298.16618484178605,298.16500682738996,298.1360075856513,298.1641420330074,298.15462142658737,100000.0,99999.99999998485
98.7,298.16608766963265,298.16491672791585,298.1360915946921,298.1640571256713,298.1545936800095,100000.0,99999.99999998484
98.80000000000001,298.16599108089105,298.1648271693899,298.1361750993511,298.16397272811037,298.1545661000192,100000.0,99999.99999998482
98.9,298.16589507205845,298.1647381485643,298.1362581026565,298.16388883726376,298.1545386856165,100000.0,99999.99999998481
99.0,298.16579963965324,298.16464966221076,298.13634060761854,298.16380545008934,298.154511435807,100000.0,99999.99999998478
99.10000000000001,298.1657047802145,298.1645617071203,298.1364226172291,298.16372256356306,298.1544843496026,100000.0,99999.99999998475
99.2,298.16561049030224,298.1644742801033,298.13650413446214,298.1636401746792,298.1544574260211,100000.0,99999.99999998475
99.30000000000001,298.16551676649715,298.16438737798927,298.13658516227406,298.1635582804497,298.1544306640861,100000.0,99999.99999998476
99.4,298.1654236054002,298.16430099762675,298.13666570360317,298.163476877905,298.1544040628269,100000.0,99999.99999998474
99.5,298.16533100363307,298.1642151358832,298.1367457613703,298.1633959640929,298.1543776212791,100000.0,99999.99999998472
99.60000000000001,298.16523895783763,298.1641297896449,298.13682533847873,298.1633155360792,298.1543513384836,100000.0,99999.9999999847
99.7,298.1651474646758,298.16404495581673,298.13690443781417,298.1632355909471,298.15432521348737,100000.0,99999.99999998468
99.80000000000001,298.1650565208297,298.1639606313223,298.13698306224524,298.1631561257975,298.154299245343,100000.0,99999.99999998466
99.9,298.16496612300125,298.1638768131036,298.13706121462315,298.16307713774864,298.1542734331087,100000.0,99999.99999998463
100.0,298.1648762679122,298.16379349812104,298.1371388977821,298.162998623936,298.1542477758485,100000.0,99999.99999998462
100.10000000000001,298.16478695230404,298.1637106833532,298.1372161145392,298.1629205815124,298.15422227263184,100000.0,99999.9999999846
100.2,298.16469817293773,298.16362836579685,298.1372928676948,298.1628430076476,298.1541969225339,100000.0,99999.9999999846
100.30000000000001,298.16460992659376,298.1635465424668,298.1373691600321,298.16276589952844,298.1541717246355,100000.0,99999.9999999846
100.4,298.16452221007194,298.1634652103957,298.13744499431795,298.16268925435867,298.15414667802264,100000.0,99999.99999998459
100.5,298.16443502019126,298.1633843666342,298.13752037330244,298.1626130693587,298.1541217817871,100000.0,99999.99999998456
100.60000000000001,298.16434835378976,298.16330400825046,298.1375952997191,298.16253734176576,298.15409703502604,100000.0,99999.99999998457
100.7,298.16426220772456,298.16322413233024,298.1376697762852,298.16246206883363,298.15407243684206,100000.0,99999.99999998455
100.80000000000001,298.16417657887166,298.1631447359771,298.13774380570146,298.1623872478326,298.15404798634313,100000.0,99999.99999998453
100.9,298.16409146412576,298.1630658163115,298.1378173906526,298.16231287604927,298.1540236826425,100000.0,99999.99999998452
101.0,298.16400686040015,298.1629873704717,298.1378905338071,298.1622389507867,298.15399952485876,100000.0,99999.9999999845
101.10000000000001,298.16392276462676,298.1629093956127,298.13796323781753,298.1621654693638,298.153975512116,100000.0,99999.99999998449
101.2,298.16383917375583,298.1628318889069,298.13803550532043,298.16209242911594,298.1539516435432,100000.0,99999.99999998446
101.30000000000001,298.1637560847562,298.1627548475435,298.1381073389366,298.1620198273944,298.15392791827503,100000.0,99999.99999998446
101.4,298.1636734946144,298.1626782687287,298.13817874127096,298.1619476615662,298.15390433545093,100000.0,99999.99999998444
101.5,298.1635914003354,298.16260214968537,298.13824971491294,298.16187592901434,298.1538808942157,100000.0,99999.99999998441
101.60000000000001,298.1635097989423,298.16252648765305,298.13832026243637,298.16180462713754,298.1538575937193,100000.0,99999.99999998443
101.7,298.1634286874756,298.16245127988793,298.1383903863996,298.16173375334995,298.1538344331167,100000.0,99999.99999998439
101.80000000000001,298.163348062994,298.16237652366266,298.1384600893456,298.16166330508145,298.15381141156803,100000.0,99999.99999998437
101.9,298.1632679225736,298.16230221626614,298.13852937380216,298.16159327977715,298.1537885282384,100000.0,99999.99999998434
102.0,298.16318826330814,298.1622283550038,298.1385982422819,298.16152367489775,298.15376578229797,100000.0,99999.99999998434
102.10000000000001,298.16310908230895,298.1621549371969,298.13866669728213,298.16145448791906,298.15374317292185,100000.0,99999.99999998436
102.2,298.16303037670446,298.1620819601832,298.1387347412856,298.16138571633195,298.15372069929015,100000.0,99999.99999998433
102.30000000000001,298.1629521436404,298.16200942131604,298.1388023767597,298.1613173576425,298.15369836058784,100000.0,99999.9999999843
102.4,298.1628743802798,298.1619373179649,298.1388696061573,298.1612494093716,298.1536761560049,100000.0,99999.99999998428
102.5,298.1627970838025,298.161865647515,298.13893643191636,298.1611818690553,298.15365408473605,100000.0,99999.99999998428
102.60000000000001,298.1627202514054,298.1617944073672,298.13900285646025,298.16111473424434,298.1536321459808,100000.0,99999.99999998425
102.7,298.16264388030237,298.1617235949381,298.139068882198,298.1610480025039,298.1536103389436,100000.0,99999.9999999842
102.80000000000001,298.16256796772365,298.16165320765964,298.1391345115238,298.1609816714141,298.15358866283367,100000.0,99999.99999998423
102.9,298.16249251091637,298.1615832429793,298.1391997468179,298.1609157385695,298.1535671168649,100000.0,99999.9999999842
103.0,298.16241750714414,298.16151369835984,298.1392645904458,298.1608502015789,298.153545700256,100000.0,99999.9999999842
103.10000000000001,298.162342953687,298.16144457127916,298.1393290447591,298.16078505806587,298.1535244122302,100000.0,99999.9999999842
103.2,298.16226884784123,298.1613758592306,298.13939311209526,298.1607203056679,298.1535032520156,100000.0,99999.99999998418
103.30000000000001,298.16219518691946,298.1613075597221,298.13945679477763,298.1606559420368,298.1534822188448,100000.0,99999.99999998414
103.4,298.16212196825046,298.16123967027704,298.1395200951156,298.1605919648384,298.15346131195497,100000.0,99999.99999998414
103.5,298.1620491891789,298.16117218843334,298.1395830154047,298.16052837175255,298.153440530588,100000.0,99999.99999998411
103.60000000000001,298.1619768470656,298.1611051117438,298.13964555792677,298.1604651604733,298.1534198739903,100000.0,99999.99999998411
103.7,298.16190493928696,298.16103843777586,298.13970772494986,298.1604023287081,298.15339934141264,100000.0,99999.9999999841
103.80000000000001,298.1618334632354,298.16097216411174,298.1397695187285,298.1603398741785,298.15337893211057,100000.0,99999.99999998408
103.9,298.16176241631877,298.160906288348,298.1398309415035,298.16027779461956,298.15335864534387,100000.0,99999.99999998405
104.0,298.1616917959607,298.1608408080956,298.1398919955023,298.16021608778,298.1533384803769,100000.0,99999.99999998405
104.10000000000001,298.16162159960004,298.16077572098004,298.1399526829391,298.16015475142206,298.1533184364783,100000.0,99999.99999998404
104.2,298.1615518246913,298.16071102464105,298.14001300601467,298.16009378332143,298.15329851292125,100000.0,99999.99999998402
104.30000000000001,298.16148246870404,298.16064671673223,298.14007296691665,298.16003318126707,298.15327870898324,100000.0,99999.999999984
104.4,298.1614135291231,298.16058279492165,298.14013256781936,298.15997294306135,298.153259023946,100000.0,99999.999999984
104.5,298.16134500344845,298.1605192568911,298.14019181088435,298.1599130665198,298.1532394570959,100000.0,99999.99999998396
104.60000000000001,298.16127688919505,298.1604561003365,298.14025069825993,298.1598535494708,298.15322000772306,100000.0,99999.99999998396
104.7,298.16120918389265,298.1603933229675,298.1403092320817,298.15979438975626,298.15320067512226,100000.0,99999.99999998393
104.80000000000001,298.1611418850861,298.1603309225074,298.1403674144723,298.1597355852306,298.1531814585925,100000.0,99999.99999998392
104.9,298.1610749903348,298.1602688966934,298.14042524754166,298.1596771337614,298.1531623574368,100000.0,99999.9999999839
105.0,298.1610084972128,298.1602072432761,298.14048273338716,298.1596190332289,298.1531433709626,100000.0,99999.99999998389
105.10000000000001,298.16094240330875,298.16014596001963,298.14053987409346,298.1595612815261,298.1531244984812,100000.0,99999.99999998388
105.2,298.16087670622585,298.1600850447017,298.14059667173274,298.15950387655874,298.1531057393083,100000.0,99999.99999998388
105.30000000000001,298.16081140358153,298.16002449511313,298.1406531283647,298.15944681624495,298.15308709276354,100000.0,99999.99999998385
105.4,298.16074649300776,298.15996430905824,298.1407092460368,298.15939009851553,298.1530685581708,100000.0,99999.99999998382
105.5,298.1606819721505,298.15990448435434,298.1407650267841,298.15933372131366,298.15305013485784,100000.0,99999.99999998379
105.60000000000001,298.16061783866996,298.15984501883185,298.14082047262934,298.15927768259473,298.15303182215655,100000.0,99999.99999998379
105.7,298.1605540902403,298.15978591033434,298.14087558558333,298.1592219803266,298.15301361940294,100000.0,99999.99999998376
105.80000000000001,298.16049072454973,298.1597271567183,298.14093036764484,298.15916661248934,298.15299552593683,100000.0,99999.99999998376
105.9,298.1604277393004,298.15966875585303,298.1409848208003,298.1591115770749,298.15297754110196,100000.0,99999.99999998373
106.0,298.1603651322082,298.15961070562065,298.1410389470245,298.15905687208755,298.1529596642463,100000.0,99999.99999998372
106.10000000000001,298.16030290100264,298.159553003916,298.14109274828036,298.1590024955434,298.1529418947215,100000.0,99999.9999999837
106.2,298.1602410434268,298.1594956486465,298.14114622651897,298.15894844547057,298.1529242318831,100000.0,99999.99999998367
106.30000000000001,298.1601795572377,298.1594386377323,298.1411993836796,298.15889471990886,298.15290667509055,100000.0,99999.99999998366
106.4,298.1601184402055,298.1593819691058,298.14125222169,298.15884131691,298.15288922370723,100000.0,99999.99999998364
106.5,298.1600576901137,298.15932564071204,298.14130474246633,298.1587882345374,298.15287187710027,100000.0,99999.99999998364
106.60000000000001,298.1599973047594,298.1592696505083,298.1413569479132,298.15873547086596,298.15285463464056,100000.0,99999.99999998361
106.7,298.1599372819526,298.159213996464,298.14140883992394,298.15868302398223,298.1528374957029,100000.0,99999.9999999836
106.80000000000001,298.1598776195167,298.15915867656105,298.1414604203802,298.1586308919843,298.15282045966563,100000.0,99999.99999998359
106.9,298.15981831528796,298.15910368879315,298.1415116911527,298.15857907298164,298.152803525911,100000.0,99999.99999998356
107.0,298.15975936711584,298.1590490311662,298.14156265410065,298.15852756509497,298.1527866938249,100000.0,99999.99999998357
107.10000000000001,298.1597007728626,298.15899470169825,298.1416133110722,298.1584763664565,298.152769962797,100000.0,99999.99999998354
107.2,298.15964253040335,298.15894069841886,298.1416636639044,298.1584254752095,298.15275333222047,100000.0,99999.99999998353
107.30000000000001,298.1595846376259,298.1588870193697,298.1417137144233,298.1583748895084,298.15273680149227,100000.0,99999.9999999835
107.4,298.15952709243084,298.158833662604,298.1417634644439,298.1583246075187,298.15272037001284,100000.0,99999.99999998348
107.5,298.1594698927313,298.1587806261871,298.14181291577046,298.158274627417,298.15270403718637,100000.0,99999.99999998348
107.60000000000001,298.159413036453,298.1587279081954,298.1418620701962,298.15822494739075,298.15268780242053,100000.0,99999.99999998347
107.7,298.15935652153405,298.1586755067172,298.1419109295038,298.1581755656384,298.15267166512666,100000.0,99999.99999998344
107.80000000000001,298.1593003459249,298.1586234198522,298.141959495465,298.158126480369,298.1526556247194,100000.0,99999.99999998345
107.9,298.1592445075885,298.1585716457114,298.14200776984114,298.15807768980267,298.1526396806171,100000.0,99999.99999998343
108.0,298.1591890044998,298.1585201824174,298.1420557543828,298.15802919217,298.15262383224166,100000.0,99999.99999998341
108.10000000000001,298.159133834646,298.15846902810375,298.1421034508301,298.15798098571213,298.1526080790182,100000.0,99999.99999998341
108.2,298.15907899602644,298.1584181809154,298.1421508609128,298.157933068681,298.1525924203755,100000.0,99999.99999998338
108.30000000000001,298.15902448665247,298.15836763900853,298.1421979863501,298.1578854393388,298.15257685574574,100000.0,99999.99999998335
108.4,298.1589703045472,298.1583174005501,298.14224482885106,298.1578380959585,298.15256138456436,100000.0,99999.99999998335
108.5,298.1589164477458,298.1582674637183,298.1422913901144,298.15779103682297,298.1525460062705,100000.0,99999.99999998334
108.60000000000001,298.15886291429524,298.1582178267022,298.1423376718286,298.1577442602258,298.1525307203063,100000.0,99999.99999998332
108.7,298.1588097022541,298.1581684877017,298.1423836756721,298.15769776447047,298.1525155261175,100000.0,99999.99999998331
108.80000000000001,298.1587568096926,298.1581194449276,298.14242940331314,298.15765154787107,298.15250042315307,100000.0,99999.9999999833
108.9,298.1587042346928,298.15807069660127,298.14247485641005,298.1576056087514,298.15248541086527,100000.0,99999.9999999833
109.0,298.1586519753479,298.15802224095506,298.1425200366112,298.1575599454456,298.1524704887098,100000.0,99999.9999999833
109.10000000000001,298.1586000297628,298.15797407623165,298.14256494555497,298.15751455629766,298.15245565614543,100000.0,99999.99999998327
109.2,298.1585483960538,298.1579262006843,298.14260958486994,298.1574694396615,298.15244091263423,100000.0,99999.99999998324
109.30000000000001,298.1584970723484,298.15787861257695,298.142653956175,298.1574245939011,298.15242625764165,100000.0,99999.9999999832
109.4,298.15844605678524,298.1578313101837,298.1426980610793,298.15738001739015,298.1524116906361,100000.0,99999.99999998319
109.5,298.15839534751444,298.1577842917893,298.14274190118215,298.15733570851205,298.1523972110894,100000.0,99999.99999998318
109.60000000000001,298.1583449426969,298.15773755568864,298.1427854780734,298.15729166565995,298.1523828184764,100000.0,99999.99999998316
109.7,298.1582948405048,298.15769110018675,298.1428287933335,298.15724788723674,298.15236851227525,100000.0,99999.99999998313
109.80000000000001,298.15824503912125,298.157644923599,298.1428718485331,298.1572043716547,298.1523542919671,100000.0,99999.99999998313
109.9,298.15819553674015,298.15759902425077,298.14291464523365,298.1571611173358,298.1523401570362,100000.0,99999.99999998312
110.0,298.15814633156634,298.15755340047764,298.14295718498715,298.1571181227115,298.15232610696995,100000.0,99999.99999998312
110.10000000000001,298.15809742181546,298.157508050625,298.14299946933636,298.15707538622263,298.1523121412589,100000.0,99999.99999998309
110.2,298.1580488057137,298.15746297304827,298.14304149981444,298.1570329063192,298.1522982593967,100000.0,99999.99999998306
110.30000000000001,298.1580004814981,298.15741816611285,298.1430832779459,298.15699068146085,298.1522844608796,100000.0,99999.99999998306
110.4,298.1579524474163,298.1573736281937,298.14312480524563,298.1569487101163,298.15227074520755,100000.0,99999.99999998305
110.5,298.1579047017262,298.1573293576756,298.1431660832196,298.15690699076345,298.15225711188293,100000.0,99999.99999998305
110.60000000000001,298.15785724269637,298.1572853529533,298.14320711336495,298.15686552188936,298.1522435604114,100000.0,99999.99999998303
110.7,298.1578100686058,298.1572416124309,298.1432478971694,298.15682430199024,298.1522300903016,100000.0,99999.999999983
110.80000000000001,298.1577631777437,298.1571981345222,298.1432884361119,298.1567833295712,298.1522167010649,100000.0,99999.99999998299
110.9,298.15771656840957,298.1571549176505,298.1433287316628,298.1567426031464,298.1522033922159,100000.0,99999.99999998297
111.0,298.15767023891317,298.1571119602484,298.1433687852832,298.156702121239,298.1521901632718,100000.0,99999.99999998296
111.10000000000001,298.15762418757436,298.15706926075825,298.1434085984258,298.1566618823808,298.15217701375303,100000.0,99999.99999998297
111.2,298.1575784127232,298.15702681763156,298.1434481725343,298.15662188511266,298.1521639431826,100000.0,99999.99999998295
111.30000000000001,298.1575329126996,298.15698462932914,298.14348750904384,298.1565821279841,298.1521509510866,100000.0,99999.99999998293
111.4,298.1574876858535,298.15694269432095,298.14352660938096,298.1565426095533,298.1521380369938,100000.0,99999.99999998292
111.5,298.15744273054486,298.15690101108635,298.14356547496357,298.15650332838715,298.1521252004358,100000.0,99999.9999999829
111.60000000000001,298.1573980451433,298.15685957811365,298.1436041072012,298.15646428306115,298.1521124409473,100000.0,99999.99999998289
111.7,298.1573536280283,298.15681839390027,298.14364250749475,298.1564254721594,298.1520997580655,100000.0,99999.99999998287
111.80000000000001,298.1573094775893,298.1567774569528,298.14368067723683,298.1563868942743,298.1520871513304,100000.0,99999.99999998286
111.9,298.15726559222503,298.1567367657866,298.14371861781166,298.1563485480069,298.1520746202849,100000.0,99999.99999998284
112.0,298.15722197034404,298.15669631892615,298.1437563305951,298.1563104319667,298.1520621644745,100000.0,99999.99999998283
112.10000000000001,298.15717861036444,298.1566561149045,298.1437938169548,298.1562725447713,298.1520497834475,100000.0,99999.99999998281
112.2,298.1571355107137,298.15661615226367,298.14383107825023,298.15623488504684,298.15203747675497,100000.0,99999.9999999828
112.30000000000001,298.157092669829,298.15657642955455,298.14386811583256,298.15619745142754,298.15202524395056,100000.0,99999.9999999828
112.4,298.1570500861566,298.1565369453365,298.143904931045,298.15616024255587,298.1520130845907,100000.0,99999.99999998279
112.5,298.15700775815225,298.15649769817776,298.14394152522266,298.15612325708247,298.15200099823437,100000.0,99999.99999998276
112.60000000000001,298.156965684281,298.156458686655,298.1439778996925,298.1560864936662,298.1519889844433,100000.0,99999.99999998274
112.7,298.1569238630169,298.1564199093534,298.14401405577377,298.1560499509737,298.1519770427819,100000.0,99999.99999998274
112.80000000000001,298.15688229284353,298.1563813648669,298.14404999477756,298.15601362767984,298.1519651728169,100000.0,99999.99999998271
112.9,298.1568409722533,298.15634305179753,298.1440857180072,298.1559775224674,298.1519533741181,100000.0,99999.99999998268
113.0,298.1567998997477,298.156304968756,298.1441212267582,298.15594163402704,298.1519416462574,100000.0,99999.99999998265
113.10000000000001,298.15675907383724,298.1562671143612,298.1441565223182,298.15590596105716,298.1519299888096,100000.0,99999.99999998265
113.2,298.15671849304147,298.15622948724035,298.1441916059673,298.1558705022642,298.15191840135196,100000.0,99999.99999998265
113.30000000000001,298.1566781558886,298.1561920860289,298.14422647897766,298.15583525636225,298.1519068834642,100000.0,99999.99999998264
113.4,298.15663806091595,298.15615490937057,298.144261142614,298.15580022207314,298.1518954347287,100000.0,99999.99999998264
113.5,298.1565982066695,298.1561179559171,298.14429559813345,298.15576539812633,298.15188405473026,100000.0,99999.99999998263
113.60000000000001,298.1565585917039,298.15608122432843,298.14432984678535,298.15573078325906,298.1518727430562,100000.0,99999.9999999826
113.7,298.15651921458254,298.15604471327254,298.14436388981187,298.15569637621593,298.1518614992963,100000.0,99999.9999999826
113.80000000000001,298.15648007387745,298.1560084214253,298.14439772844753,298.15566217574917,298.15185032304277,100000.0,99999.99999998257
113.9,298.1564411681692,298.1559723474707,298.14443136391935,298.1556281806185,298.1518392138903,100000.0,99999.99999998257
114.0,298.1564024960469,298.15593649010043,298.14446479744726,298.1555943895913,298.1518281714361,100000.0,99999.99999998254
114.10000000000001,298.15636405610803,298.1559008480142,298.1444980302436,298.1555608014418,298.15181719527965,100000.0,99999.99999998254
114.2,298.1563258469588,298.15586541991945,298.1445310635136,298.1555274149523,298.151806285023,100000.0,99999.99999998252
114.30000000000001,298.15628786721334,298.1558302045314,298.14456389845526,298.15549422891195,298.15179544027035,100000.0,99999.9999999825
114.4,298.15625011549446,298.1557952005729,298.1445965362592,298.1554612421171,298.1517846606285,100000.0,99999.9999999825
114.5,298.15621259043303,298.1557604067748,298.14462897810904,298.15542845337177,298.1517739457066,100000.0,99999.99999998246
114.60000000000001,298.15617529066833,298.155725821875,298.1446612251813,298.1553958614867,298.1517632951159,100000.0,99999.99999998244
114.7,298.1561382148476,298.1556914446195,298.14469327864543,298.1553634652799,298.1517527084704,100000.0,99999.99999998244
114.80000000000001,298.15610136162644,298.15565727376156,298.1447251396638,298.1553312635768,298.15174218538596,100000.0,99999.99999998242
114.9,298.1560647296682,298.155623308062,298.1447568093918,298.15529925520934,298.1517317254811,100000.0,99999.99999998239
115.0,298.15602831764454,298.155589546289,298.144788288978,298.155267439017,298.1517213283764,100000.0,99999.9999999824
115.10000000000001,298.155992124235,298.15555598721835,298.1448195795639,298.1552358138458,298.1517109936949,100000.0,99999.99999998238
115.2,298.1559561481271,298.15552262963297,298.14485068228436,298.15520437854894,298.1517007210618,100000.0,99999.99999998236
115.30000000000001,298.15592038801606,298.1554894723231,298.14488159826715,298.15517313198643,298.15169051010446,100000.0,99999.99999998236
115.4,298.15588484260513,298.1554565140864,298.1449123286336,298.1551420730251,298.15168036045276,100000.0,99999.99999998235
115.5,298.1558495106052,298.15542375372763,298.14494287449793,298.1551112005386,298.1516702717385,100000.0,99999.99999998233
115.60000000000001,298.15581439073503,298.1553911900587,298.14497323696804,298.1550805134075,298.1516602435959,100000.0,99999.9999999823
115.7,298.1557794817211,298.15535882189874,298.14500341714495,298.1550500105187,298.15165027566127,100000.0,99999.99999998229
115.80000000000001,298.1557447822973,298.15532664807404,298.14503341612317,298.1550196907663,298.15164036757307,100000.0,99999.99999998228
115.9,298.1557102912053,298.1552946674176,298.14506323499046,298.15498955305054,298.151630518972,100000.0,99999.99999998226
116.0,298.15567600719436,298.15526287876986,298.1450928748284,298.15495959627856,298.151620729501,100000.0,99999.99999998225
116.10000000000001,298.15564192902116,298.15523128097794,298.14512233671167,298.15492981936404,298.151610998805,100000.0,99999.99999998222
116.2,298.1556080554499,298.155199872896,298.14515162170875,298.15490022122714,298.1516013265311,100000.0,99999.9999999822
116.30000000000001,298.15557438525207,298.1551686533849,298.14518073088175,298.1548708007944,298.1515917123285,100000.0,99999.99999998219
116.4,298.15554091720674,298.15513762131263,298.14520966528613,298.15484155699903,298.1515821558486,100000.0,99999.99999998217
116.5,298.1555076501001,298.15510677555386,298.14523842597134,298.15481248878035,298.1515726567449,100000.0,99999.99999998217
116.60000000000001,298.1554745827259,298.1550761149898,298.1452670139803,298.1547835950844,298.1515632146728,100000.0,99999.99999998216
116.7,298.1554417138848,298.1550456385088,298.14529543034973,298.1547548748633,298.15155382929004,100000.0,99999.99999998213
116.80000000000001,298.1554090423849,298.1550153450054,298.14532367611014,298.15472632707537,298.1515445002561,100000.0,99999.99999998213
116.9,298.15537656704146,298.1549852333811,298.1453517522858,298.1546979506856,298.1515352272327,100000.0,99999.99999998212
117.0,298.1553442866766,298.15495530254407,298.14537965989507,298.1546697446647,298.15152600988364,100000.0,99999.9999999821
117.10000000000001,298.15531220011985,298.1549255514087,298.1454073999498,298.15464170799004,298.15151684787463,100000.0,99999.9999999821
117.2,298.1552803062075,298.15489597889615,298.1454349734561,298.15461383964464,298.1515077408734,100000.0,99999.99999998207
117.30000000000001,298.155248603783,298.15486658393394,298.1454623814138,298.154586138618,298.1514986885496,100000.0,99999.99999998207
117.4,298.15521709169667,298.15483736545616,298.14548962481695,298.1545586039055,298.15148969057515,100000.0,99999.99999998204
117.5,298.1551857688057,298.15480832240314,298.1455167046534,298.1545312345086,298.1514807466236,100000.0,99999.99999998203
117.60000000000001,298.15515463397423,298.15477945372163,298.1455436219053,298.15450402943486,298.1514718563706,100000.0,99999.99999998203
117.7,298.1551236860731,298.1547507583648,298.14557037754867,298.1544769876976,298.1514630194938,100000.0,99999.99999998198
117.80000000000001,298.1550929239801,298.154722235292,298.1455969725539,298.1544501083162,298.1514542356727,100000.0,99999.99999998198
117.9,298.1550623465795,298.1546938834689,298.1456234078854,298.1544233903159,298.15144550458876,100000.0,99999.99999998196
118.0,298.15503195276256,298.1546657018672,298.1456496845019,298.15439683272774,298.1514368259254,100000.0,99999.99999998196
118.10000000000001,298.155001741427,298.15463768946495,298.1456758033562,298.15437043458866,298.15142819936784,100000.0,99999.99999998193
118.2,298.1549717114773,298.15460984524645,298.1457017653956,298.15434419494136,298.15141962460325,100000.0,99999.99999998193
118.30000000000001,298.15494186182434,298.1545821682017,298.14572757156145,298.15431811283423,298.15141110132066,100000.0,99999.99999998193
118.4,298.1549121913857,298.1545546573272,298.1457532227897,298.15429218732146,298.1514026292111,100000.0,99999.9999999819
118.5,298.15488269908536,298.1545273116252,298.14577872001064,298.1542664174628,298.1513942079671,100000.0,99999.9999999819
118.60000000000001,298.15485338385383,298.154500130104,298.1458040641488,298.1542408023238,298.15138583728344,100000.0,99999.99999998187
118.7,298.15482424462795,298.154473111778,298.14582925612336,298.1542153409755,298.1513775168565,100000.0,99999.99999998184
118.80000000000001,298.15479528035104,298.1544462556672,298.1458542968478,298.15419003249457,298.1513692463846,100000.0,99999.99999998182
118.9,298.1547664899727,298.1544195607978,298.1458791872303,298.1541648759632,298.1513610255678,100000.0,99999.99999998184
119.0,298.15473787244895,298.15439302620166,298.1459039281734,298.15413987046907,298.1513528541079,100000.0,99999.9999999818
119.10000000000001,298.1547094267419,298.1543666509166,298.14592852057444,298.1541150151054,298.15134473170866,100000.0,99999.99999998178
119.2,298.15468115182,298.1543404339861,298.1459529653252,298.1540903089708,298.1513366580754,100000.0,99999.99999998177
119.30000000000001,298.1546530466578,298.1543143744593,298.14597726331215,298.1540657511694,298.1513286329155,100000.0,99999.99999998177
119.4,298.1546251102362,298.1542884713914,298.14600141541644,298.1540413408106,298.15132065593787,100000.0,99999.99999998172
119.5,298.15459734154206,298.15426272384286,298.14602542251384,298.154017077009,298.1513127268531,100000.0,99999.99999998171
119.60000000000001,298.1545697395684,298.1542371308799,298.14604928547516,298.1539929588849,298.15130484537383,100000.0,99999.9999999817
119.7,298.1545423033141,298.1542116915746,298.1460730051656,298.1539689855635,298.1512970112142,100000.0,99999.99999998166
119.80000000000001,298.1545150317843,298.15418640500434,298.14609658244547,298.15394515617555,298.15128922409,100000.0,99999.99999998166
119.9,298.1544879239901,298.154161270252,298.14612001816977,298.15392146985675,298.15128148371895,100000.0,99999.99999998165
120.0,298.1544609789483,298.15413628640624,298.1461433131883,298.1538979257483,298.15127378982027,100000.0,99999.99999998164
120.10000000000001,298.1544341956818,298.1541114525609,298.1461664683459,298.1538745229963,298.15126614211505,100000.0,99999.99999998162
120.2,298.1544075732193,298.15408676781556,298.14618948448225,298.15385126075205,298.1512585403258,100000.0,99999.9999999816
120.30000000000001,298.1543811105954,298.1540622312748,298.14621236243204,298.153828138172,298.1512509841769,100000.0,99999.99999998159
120.4,298.1543548068505,298.15403784204904,298.146235103025,298.1538051544175,298.15124347339446,100000.0,99999.99999998158
120.5,298.1543286610305,298.1540135992537,298.14625770708574,298.15378230865514,298.15123600770596,100000.0,99999.99999998155
120.60000000000001,298.15430267218744,298.1539895020096,298.14628017543396,298.1537596000565,298.15122858684066,100000.0,99999.99999998155
120.7,298.15427683937867,298.153965549443,298.14630250888445,298.15373702779794,298.15122121052946,100000.0,99999.99999998155
120.80000000000001,298.1542511616676,298.1539417406852,298.14632470824716,298.1537145910609,298.15121387850496,100000.0,99999.99999998153
120.9,298.15422563812285,298.1539180748727,298.1463467743272,298.1536922890318,298.15120659050115,100000.0,99999.99999998152
121.0,298.15420026781885,298.15389455114735,298.1463687079247,298.15367012090184,298.1511993462538,100000.0,99999.99999998152
121.10000000000001,298.15417504983566,298.1538711686561,298.1463905098351,298.15364808586713,298.1511921455002,100000.0,99999.99999998152
121.2,298.15414998325855,298.15384792655095,298.146412180849,298.1536261831285,298.1511849879791,100000.0,99999.99999998149
121.30000000000001,298.15412506717877,298.1538248239891,298.1464337217524,298.1536044118917,298.15117787343115,100000.0,99999.99999998149
121.4,298.15410030069256,298.15380186013266,298.1464551333263,298.15358277136716,298.15117080159814,100000.0,99999.99999998146
121.5,298.15407568290186,298.1537790341489,298.14647641634735,298.1535612607702,298.15116377222375,100000.0,99999.99999998145
121.60000000000001,298.1540512129138,298.15375634521,298.14649757158725,298.15353987932065,298.151156785053,100000.0,99999.99999998143
121.7,298.1540268898412,298.1537337924932,298.14651859981325,298.15351862624317,298.1511498398325,100000.0,99999.99999998143
121.80000000000001,298.1540027128018,298.15371137518065,298.1465395017879,298.153497500767,298.1511429363104,100000.0,99999.9999999814
121.9,298.15397868091895,298.15368909245933,298.14656027826925,298.15347650212607,298.15113607423643,100000.0,99999.99999998137
122.0,298.153954793321,298.15366694352133,298.1465809300106,298.1534556295589,298.1511292533616,100000.0,99999.99999998137
122.10000000000001,298.1539310491419,298.1536449275632,298.1466014577611,298.1534348823085,298.1511224734386,100000.0,99999.99999998137
122.2,298.15390744752034,298.15362304378675,298.14662186226496,298.1534142596224,298.15111573422155,100000.0,99999.99999998137
122.30000000000001,298.1538839876006,298.1536012913982,298.1466421442624,298.1533937607529,298.1511090354661,100000.0,99999.99999998133
122.4,298.15386066853176,298.1535796696088,298.1466623044886,298.1533733849566,298.1511023769293,100000.0,99999.99999998132
122.5,298.1538374894683,298.15355817763447,298.1466823436749,298.1533531314944,298.1510957583697,100000.0,99999.99999998132
122.60000000000001,298.1538144495696,298.1535368146958,298.14670226254805,298.153332999632,298.1510891795473,100000.0,99999.99999998129
122.7,298.1537915480001,298.15351558001805,298.1467220618302,298.15331298863924,298.15108264022336,100000.0,99999.99999998126
122.80000000000001,298.15376878392937,298.1534944728311,298.14674174223944,298.1532930977905,298.15107614016097,100000.0,99999.99999998127
122.9,298.1537461565317,298.1534734923696,298.14676130448953,298.1532733263644,298.15106967912425,100000.0,99999.99999998123
123.0,298.1537236649867,298.15345263787265,298.14678074928986,298.1532536736439,298.15106325687896,100000.0,99999.99999998121
123.10000000000001,298.15370130847873,298.153431908584,298.1468000773456,298.15323413891633,298.15105687319215,100000.0,99999.9999999812
123.2,298.1536790861969,298.1534113037519,298.1468192893576,298.1532147214734,298.1510505278324,100000.0,99999.9999999812
123.30000000000001,298.1536569973355,298.15339082262915,298.14683838602264,298.1531954206107,298.15104422056953,100000.0,99999.9999999812
123.4,298.15363504109325,298.153370464473,298.14685736803324,298.1531762356285,298.1510379511748,100000.0,99999.99999998117
123.5,298.1536132166741,298.15335022854515,298.14687623607773,298.153157165831,298.1510317194209,100000.0,99999.99999998116
123.60000000000001,298.1535915232866,298.1533301141117,298.14689499084045,298.1531382105266,298.1510255250818,100000.0,99999.99999998114
123.7,298.15356996014395,298.1533101204434,298.1469136330014,298.15311936902793,298.1510193679329,100000.0,99999.99999998114
123.80000000000001,298.1535485264643,298.15329024681495,298.1469321632368,298.1531006406517,298.15101324775094,100000.0,99999.99999998113
123.9,298.1535272214702,298.1532704925058,298.14695058221844,298.1530820247188,298.1510071643139,100000.0,99999.99999998111
124.0,298.1535060443892,298.1532508567995,298.1469688906144,298.15306352055404,298.1510011174012,100000.0,99999.99999998108
124.10000000000001,298.15348499445327,298.153231338984,298.1469870890886,298.15304512748645,298.1509951067936,100000.0,99999.99999998108
124.2,298.15346407089896,298.15321193835155,298.1470051783011,298.15302684484897,298.150989132273,100000.0,99999.99999998108
124.30000000000001,298.1534432729676,298.1531926541985,298.1470231589077,298.15300867197857,298.1509831936229,100000.0,99999.99999998105
124.4,298.15342259990484,298.1531734858255,298.14704103156055,298.15299060821627,298.1509772906278,100000.0,99999.99999998102
124.5,298.1534020509612,298.1531544325376,298.14705879690786,298.15297265290695,298.1509714230737,100000.0,99999.99999998102
124.60000000000001,298.1533816253912,298.1531354936436,298.1470764555938,298.1529548053995,298.1509655907478,100000.0,99999.999999981
124.7,298.1533613224543,298.15311666845685,298.1470940082587,298.15293706504673,298.1509597934385,100000.0,99999.99999998098
124.80000000000001,298.1533411414142,298.1530979562946,298.1471114555393,298.15291943120513,298.1509540309358,100000.0,99999.99999998095
124.9,298.15332108153905,298.1530793564782,298.1471287980681,298.15290190323543,298.15094830303053,100000.0,99999.99999998095
125.0,298.1533011421013,298.15306086833334,298.14714603647417,298.1528844805018,298.1509426095151,100000.0,99999.99999998091
125.10000000000001,298.153281322378,298.1530424911894,298.14716317138254,298.15286716237256,298.1509369501828,100000.0,99999.9999999809
125.2,298.15326162165024,298.1530242243799,298.1471802034147,298.1528499482196,298.15093132482866,100000.0,99999.99999998088
125.30000000000001,298.15324203920363,298.1530060672426,298.14719713318823,298.1528328374187,298.1509257332485,100000.0,99999.99999998088
125.4,298.15322257432814,298.1529880191189,298.1472139613171,298.1528158293493,298.1509201752398,100000.0,99999.99999998085
125.5,298.1532032263177,298.1529700793542,298.1472306884116,298.15279892339464,298.15091465060067,100000.0,99999.99999998085
125.60000000000001,298.15318399447085,298.1529522472981,298.1472473150783,298.1527821189416,298.15090915913095,100000.0,99999.99999998082
125.7,298.15316487809,298.1529345223039,298.1472638419202,298.1527654153809,298.1509037006315,100000.0,99999.99999998082
125.80000000000001,298.153145876482,298.15291690372874,298.1472802695366,298.15274881210655,298.15089827490425,100000.0,99999.99999998079
125.9,298.15312698895775,298.1528993909337,298.14729659852327,298.1527323085166,298.15089288175255,100000.0,99999.99999998079
126.0,298.1531082148323,298.1528819832838,298.14731282947236,298.1527159040126,298.15088752098075,100000.0,99999.99999998078
126.10000000000001,298.1530895534247,298.15286468014756,298.14732896297244,298.1526995979995,298.1508821923946,100000.0,99999.99999998076
126.2,298.15307100405835,298.15284748089766,298.14734499960866,298.1526833898862,298.15087689580065,100000.0,99999.99999998075
126.30000000000001,298.1530525660605,298.15283038491026,298.1473609399625,298.15266727908465,298.15087163100696,100000.0,99999.99999998073
126.4,298.15303423876264,298.1528133915655,298.1473767846121,298.1526512650107,298.1508663978225,100000.0,99999.99999998073
126.5,298.1530160214999,298.15279650024706,298.147392534132,298.15263534708373,298.1508611960576,100000.0,99999.9999999807
126.60000000000001,298.15299791361184,298.1527797103423,298.14740818909337,298.15261952472633,298.1508560255235,100000.0,99999.9999999807
126.7,298.15297991444163,298.15276302124255,298.1474237500639,298.15260379736475,298.15085088603286,100000.0,99999.99999998069
126.80000000000001,298.1529620233367,298.1527464323424,298.14743921760805,298.15258816442866,298.1508457773991,100000.0,99999.99999998068
126.9,298.15294423964815,298.1527299430403,298.1474545922865,298.1525726253512,298.1508406994372,100000.0,99999.99999998068
127.0,298.152926562731,298.15271355273836,298.1474698746571,298.1525571795687,298.1508356519627,100000.0,99999.99999998065
127.10000000000001,298.1529089919443,298.15269726084216,298.14748506527377,298.1525418265212,298.1508306347929,100000.0,99999.99999998062
127.2,298.1528915266508,298.1526810667608,298.1475001646875,298.1525265656518,298.1508256477456,100000.0,99999.99999998062
127.30000000000001,298.1528741662172,298.1526649699071,298.1475151734459,298.1525113964071,298.15082069064,100000.0,99999.99999998059
127.4,298.1528569100139,298.1526489696972,298.14753009209323,298.152496318237,298.15081576329635,100000.0,99999.99999998057
127.5,298.1528397574151,298.1526330655511,298.1475449211706,298.15248133059475,298.150810865536,100000.0,99999.99999998057
127.60000000000001,298.15282270779875,298.15261725689174,298.14755966121555,298.1524664329368,298.15080599718135,100000.0,99999.99999998054
127.7,298.1528057605466,298.15260154314603,298.14757431276286,298.15245162472286,298.1508011580558,100000.0,99999.99999998053
127.80000000000001,298.15278891504397,298.1525859237441,298.1475888763437,298.152436905416,298.1507963479838,100000.0,99999.99999998049
127.9,298.15277217068007,298.15257039811945,298.1476033524863,298.15242227448226,298.15079156679104,100000.0,99999.99999998047
128.0,298.1527555268476,298.152554965709,298.14761774171564,298.15240773139124,298.15078681430407,100000.0,99999.99999998047
128.1,298.1527389829431,298.1525396259533,298.14763204455346,298.15239327561545,298.15078209035056,100000.0,99999.99999998044
128.20000000000002,298.15272253836645,298.1525243782959,298.1476462615185,298.15237890663064,298.1507773947592,100000.0,99999.99999998043
128.3,298.15270619252146,298.1525092221839,298.14766039312633,298.1523646239158,298.15077272735965,100000.0,99999.99999998044
128.4,298.15268994481517,298.1524941570676,298.14767443988933,298.1523504269529,298.1507680879827,100000.0,99999.99999998041
128.5,298.15267379465854,298.1524791824008,298.1476884023171,298.15233631522716,298.1507634764601,100000.0,99999.99999998038
128.6,298.15265774146576,298.15246429764034,298.14770228091584,298.1523222882268,298.15075889262465,100000.0,99999.99999998037
128.70000000000002,298.1526417846548,298.15244950224655,298.14771607618883,298.15230834544315,298.15075433631006,100000.0,99999.99999998035
128.8,298.15262592364684,298.1524347956828,298.1477297886364,298.1522944863705,298.15074980735113,100000.0,99999.99999998033
128.9,298.1526101578668,298.1524201774157,298.14774341875585,298.1522807105063,298.15074530558365,100000.0,99999.99999998033
129.0,298.15259448674294,298.1524056469152,298.14775696704146,298.1522670173511,298.15074083084426,100000.0,99999.9999999803
129.1,298.1525789097069,298.15239120365436,298.1477704339845,298.1522534064082,298.15073638297076,100000.0,99999.99999998027
129.20000000000002,298.1525634261938,298.15237684710945,298.14778382007336,298.15223987718394,298.15073196180185,100000.0,99999.99999998027
129.3,298.15254803564216,298.15236257675974,298.14779712579355,298.15222642918786,298.1507275671772,100000.0,99999.99999998027
129.4,298.15253273749386,298.1523483920878,298.1478103516275,298.1522130619322,298.15072319893744,100000.0,99999.99999998025
129.5,298.152517531194,298.1523342925792,298.1478234980549,298.1521997749321,298.15071885692424,100000.0,99999.99999998024
129.6,298.1525024161913,298.1523202777226,298.14783656555244,298.1521865677059,298.15071454097995,100000.0,99999.99999998024
129.70000000000002,298.1524873919376,298.1523063470098,298.1478495545941,298.15217343977446,298.1507102509481,100000.0,99999.99999998024
129.8,298.15247245788794,298.1522924999356,298.14786246565086,298.15216039066183,298.15070598667324,100000.0,99999.99999998021
129.9,298.15245761350076,298.15227873599775,298.1478752991909,298.1521474198948,298.15070174800064,100000.0,99999.9999999802
130.0,298.1524428582378,298.15226505469724,298.1478880556797,298.1521345270029,298.1506975347766,100000.0,99999.99999998021
130.1,298.152428191564,298.1522514555379,298.1479007355798,298.15212171151865,298.15069334684836,100000.0,99999.99999998017
130.20000000000002,298.1524136129474,298.1522379380266,298.1479133393511,298.1521089729772,298.150689184064,100000.0,99999.99999998015
130.3,298.15239912185933,298.15222450167295,298.14792586745057,298.1520963109167,298.15068504627254,100000.0,99999.99999998017
130.4,298.1523847177743,298.15221114598984,298.1479383203326,298.15208372487797,298.150680933324,100000.0,99999.99999998015
130.5,298.15237040016996,298.15219787049296,298.1479506984489,298.1520712144045,298.1506768450692,100000.0,99999.99999998014
130.6,298.15235616852704,298.1521846747007,298.14796300224816,298.15205877904265,298.1506727813598,100000.0,99999.99999998012
130.70000000000002,298.15234202232944,298.15217155813474,298.1479752321767,298.1520464183415,298.15066874204854,100000.0,99999.99999998012
130.8,298.1523279610642,298.1521585203193,298.1479873886779,298.1520341318527,298.1506647269889,100000.0,99999.9999999801
130.9,298.15231398422134,298.1521455607816,298.1479994721928,298.1520219191308,298.15066073603526,100000.0,99999.99999998008
131.0,298.15230009129414,298.15213267905165,298.1480114831594,298.15200977973274,298.15065676904294,100000.0,99999.99999998006
131.1,298.15228628177863,298.1521198746623,298.14802342201347,298.15199771321846,298.150652825868,100000.0,99999.99999998005
131.20000000000002,298.152272555174,298.15210714714914,298.14803528918776,298.15198571915033,298.1506489063675,100000.0,99999.99999998003
131.3,298.1522589109825,298.1520944960507,298.1480470851128,298.1519737970934,298.15064501039933,100000.0,99999.99999998
131.4,298.1522453487094,298.15208192090824,298.1480588102163,298.1519619466152,298.15064113782205,100000.0,99999.99999997999
131.5,298.15223186786284,298.15206942126565,298.1480704649234,298.1519501672861,298.15063728849543,100000.0,99999.99999997998
131.6,298.15221846795384,298.15205699666967,298.14808204965686,298.1519384586789,298.15063346227976,100000.0,99999.99999997996
131.70000000000002,298.1522051484966,298.15204464666965,298.1480935648368,298.15192682036906,298.1506296590362,100000.0,99999.99999997995
131.8,298.152191909008,298.1520323708178,298.1481050108807,298.15191525193444,298.15062587862707,100000.0,99999.99999997995
131.9,298.152178749008,298.15202016866897,298.14811638820373,298.15190375295543,298.1506221209151,100000.0,99999.99999997992
132.0,298.1521656680193,298.1520080397805,298.14812769721846,298.1518923230152,298.15061838576406,100000.0,99999.99999997989
132.1,298.1521526655674,298.1519959837127,298.148138938335,298.1518809616992,298.15061467303843,100000.0,99999.99999997989
132.20000000000002,298.1521397411811,298.1519840000284,298.14815011196106,298.1518696685954,298.15061098260367,100000.0,99999.99999997986
132.3,298.1521268943914,298.15197208829284,298.14816121850174,298.15185844329415,298.15060731432584,100000.0,99999.99999997986
132.4,298.1521141247325,298.15196024807415,298.14817225836,298.15184728538856,298.15060366807205,100000.0,99999.99999997983
132.5,298.15210143174147,298.1519484789429,298.14818323193595,298.1518361944739,298.15060004371,100000.0,99999.99999997982
132.6,298.1520888149578,298.1519367804724,298.14819413962766,298.15182517014796,298.1505964411083,100000.0,99999.9999999798
132.70000000000002,298.15207627392397,298.1519251522383,298.14820498183065,298.15181421201095,298.15059286013616,100000.0,99999.9999999798
132.8,298.1520638081853,298.1519135938189,298.14821575893825,298.1518033196655,298.15058930066385,100000.0,99999.99999997977
132.9,298.15205141728967,298.1519021047951,298.14822647134116,298.15179249271654,298.15058576256223,100000.0,99999.99999997974
133.0,298.1520391007877,298.15189068475024,298.1482371194279,298.1517817307716,298.15058224570305,100000.0,99999.99999997973
133.1,298.1520268582328,298.15187933327024,298.1482477035845,298.1517710334402,298.1505787499587,100000.0,99999.99999997973
133.20000000000002,298.1520146891809,298.15186804994335,298.148258224195,298.1517604003345,298.15057527520247,100000.0,99999.99999997971
133.3,298.1520025931908,298.1518568343604,298.1482686816408,298.1517498310689,298.1505718213083,100000.0,99999.99999997969
133.4,298.1519905698238,298.1518456861146,298.14827907630115,298.1517393252601,298.15056838815104,100000.0,99999.99999997969
133.5,298.15197861864385,298.1518346048018,298.14828940855296,298.15172888252715,298.150564975606,100000.0,99999.99999997969
133.6,298.1519667392176,298.1518235900201,298.148299678771,298.1517185024913,298.15056158354963,100000.0,99999.99999997966
133.70000000000002,298.15195493111423,298.15181264137004,298.14830988732774,298.1517081847761,298.15055821185877,100000.0,99999.99999997966
133.8,298.1519431939055,298.15180175845455,298.1483200345933,298.15169792900747,298.1505548604112,100000.0,99999.99999997964
133.9,298.15193152716574,298.151790940879,298.1483301209357,298.1516877348134,298.15055152908536,100000.0,99999.99999997963
134.0,298.151919930472,298.15178018825105,298.1483401467207,298.1516776018242,298.1505482177605,100000.0,99999.99999997961
134.1,298.1519084034036,298.1517695001808,298.14835011231196,298.1516675296725,298.1505449263165,100000.0,99999.9999999796
134.20000000000002,298.15189694554255,298.15175887628067,298.1483600180708,298.151657517993,298.150541654634,100000.0,99999.99999997957
134.3,298.1518855564733,298.15174831616537,298.1483698643565,298.1516475664225,298.15053840259435,100000.0,99999.99999997957
134.4,298.15187423578294,298.1517378194519,298.148379651526,298.15163767460035,298.15053517007965,100000.0,99999.99999997957
134.5,298.1518629830608,298.1517273857596,298.1483893799344,298.15162784216767,298.1505319569726,100000.0,99999.99999997955
134.6,298.15185179789887,298.1517170147102,298.14839904993437,298.15161806876785,298.15052876315673,100000.0,99999.99999997954
134.70000000000002,298.15184067989156,298.1517067059275,298.14840866187666,298.15160835404663,298.1505255885162,100000.0,99999.99999997951
134.8,298.15182962863565,298.1516964590377,298.1484182161098,298.1515986976516,298.1505224329359,100000.0,99999.9999999795
134.9,298.15181864373034,298.15168627366916,298.1484277129803,298.1515890992325,298.15051929630135,100000.0,99999.99999997948
135.0,298.1518077247773,298.15167614945256,298.14843715283257,298.1515795584414,298.1505161784989,100000.0,99999.99999997947
135.1,298.1517968713805,298.1516660860208,298.1484465360089,298.1515700749323,298.15051307941536,100000.0,99999.99999997945
135.20000000000002,298.1517860831465,298.1516560830088,298.14845586284963,298.1515606483611,298.15050999893845,100000.0,99999.99999997942
135.3,298.1517753596838,298.15164614005386,298.14846513369287,298.1515512783862,298.15050693695633,100000.0,99999.99999997942
135.4,298.15176470060385,298.1516362567954,298.14847434887497,298.1515419646676,298.1505038933581,100000.0,99999.99999997942
135.5,298.1517541055199,298.1516264328751,298.14848350873007,298.15153270686767,298.15050086803336,100000.0,99999.9999999794
135.6,298.1517435740477,298.1516166679366,298.1484926135903,298.15152350465064,298.15049786087235,100000.0,99999.99999997937
135.70000000000002,298.1517331058054,298.1516069616258,298.14850166378585,298.1515143576828,298.150494871766,100000.0,99999.99999997934
135.8,298.1517227004134,298.1515973135907,298.14851065964496,298.1515052656324,298.15049190060597,100000.0,99999.99999997934
135.9,298.1517123574944,298.1515877234814,298.14851960149383,298.1514962281697,298.1504889472845,100000.0,99999.99999997934
136.0,298.15170207667313,298.15157819095015,298.14852848965677,298.1514872449671,298.15048601169434,100000.0,99999.99999997932
136.1,298.1516918575769,298.15156871565125,298.148537324456,298.15147831569874,298.15048309372935,100000.0,99999.99999997929
136.20000000000002,298.1516816998351,298.15155929724114,298.14854610621205,298.1514694400408,298.1504801932834,100000.0,99999.99999997929
136.3,298.1516716030793,298.15154993537817,298.1485548352433,298.1514606176714,298.1504773102515,100000.0,99999.99999997928
136.4,298.15166156694346,298.15154062972294,298.1485635118664,298.15145184827054,298.15047444452904,100000.0,99999.99999997928
136.5,298.15165159106357,298.15153137993786,298.1485721363959,298.15144313152035,298.15047159601204,100000.0,99999.99999997925
136.6,298.1516416750778,298.15152218568755,298.14858070914454,298.1514344671046,298.15046876459724,100000.0,99999.99999997922
136.70000000000002,298.15163181862664,298.1515130466386,298.14858923042334,298.1514258547092,298.150465950182,100000.0,99999.99999997922
136.8,298.15162202135264,298.1515039624596,298.1485977005412,298.1514172940217,298.1504631526642,100000.0,99999.99999997919
136.9,298.1516122829005,298.15149493282104,298.1486061198053,298.1514087847317,298.1504603719425,100000.0,99999.99999997918
137.0,298.15160260291697,298.1514859573956,298.14861448852105,298.1514003265306,298.1504576079159,100000.0,99999.99999997916
137.1,298.15159298105107,298.1514770358576,298.14862280699185,298.15139191911175,298.1504548604842,100000.0,99999.99999997915
137.20000000000002,298.15158341695394,298.1514681678837,298.1486310755194,298.15138356217017,298.1504521295479,100000.0,99999.99999997913
137.3,298.15157391027867,298.1514593531522,298.14863929440355,298.1513752554028,298.15044941500776,100000.0,99999.9999999791
137.4,298.15156446068056,298.1514505913434,298.1486474639423,298.1513669985084,298.1504467167655,100000.0,99999.9999999791
137.5,298.15155506781684,298.1514418821397,298.14865558443205,298.1513587911876,298.1504440347232,100000.0,99999.9999999791
137.6,298.15154573134686,298.1514332252251,298.1486636561672,298.15135063314267,298.1504413687837,100000.0,99999.99999997907
137.70000000000002,298.1515364509322,298.1514246202858,298.1486716794404,298.1513425240779,298.15043871885007,100000.0,99999.99999997906
137.8,298.1515272262361,298.1514160670097,298.14867965454266,298.1513344636991,298.1504360848265,100000.0,99999.99999997906
137.9,298.15151805692426,298.1514075650865,298.1486875817633,298.151326451714,298.15043346661724,100000.0,99999.99999997905
138.0,298.151508942664,298.15139911420806,298.1486954613896,298.15131848783204,298.1504308641275,100000.0,99999.99999997902
138.1,298.1514998831248,298.1513907140679,298.1487032937075,298.15131057176444,298.15042827726285,100000.0,99999.999999979
138.20000000000002,298.1514908779782,298.1513823643612,298.148711079001,298.1513027032241,298.1504257059295,100000.0,99999.999999979
138.3,298.1514819268976,298.1513740647854,298.1487188175523,298.15129488192565,298.1504231500341,100000.0,99999.99999997899
138.4,298.15147302955836,298.1513658150394,298.1487265096422,298.15128710758546,298.1504206094841,100000.0,99999.99999997897
138.5,298.15146418563785,298.151357614824,298.14873415554945,298.15127937992173,298.15041808418727,100000.0,99999.99999997896
138.6,298.15145539481534,298.1513494638418,298.1487417555515,298.15127169865406,298.1504155740521,100000.0,99999.99999997896
138.70000000000002,298.151446656772,298.15134136179745,298.1487493099239,298.1512640635039,298.1504130789875,100000.0,99999.99999997893
138.8,298.15143797119106,298.15133330839683,298.1487568189407,298.15125647419444,298.150410598903,100000.0,99999.99999997893
138.9,298.1514293377574,298.151325303348,298.148764282874,298.1512489304505,298.1504081337087,100000.0,99999.99999997893
139.0,298.1514207561581,298.15131734636077,298.1487717019947,298.15124143199836,298.1504056833152,100000.0,99999.99999997891
139.1,298.1514122260818,298.15130943714644,298.1487790765717,298.1512339785661,298.1504032476336,100000.0,99999.9999999789
139.20000000000002,298.1514037472192,298.1513015754182,298.1487864068725,298.1512265698836,298.1504008265756,100000.0,99999.99999997887
139.3,298.15139531926286,298.151293760891,298.1487936931629,298.1512192056821,298.15039842005336,100000.0,99999.99999997887
139.4,298.15138694190705,298.1512859932814,298.14880093570713,298.15121188569447,298.15039602797964,100000.0,99999.99999997884
139.5,298.1513786148481,298.1512782723078,298.1488081347679,298.1512046096552,298.15039365026763,100000.0,99999.99999997884
139.6,298.151370337784,298.1512705976901,298.1488152906062,298.1511973773007,298.1503912868313,100000.0,99999.99999997884
139.70000000000002,298.1513621104145,298.1512629691501,298.1488224034816,298.1511901883685,298.1503889375847,100000.0,99999.99999997881
139.8,298.1513539324413,298.15125538641104,298.14882947365203,298.15118304259784,298.1503866024427,100000.0,99999.9999999788
139.9,298.1513458035678,298.15124784919794,298.1488365013738,298.1511759397297,298.1503842813208,100000.0,99999.99999997878
140.0,298.1513377234993,298.1512403572375,298.1488434869019,298.1511688795065,298.1503819741346,100000.0,99999.99999997877
140.1,298.1513296919427,298.15123291025816,298.1488504304896,298.15116186167216,298.1503796808005,100000.0,99999.99999997875
140.20000000000002,298.1513217086067,298.1512255079896,298.1488573323887,298.1511548859721,298.15037740123535,100000.0,99999.99999997873
140.3,298.1513137732019,298.1512181501636,298.1488641928495,298.15114795215356,298.15037513535646,100000.0,99999.99999997871
140.4,298.1513058854404,298.15121083651314,298.1488710121207,298.15114105996486,298.15037288308173,100000.0,99999.9999999787
140.5,298.1512980450363,298.1512035667731,298.1488777904498,298.1511342091562,298.1503706443294,100000.0,99999.99999997868
140.6,298.1512902517052,298.15119634068,298.14888452808236,298.15112739947915,298.1503684190184,100000.0,99999.99999997867
140.70000000000002,298.1512825051644,298.1511891579715,298.148891225263,298.1511206306867,298.1503662070678,100000.0,99999.99999997865
140.8,298.1512748051331,298.1511820183873,298.14889788223434,298.1511139025334,298.1503640083976,100000.0,99999.99999997864
140.9,298.1512671513319,298.1511749216684,298.14890449923803,298.1511072147752,298.15036182292795,100000.0,99999.99999997864
141.0,298.1512595434835,298.15116786755755,298.14891107651374,298.15110056716964,298.15035965057973,100000.0,99999.99999997862
141.1,298.1512519813118,298.1511608557988,298.1489176143003,298.15109395947565,298.150357491274,100000.0,99999.99999997858
141.20000000000002,298.1512444645426,298.151153886138,298.1489241128345,298.1510873914536,298.1503553449325,100000.0,99999.99999997858
141.3,298.1512369929033,298.1511469583223,298.14893057235224,298.15108086286523,298.15035321147747,100000.0,99999.99999997858
141.4,298.151229566123,298.1511400721005,298.1489369930877,298.1510743734739,298.15035109083146,100000.0,99999.99999997857
141.5,298.1512221839323,298.1511332272229,298.1489433752737,298.1510679230442,298.15034898291765,100000.0,99999.99999997855
141.6,298.15121484606357,298.15112642344127,298.1489497191417,298.1510615113422,298.1503468876595,100000.0,99999.99999997855
141.70000000000002,298.1512075522507,298.1511196605088,298.14895602492174,298.15105513813546,298.15034480498105,100000.0,99999.99999997854
141.8,298.1512003022291,298.1511129381803,298.14896229284255,298.1510488031928,298.15034273480677,100000.0,99999.99999997852
141.9,298.1511930957359,298.151106256212,298.1489685231314,298.15104250628445,298.15034067706165,100000.0,99999.99999997852
142.0,298.15118593250975,298.15109961436156,298.1489747160142,298.15103624718216,298.150338631671,100000.0,99999.99999997849
142.1,298.1511788122908,298.1510930123882,298.14898087171554,298.1510300256588,298.15033659856067,100000.0,99999.99999997848
142.20000000000002,298.15117173482105,298.1510864500523,298.1489869904587,298.15102384148895,298.15033457765696,100000.0,99999.99999997846
142.3,298.15116469984366,298.15107992711603,298.14899307246554,298.15101769444817,298.15033256888654,100000.0,99999.99999997845
142.4,298.1511577071036,298.15107344334285,298.14899911795663,298.15101158431366,298.1503305721766,100000.0,99999.99999997843
142.5,298.1511507563472,298.1510669984975,298.1490051271512,298.1510055108637,298.1503285874546,100000.0,99999.9999999784
142.6,298.1511438473225,298.1510605923464,298.14901110026716,298.15099947387813,298.1503266146488,100000.0,99999.99999997839
142.70000000000002,298.1511369797788,298.1510542246573,298.14901703752116,298.15099347313804,298.1503246536875,100000.0,99999.99999997838
142.8,298.1511301534672,298.15104789519904,298.1490229391285,298.15098750842577,298.15032270449956,100000.0,99999.99999997836
142.9,298.15112336814,298.1510416037422,298.14902880530315,298.150981579525,298.15032076701436,100000.0,99999.99999997835
143.0,298.1511166235513,298.1510353500587,298.14903463625785,298.1509756862208,298.1503188411616,100000.0,99999.99999997832
143.1,298.1511099194564,298.1510291339216,298.1490404322041,298.1509698282994,298.15031692687154,100000.0,99999.99999997833
143.20000000000002,298.15110325561227,298.1510229551056,298.1490461933521,298.15096400554836,298.1503150240747,100000.0,99999.9999999783
143.3,298.15109663177714,298.1510168133866,298.1490519199108,298.15095821775657,298.1503131327019,100000.0,99999.99999997829
143.4,298.1510900477108,298.15101070854183,298.14905761208774,298.15095246471407,298.1503112526849,100000.0,99999.99999997829
143.5,298.15108350317456,298.1510046403499,298.14906327008947,298.15094674621224,298.15030938395523,100000.0,99999.99999997826
143.6,298.15107699793106,298.15099860859084,298.1490688941211,298.15094106204367,298.1503075264452,100000.0,99999.99999997826
143.70000000000002,298.1510705317444,298.1509926130459,298.1490744843867,298.15093541200235,298.15030568008757,100000.0,99999.99999997824
143.8,298.15106410438005,298.1509866534975,298.14908004108884,298.15092979588326,298.1503038448152,100000.0,99999.99999997823
143.9,298.15105771560496,298.15098072972967,298.1490855644291,298.1509242134828,298.1503020205617,100000.0,99999.99999997822
144.0,298.1510513651874,298.15097484152756,298.14909105460777,298.1509186645985,298.1503002072607,100000.0,99999.9999999782
144.1,298.15104505289713,298.1509689886776,298.1490965118239,298.1509131490291,298.1502984048467,100000.0,99999.9999999782
144.20000000000002,298.15103877850527,298.15096317096754,298.1491019362756,298.1509076665747,298.15029661325417,100000.0,99999.99999997817
144.3,298.1510325417841,298.1509573881865,298.1491073281594,298.1509022170364,298.1502948324182,100000.0,99999.99999997814
144.4,298.15102634250763,298.1509516401246,298.1491126876708,298.1508968002165,298.15029306227416,100000.0,99999.99999997814
144.5,298.15102018045104,298.1509459265735,298.1491180150043,298.1508914159187,298.15029130275786,100000.0,99999.99999997813
144.6,298.15101405539076,298.15094024732605,298.14912331035305,298.1508860639476,298.1502895538056,100000.0,99999.99999997811
144.70000000000002,298.15100796710476,298.15093460217616,298.149128573909,298.1508807441093,298.1502878153538,100000.0,99999.99999997808
144.8,298.15100191537215,298.15092899091917,298.14913380586313,298.1508754562107,298.1502860873395,100000.0,99999.99999997806
144.9,298.15099589997357,298.1509234133517,298.1491390064051,298.1508702000602,298.15028436970005,100000.0,99999.99999997804
145.0,298.15098992069085,298.15091786927127,298.14914417572356,298.15086497546696,298.1502826623731,100000.0,99999.99999997806
145.1,298.1509839773071,298.15091235847694,298.14914931400597,298.15085978224175,298.1502809652968,100000.0,99999.99999997801
145.20000000000002,298.1509780696068,298.15090688076896,298.14915442143865,298.1508546201961,298.1502792784096,100000.0,99999.99999997801
145.3,298.15097219737584,298.1509014359485,298.1491594982068,298.15084948914284,298.15027760165026,100000.0,99999.999999978
145.4,298.15096636040107,298.1508960238182,298.1491645444946,298.15084438889596,298.150275934958,100000.0,99999.99999997798
145.5,298.15096055847096,298.1508906441818,298.14916956048495,298.1508393192704,298.1502742782724,100000.0,99999.99999997797
145.6,298.15095479137506,298.1508852968442,298.14917454635986,298.1508342800824,298.15027263153337,100000.0,99999.99999997797
145.70000000000002,298.1509490589042,298.15087998161147,298.14917950229994,298.1508292711491,298.1502709946812,100000.0,99999.99999997794
145.8,298.1509433608504,298.15087469829086,298.1491844284852,298.150824292289,298.15026936765656,100000.0,99999.99999997792
145.9,298.1509376970073,298.15086944669076,298.1491893250941,298.1508193433214,298.1502677504004,100000.0,99999.99999997791
146.0,298.15093206716926,298.15086422662074,298.1491941923042,298.150814424067,298.15026614285404,100000.0,99999.99999997788
146.1,298.15092647113227,298.1508590378915,298.14919903029215,298.1508095343472,298.1502645449592,100000.0,99999.99999997785
146.20000000000002,298.15092090869325,298.1508538803149,298.1492038392333,298.15080467398485,298.1502629566581,100000.0,99999.99999997784
146.3,298.15091537965054,298.1508487537038,298.14920861930204,298.1507998428036,298.1502613778929,100000.0,99999.99999997785
146.4,298.1509098838037,298.1508436578724,298.1492133706717,298.15079504062834,298.15025980860645,100000.0,99999.99999997782
146.5,298.15090442095334,298.1508385926358,298.1492180935146,298.1507902672848,298.1502582487418,100000.0,99999.99999997781
146.6,298.1508989909014,298.1508335578104,298.149222788002,298.1507855225999,298.15025669824246,100000.0,99999.9999999778
146.70000000000002,298.150893593451,298.1508285532136,298.1492274543043,298.15078080640166,298.1502551570522,100000.0,99999.99999997778
146.8,298.15088822840625,298.1508235786639,298.1492320925905,298.150776118519,298.15025362511506,100000.0,99999.99999997776
146.9,298.15088289557275,298.15081863398086,298.1492367030289,298.15077145878183,298.1502521023755,100000.0,99999.99999997775
147.0,298.15087759475693,298.15081371898526,298.14924128578673,298.15076682702136,298.1502505887783,100000.0,99999.99999997775
147.1,298.1508723257667,298.15080883349873,298.14924584103017,298.1507622230694,298.1502490842686,100000.0,99999.99999997774
147.20000000000002,298.1508670884111,298.1508039773442,298.14925036892436,298.1507576467592,298.15024758879184,100000.0,99999.9999999777
147.3,298.15086188249995,298.1507991503455,298.1492548696335,298.1507530979247,298.15024610229375,100000.0,99999.99999997769
147.4,298.1508567078446,298.15079435232764,298.14925934332086,298.1507485764009,298.1502446247205,100000.0,99999.99999997765
147.5,298.1508515642573,298.1507895831166,298.14926379014867,298.15074408202383,298.1502431560184,100000.0,99999.99999997765
147.6,298.1508464515516,298.1507848425394,298.14926821027814,298.1507396146306,298.15024169613423,100000.0,99999.99999997762
147.70000000000002,298.15084136954204,298.15078013042415,298.14927260386963,298.15073517405915,298.1502402450151,100000.0,99999.99999997762
147.8,298.1508363180444,298.1507754466,298.1492769710825,298.1507307601484,298.1502388026083,100000.0,99999.99999997762
147.9,298.1508312968755,298.150770790897,298.14928131207495,298.1507263727384,298.1502373688616,100000.0,99999.9999999776
148.0,298.15082630585306,298.1507661631464,298.1492856270046,298.1507220116699,298.150235943723,100000.0,99999.99999997759
148.1,298.1508213447962,298.15076156318037,298.1492899160278,298.1507176767849,298.1502345271407,100000.0,99999.99999997759
148.20000000000002,298.15081641352515,298.150756990832,298.1492941793001,298.150713367926,298.15023311906344,100000.0,99999.99999997756
148.3,298.15081151186087,298.1507524459356,298.1492984169762,298.15070908493715,298.15023171944017,100000.0,99999.99999997756
148.4,298.1508066396258,298.15074792832627,298.1493026292097,298.1507048276629,298.15023032822006,100000.0,99999.99999997756
148.5,298.150801796643,298.1507434378402,298.1493068161534,298.1507005959489,298.1502289453527,100000.0,99999.99999997753
148.6,298.150796982737,298.1507389743146,298.14931097795915,298.1506963896416,298.15022757078793,100000.0,99999.9999999775
148.70000000000002,298.15079219773327,298.15073453758754,298.1493151147778,298.1506922085886,298.1502262044759,100000.0,99999.9999999775
148.8,298.1507874414582,298.15073012749815,298.1493192267594,298.15068805263826,298.1502248463671,100000.0,99999.99999997749
148.9,298.15078271373926,298.1507257438865,298.1493233140531,298.15068392163977,298.15022349641225,100000.0,99999.99999997746
149.0,298.15077801440515,298.15072138659355,298.1493273768071,298.1506798154434,298.1502221545624,100000.0,99999.99999997744
149.1,298.1507733432853,298.15071705546137,298.1493314151687,298.1506757339002,298.1502208207689,100000.0,99999.99999997744
149.20000000000002,298.1507687002104,298.1507127503329,298.1493354292844,298.15067167686226,298.15021949498333,100000.0,99999.99999997742
149.3,298.1507640850121,298.150708471052,298.14933941929974,298.15066764418225,298.1502181771576,100000.0,99999.9999999774
149.4,298.1507594975229,298.15070421746344,298.1493433853595,298.15066363571407,298.150216867244,100000.0,99999.99999997739
149.5,298.1507549375766,298.15069998941294,298.1493473276074,298.15065965131237,298.150215565195,100000.0,99999.99999997737
149.6,298.1507504050078,298.1506957867473,298.14935124618637,298.1506556908326,298.1502142709634,100000.0,99999.99999997736
149.70000000000002,298.15074589965195,298.15069160931404,298.14935514123874,298.1506517541311,298.15021298450216,100000.0,99999.99999997734
149.8,298.15074142134586,298.1506874569617,298.1493590129055,298.1506478410652,298.1502117057647,100000.0,99999.99999997733
149.9,298.15073696992704,298.15068332953956,298.1493628613272,298.15064395149295,298.1502104347048,100000.0,99999.99999997731
150.0,298.1507325452342,298.1506792268981,298.1493666866433,298.1506400852733,298.15020917127606,100000.0,99999.99999997731
150.1,298.15072814710663,298.15067514888847,298.14937048899264,298.1506362422661,298.1502079154329,100000.0,99999.9999999773
150.20000000000002,298.150723775385,298.15067109536284,298.14937426851304,298.1506324223318,298.15020666712957,100000.0,99999.99999997726
150.3,298.1507194299108,298.15066706617415,298.14937802534166,298.1506286253321,298.15020542632107,100000.0,99999.99999997724
150.4,298.15071511052633,298.15066306117626,298.1493817596146,298.1506248511291,298.1502041929622,100000.0,99999.99999997723
150.5,298.15071081707504,298.15065908022405,298.1493854714673,298.15062109958615,298.1502029670082,100000.0,99999.99999997721
150.6,298.1507065494012,298.150655123173,298.1493891610345,298.15061737056703,298.1502017484149,100000.0,99999.99999997718
150.70000000000002,298.15070230735006,298.1506511898797,298.1493928284499,298.15061366393655,298.1502005371378,100000.0,99999.99999997718
150.8,298.1506980907677,298.1506472802015,298.1493964738464,298.1506099795604,298.1501993331331,100000.0,99999.99999997715
150.9,298.15069389950133,298.15064339399663,298.1494000973564,298.1506063173047,298.15019813635706,100000.0,99999.99999997715
151.0,298.1506897333989,298.1506395311241,298.1494036991112,298.15060267703694,298.1501969467664,100000.0,99999.99999997711
151.1,298.15068559230934,298.1506356914439,298.1494072792415,298.15059905862495,298.15019576431797,100000.0,99999.99999997711
151.20000000000002,298.15068147608247,298.1506318748168,298.149410837877,298.15059546193754,298.15019458896876,100000.0,99999.9999999771
151.3,298.15067738456895,298.1506280811043,298.14941437514676,298.15059188684427,298.15019342067626,100000.0,99999.99999997707
151.4,298.15067331762043,298.15062431016884,298.14941789117916,298.1505883332155,298.1501922593981,100000.0,99999.99999997705
151.5,298.15066927508957,298.15062056187367,298.1494213861016,298.1505848009224,298.1501911050921,100000.0,99999.99999997702
151.6,298.1506652568296,298.1506168360829,298.14942486004094,298.15058128983674,298.15018995771646,100000.0,99999.99999997701
151.70000000000002,298.1506612626948,298.1506131326615,298.1494283131231,298.1505777998314,298.15018881722955,100000.0,99999.99999997701
151.8,298.1506572925405,298.15060945147496,298.1494317454733,298.1505743307796,298.15018768359,100000.0,99999.99999997701
151.9,298.15065334622255,298.1506057923899,298.149435157216,298.1505708825557,298.15018655675664,100000.0,99999.999999977
152.0,298.1506494235979,298.15060215527365,298.14943854847496,298.15056745503455,298.15018543668873,100000.0,99999.99999997698
152.1,298.1506455245243,298.1505985399943,298.1494419193731,298.1505640480919,298.1501843233456,100000.0,99999.99999997695
152.20000000000002,298.1506416488603,298.1505949464207,298.14944527003274,298.1505606616042,298.15018321668686,100000.0,99999.99999997692
152.3,298.15063779646545,298.15059137442256,298.1494486005754,298.15055729544855,298.1501821166724,100000.0,99999.99999997689
152.4,298.15063396719995,298.1505878238703,298.1494519111218,298.15055394950303,298.1501810232623,100000.0,99999.99999997689
152.5,298.15063016092495,298.1505842946352,298.14945520179197,298.15055062364627,298.150179936417,100000.0,99999.99999997686
152.6,298.1506263775025,298.15058078658933,298.1494584727053,298.15054731775757,298.1501788560969,100000.0,99999.99999997685
152.70000000000002,298.1506226167953,298.15057729960535,298.1494617239804,298.1505440317171,298.1501777822629,100000.0,99999.99999997682
152.8,298.15061887866705,298.1505738335569,298.1494649557352,298.15054076540565,298.15017671487624,100000.0,99999.99999997682
152.9,298.15061516298204,298.1505703883182,298.14946816808686,298.1505375187049,298.150175653898,100000.0,99999.9999999768
153.0,298.15061146960574,298.15056696376445,298.1494713611519,298.1505342914969,298.1501745992897,100000.0,99999.99999997679
153.1,298.15060779840405,298.1505635597713,298.149474535046,298.15053108366476,298.15017355101327,100000.0,99999.99999997676
153.20000000000002,298.1506041492439,298.15056017621544,298.14947768988446,298.1505278950921,298.1501725090305,100000.0,99999.99999997675
153.3,298.15060052199294,298.15055681297406,298.14948082578155,298.1505247256634,298.1501714733037,100000.0,99999.99999997672
153.4,298.1505969165196,298.1505534699253,298.149483942851,298.15052157526355,298.15017044379533,100000.0,99999.99999997672
153.5,298.1505933326932,298.1505501469478,298.149487041206,298.1505184437784,298.150169420468,100000.0,99999.9999999767
153.60000000000002,298.15058977038365,298.1505468439212,298.1494901209587,298.15051533109437,298.1501684032847,100000.0,99999.99999997667
153.70000000000002,298.1505862294619,298.15054356072557,298.1494931822209,298.15051223709855,298.15016739220835,100000.0,99999.99999997669
153.8,298.15058270979955,298.15054029724195,298.1494962251036,298.1505091616789,298.1501663872025,100000.0,99999.99999997666
153.9,298.1505792112688,298.1505370533519,298.1494992497171,298.1505061047236,298.1501653882305,100000.0,99999.99999997666
154.0,298.1505757337429,298.1505338289379,298.14950225617116,298.15050306612204,298.1501643952563,100000.0,99999.99999997666
154.10000000000002,298.1505722770957,298.1505306238829,298.1495052445748,298.15050004576386,298.15016340824377,100000.0,99999.99999997666
154.20000000000002,298.1505688412019,298.15052743807075,298.14950821503635,298.1504970435397,298.15016242715717,100000.0,99999.9999999766
154.3,298.15056542593686,298.15052427138596,298.1495111676635,298.15049405934053,298.15016145196097,100000.0,99999.9999999766
154.4,298.1505620311767,298.1505211237136,298.1495141025634,298.15049109305824,298.1501604826197,100000.0,99999.99999997659
154.5,298.15055865679835,298.15051799493943,298.14951701984245,298.15048814458515,298.1501595190983,100000.0,99999.99999997657
154.60000000000002,298.1505553026794,298.1505148849502,298.14951991960646,298.1504852138144,298.15015856136176,100000.0,99999.99999997656
154.70000000000002,298.1505519686982,298.15051179363303,298.1495228019606,298.15048230063974,298.15015760937536,100000.0,99999.99999997656
154.8,298.150548654734,298.1505087208758,298.14952566700936,298.15047940495543,298.1501566631046,100000.0,99999.99999997653
154.9,298.15054536066646,298.15050566656714,298.1495285148566,298.1504765266566,298.15015572251514,100000.0,99999.99999997651
155.0,298.15054208637616,298.1505026305962,298.1495313456058,298.1504736656387,298.1501547875729,100000.0,99999.99999997651
155.10000000000002,298.15053883174437,298.15049961285285,298.14953415935935,298.15047082179814,298.1501538582439,100000.0,99999.99999997651
155.20000000000002,298.15053559665307,298.1504966132278,298.14953695621944,298.15046799503165,298.1501529344946,100000.0,99999.99999997648
155.3,298.1505323809849,298.1504936316122,298.14953973628747,298.1504651852367,298.1501520162914,100000.0,99999.99999997647
155.4,298.1505291846233,298.15049066789794,298.1495424996642,298.1504623923116,298.15015110360093,100000.0,99999.99999997644
155.5,298.1505260074523,298.15048772197747,298.14954524645,298.15045961615493,298.15015019639014,100000.0,99999.99999997643
155.60000000000002,298.1505228493568,298.15048479374406,298.1495479767443,298.15045685666604,298.1501492946262,100000.0,99999.9999999764
155.70000000000002,298.15051971022206,298.1504818830914,298.14955069064627,298.1504541137448,298.1501483982764,100000.0,99999.99999997637
155.8,298.15051658993445,298.15047898991406,298.14955338825416,298.15045138729175,298.1501475073081,100000.0,99999.99999997638
155.9,298.15051348838074,298.15047611410705,298.1495560696659,298.1504486772081,298.15014662168915,100000.0,99999.99999997638
156.0,298.15051040544836,298.1504732555661,298.1495587349787,298.1504459833955,298.15014574138735,100000.0,99999.99999997634
156.10000000000002,298.1505073410257,298.1504704141875,298.1495613842893,298.15044330575637,298.15014486637085,100000.0,99999.99999997634
156.20000000000002,298.1505042950015,298.1504675898683,298.14956401769365,298.1504406441934,298.15014399660777,100000.0,99999.99999997631
156.3,298.1505012672653,298.150464782506,298.14956663528733,298.1504379986102,298.15014313206666,100000.0,99999.99999997631
156.4,298.1504982577073,298.15046199199884,298.1495692371652,298.15043536891085,298.1501422727162,100000.0,99999.99999997628
156.5,298.1504952662184,298.1504592182456,298.1495718234217,298.1504327549999,298.1501414185252,100000.0,99999.99999997628
156.60000000000002,298.1504922926901,298.15045646114567,298.1495743941506,298.1504301567826,298.1501405694627,100000.0,99999.99999997627
156.70000000000002,298.15048933701456,298.1504537205991,298.1495769494451,298.1504275741648,298.1501397254978,100000.0,99999.99999997625
156.8,298.15048639908457,298.1504509965065,298.1495794893978,298.1504250070528,298.1501388866001,100000.0,99999.99999997624
156.9,298.1504834787937,298.1504482887691,298.14958201410093,298.1504224553534,298.15013805273895,100000.0,99999.99999997622
157.0,298.1504805760359,298.15044559728864,298.14958452364596,298.15041991897414,298.1501372238842,100000.0,99999.9999999762
157.10000000000002,298.15047769070594,298.1504429219675,298.14958701812395,298.15041739782305,298.1501364000059,100000.0,99999.9999999762
157.20000000000002,298.15047482269927,298.15044026270886,298.14958949762536,298.15041489180874,298.1501355810741,100000.0,99999.99999997616
157.3,298.15047197191177,298.15043761941604,298.14959196224015,298.1504124008403,298.150134767059,100000.0,99999.99999997613
157.4,298.15046913824017,298.15043499199334,298.1495944120576,298.15040992482733,298.1501339579312,100000.0,99999.99999997613
157.5,298.1504663215816,298.15043238034536,298.14959684716655,298.1504074636801,298.15013315366133,100000.0,99999.99999997612
157.60000000000002,298.15046352183396,298.1504297843775,298.1495992676554,298.15040501730937,298.1501323542202,100000.0,99999.9999999761
157.70000000000002,298.15046073889573,298.1504272039956,298.14960167361187,298.1504025856264,298.1501315595788,100000.0,99999.9999999761
157.8,298.150457972666,298.15042463910595,298.1496040651232,298.150400168543,298.1501307697084,100000.0,99999.99999997608
157.9,298.1504552230444,298.15042208961574,298.1496064422762,298.15039776597155,298.1501299845803,100000.0,99999.99999997608
158.0,298.15045248993124,298.15041955543234,298.14960880515696,298.15039537782485,298.15012920416603,100000.0,99999.99999997605
158.10000000000002,298.1504497732275,298.1504170364639,298.1496111538512,298.15039300401634,298.1501284284373,100000.0,99999.99999997602
158.20000000000002,298.1504470728345,298.15041453261915,298.1496134884442,298.15039064446,298.15012765736594,100000.0,99999.999999976
158.3,298.15044438865436,298.15041204380725,298.1496158090204,298.15038829907013,298.15012689092396,100000.0,99999.99999997599
158.4,298.1504417205898,298.1504095699379,298.1496181156642,298.1503859677618,298.15012612908373,100000.0,99999.99999997599
158.5,298.1504390685441,298.1504071109214,298.14962040845916,298.15038365045035,298.1501253718174,100000.0,99999.99999997597
158.60000000000002,298.150436432421,298.1504046666686,298.1496226874883,298.15038134705185,298.1501246190977,100000.0,99999.99999997596
158.70000000000002,298.1504338121248,298.1504022370908,298.14962495283453,298.1503790574827,298.15012387089723,100000.0,99999.99999997595
158.8,298.1504312075607,298.1503998221,298.14962720457976,298.15037678165993,298.15012312718886,100000.0,99999.99999997593
158.9,298.15042861863407,298.15039742160855,298.14962944280575,298.1503745195009,298.1501223879457,100000.0,99999.99999997592
159.0,298.15042604525115,298.15039503552936,298.14963166759367,298.1503722709237,298.1501216531408,100000.0,99999.9999999759
159.10000000000002,298.1504234873185,298.15039266377596,298.1496338790242,298.1503700358467,298.15012092274765,100000.0,99999.9999999759
159.20000000000002,298.1504209447435,298.15039030626235,298.1496360771775,298.15036781418894,298.15012019673975,100000.0,99999.99999997589
159.3,298.1504184174338,298.15038796290304,298.1496382621333,298.1503656058697,298.15011947509066,100000.0,99999.99999997589
159.4,298.1504159052978,298.150385633613,298.14964043397083,298.150363410809,298.15011875777424,100000.0,99999.99999997587
159.5,298.1504134082445,298.1503833183077,298.14964259276894,298.1503612289273,298.1501180447646,100000.0,99999.99999997586
159.60000000000002,298.15041092618316,298.1503810169034,298.14964473860584,298.1503590601453,298.15011733603575,100000.0,99999.99999997584
159.70000000000002,298.1504084590239,298.15037872931646,298.1496468715593,298.1503569043845,298.15011663156207,100000.0,99999.99999997581
159.8,298.15040600667726,298.15037645546386,298.1496489917067,298.15035476156663,298.15011593131794,100000.0,99999.9999999758
159.9,298.1504035690542,298.15037419526334,298.149651099125,298.15035263161406,298.150115235278,100000.0,99999.99999997579
160.0,298.15040114606643,298.1503719486328,298.1496531938906,298.15035051444954,298.15011454341703,100000.0,99999.99999997579
160.10000000000002,298.150398737626,298.15036971549085,298.14965527607933,298.1503484099962,298.15011385570995,100000.0,99999.99999997577
160.20000000000002,298.1503963436456,298.1503674957564,298.14965734576697,298.1503463181778,298.1501131721318,100000.0,99999.99999997576
160.3,298.15039396403836,298.15036528934905,298.1496594030283,298.1503442389185,298.15011249265774,100000.0,99999.99999997574
160.4,298.15039159871816,298.1503630961887,298.14966144793806,298.1503421721428,298.1501118172632,100000.0,99999.99999997573
160.5,298.15038924759904,298.15036091619595,298.1496634805704,298.1503401177759,298.15011114592363,100000.0,99999.9999999757
160.60000000000002,298.1503869105958,298.15035874929157,298.14966550099905,298.1503380757431,298.15011047861475,100000.0,99999.9999999757
160.70000000000002,298.1503845876237,298.1503565953971,298.14966750929716,298.15033604597056,298.1501098153123,100000.0,99999.99999997567
160.8,298.1503822785985,298.15035445443436,298.14966950553776,298.1503340283845,298.15010915599225,100000.0,99999.99999997564
160.9,298.15037998343644,298.1503523263258,298.14967148979304,298.1503320229118,298.1501085006307,100000.0,99999.99999997564
161.0,298.1503777020543,298.15035021099413,298.14967346213507,298.15033002947985,298.1501078492039,100000.0,99999.99999997564
161.10000000000002,298.1503754343694,298.1503481083628,298.14967542263537,298.1503280480162,298.1501072016882,100000.0,99999.99999997561
161.20000000000002,298.15037318029937,298.1503460183553,298.1496773713651,298.1503260784491,298.15010655806003,100000.0,99999.99999997561
161.3,298.1503709397626,298.15034394089616,298.14967930839475,298.15032412070707,298.1501059182963,100000.0,99999.9999999756
161.4,298.15036871267773,298.15034187590976,298.1496812337947,298.15032217471907,298.1501052823735,100000.0,99999.99999997558
161.5,298.1503664989641,298.15033982332136,298.14968314763473,298.15032024041466,298.15010465026876,100000.0,99999.99999997555
161.60000000000002,298.1503642985414,298.15033778305644,298.1496850499843,298.15031831772365,298.1501040219591,100000.0,99999.99999997554
161.70000000000002,298.15036211132974,298.15033575504117,298.1496869409124,298.15031640657617,298.1501033974218,100000.0,99999.99999997552
161.8,298.15035993724996,298.15033373920187,298.1496888204875,298.1503145069031,298.1501027766341,100000.0,99999.99999997551
161.9,298.1503577762231,298.15033173546544,298.14969068877775,298.1503126186354,298.15010215957363,100000.0,99999.9999999755
162.0,298.1503556281708,298.15032974375924,298.14969254585105,298.15031074170474,298.1501015462178,100000.0,99999.99999997547
162.10000000000002,298.15035349301525,298.150327764011,298.1496943917747,298.1503088760429,298.1501009365446,100000.0,99999.99999997547
162.20000000000002,298.1503513706789,298.15032579614905,298.14969622661556,298.1503070215824,298.1501003305318,100000.0,99999.99999997544
162.3,298.1503492610849,298.1503238401019,298.1496980504402,298.1503051782559,298.1500997281574,100000.0,99999.99999997542
162.4,298.15034716415664,298.1503218957987,298.1496998633148,298.1503033459965,298.1500991293996,100000.0,99999.9999999754
162.5,298.1503450798181,298.15031996316884,298.1497016653051,298.15030152473776,298.15009853423675,100000.0,99999.99999997539
162.60000000000002,298.1503430079938,298.1503180421423,298.14970345647646,298.15029971441373,298.15009794264716,100000.0,99999.99999997538
162.70000000000002,298.15034094860846,298.15031613264944,298.14970523689374,298.1502979149587,298.1500973546094,100000.0,99999.99999997536
162.8,298.15033890158753,298.15031423462096,298.14970700662167,298.1502961263074,298.15009677010215,100000.0,99999.99999997535
162.9,298.15033686685666,298.1503123479881,298.14970876572426,298.150294348395,298.1500961891042,100000.0,99999.99999997532
163.0,298.15033484434207,298.15031047268235,298.1497105142654,298.15029258115703,298.15009561159457,100000.0,99999.99999997532
163.10000000000002,298.15033283397054,298.1503086086358,298.14971225230846,298.1502908245293,298.1500950375522,100000.0,99999.99999997529
163.20000000000002,298.150330835669,298.15030675578066,298.1497139799165,298.1502890784482,298.1500944669563,100000.0,99999.99999997528
163.3,298.1503288493651,298.15030491405,298.14971569715215,298.15028734285045,298.15009389978627,100000.0,99999.99999997526
163.4,298.1503268749867,298.1503030833769,298.1497174040777,298.15028561767303,298.1500933360215,100000.0,99999.99999997523
163.5,298.15032491246234,298.1503012636949,298.149719100755,298.1502839028534,298.15009277564144,100000.0,99999.99999997523
163.60000000000002,298.1503229617208,298.15029945493814,298.14972078724566,298.15028219832936,298.15009221862584,100000.0,99999.99999997522
163.70000000000002,298.1503210226913,298.15029765704094,298.14972246361083,298.15028050403913,298.1500916649545,100000.0,99999.9999999752
163.8,298.15031909530353,298.1502958699382,298.1497241299112,298.1502788199212,298.1500911146074,100000.0,99999.99999997517
163.9,298.15031717948756,298.150294093565,298.14972578620734,298.1502771459146,298.15009056756446,100000.0,99999.99999997517
164.0,298.15031527517397,298.15029232785696,298.1497274325592,298.15027548195854,298.150090023806,100000.0,99999.99999997517
164.10000000000002,298.1503133822937,298.15029057275007,298.14972906902653,298.1502738279927,298.1500894833122,100000.0,99999.99999997515
164.20000000000002,298.1503115007781,298.15028882818063,298.1497306956687,298.15027218395716,298.1500889460634,100000.0,99999.99999997515
164.3,298.1503096305589,298.15028709408546,298.14973231254464,298.15027054979214,298.1500884120402,100000.0,99999.99999997512
164.4,298.15030777156835,298.15028537040155,298.14973391971307,298.1502689254386,298.15008788122327,100000.0,99999.99999997509
164.5,298.150305923739,298.15028365706655,298.1497355172322,298.1502673108374,298.1500873535932,100000.0,99999.9999999751
164.60000000000002,298.15030408700375,298.15028195401817,298.14973710515994,298.15026570593017,298.15008682913117,100000.0,99999.99999997507
164.70000000000002,298.15030226129613,298.1502802611948,298.149738683554,298.15026411065867,298.1500863078178,100000.0,99999.99999997506
164.8,298.15030044654986,298.1502785785349,298.14974025247153,298.15026252496494,298.1500857896344,100000.0,99999.99999997506
164.9,298.15029864269917,298.15027690597753,298.1497418119694,298.1502609487916,298.15008527456206,100000.0,99999.99999997503
165.0,298.1502968496786,298.15027524346203,298.14974336210423,298.1502593820814,298.15008476258225,100000.0,99999.99999997503
165.10000000000002,298.15029506742314,298.1502735909281,298.1497449029322,298.15025782477767,298.1500842536762,100000.0,99999.999999975
165.20000000000002,298.15029329586815,298.15027194831583,298.1497464345092,298.1502562768237,298.15008374782565,100000.0,99999.99999997499
165.3,298.15029153494936,298.15027031556565,298.14974795689074,298.1502547381636,298.1500832450122,100000.0,99999.99999997497
165.4,298.15028978460305,298.1502686926183,298.14974947013206,298.1502532087414,298.15008274521756,100000.0,99999.99999997497
165.5,298.1502880447656,298.150267079415,298.14975097428805,298.15025168850167,298.15008224842364,100000.0,99999.99999997494
165.60000000000002,298.15028631537393,298.1502654758972,298.1497524694132,298.1502501773894,298.1500817546124,100000.0,99999.99999997493
165.70000000000002,298.1502845963654,298.1502638820067,298.14975395556183,298.15024867534964,298.15008126376597,100000.0,99999.99999997488
165.8,298.1502828876776,298.15026229768586,298.14975543278774,298.150247182328,298.1500807758665,100000.0,99999.99999997488
165.9,298.1502811892485,298.150260722877,298.14975690114454,298.1502456982703,298.15008029089637,100000.0,99999.99999997485
166.0,298.1502795010167,298.15025915752324,298.1497583606855,298.1502442231227,298.150079808838,100000.0,99999.99999997484
166.10000000000002,298.1502778229209,298.15025760156766,298.14975981146347,298.15024275683174,298.15007932967376,100000.0,99999.99999997483
166.20000000000002,298.15027615490015,298.15025605495396,298.1497612535312,298.15024129934426,298.15007885338645,100000.0,99999.99999997481
166.3,298.15027449689404,298.15025451762585,298.1497626869408,298.15023985060736,298.15007837995864,100000.0,99999.9999999748
166.4,298.1502728488424,298.15025298952776,298.1497641117444,298.1502384105686,298.1500779093733,100000.0,99999.99999997477
166.5,298.15027121068556,298.1502514706042,298.1497655279936,298.1502369791757,298.1500774416133,100000.0,99999.99999997475
166.60000000000002,298.150269582364,298.1502499608001,298.1497669357399,298.15023555637663,298.1500769766617,100000.0,99999.99999997475
166.70000000000002,298.1502679638188,298.15024846006077,298.1497683350341,298.15023414212,298.1500765145015,100000.0,99999.99999997474
166.8,298.1502663549911,298.15024696833166,298.14976972592706,298.1502327363544,298.1500760551162,100000.0,99999.99999997471
166.9,298.15026475582266,298.15024548555874,298.14977110846934,298.15023133902884,298.15007559848897,100000.0,99999.9999999747
167.0,298.15026316625546,298.1502440116883,298.14977248271094,298.15022995009264,298.1500751446033,100000.0,99999.99999997471
167.10000000000002,298.15026158623186,298.1502425466668,298.1497738487017,298.15022856949554,298.15007469344266,100000.0,99999.99999997468
167.20000000000002,298.1502600156946,298.1502410904411,298.14977520649126,298.1502271971874,298.15007424499083,100000.0,99999.99999997467
167.3,298.1502584545866,298.15023964295847,298.1497765561287,298.15022583311844,298.1500737992314,100000.0,99999.99999997465
167.4,298.1502569028514,298.1502382041664,298.14977789766317,298.1502244772392,298.15007335614825,100000.0,99999.99999997465
167.5,298.15025536043265,298.1502367740127,298.1497792311431,298.1502231295006,298.15007291572533,100000.0,99999.99999997464
167.60000000000002,298.15025382727447,298.1502353524454,298.149780556617,298.1502217898536,298.1500724779467,100000.0,99999.99999997462
167.70000000000002,298.15025230332117,298.1502339394131,298.1497818741328,298.15022045824975,298.1500720427964,100000.0,99999.99999997462
167.8,298.1502507885175,298.1502325348645,298.14978318373846,298.15021913464074,298.1500716102587,100000.0,99999.99999997459
167.9,298.1502492828086,298.1502311387487,298.1497844854814,298.1502178189785,298.150071180318,100000.0,99999.99999997459
168.0,298.1502477861398,298.150229751015,298.1497857794087,298.1502165112153,298.1500707529585,100000.0,99999.99999997458
168.10000000000002,298.15024629845686,298.15022837161314,298.14978706556747,298.1502152113039,298.15007032816493,100000.0,99999.99999997456
168.20000000000002,298.15024481970585,298.15022700049303,298.1497883440043,298.150213919197,298.1500699059217,100000.0,99999.99999997455
168.3,298.1502433498331,298.15022563760505,298.1497896147655,298.1502126348477,298.1500694862136,100000.0,99999.99999997453
168.4,298.1502418887853,298.15022428289967,298.1497908778972,298.1502113582096,298.15006906902545,100000.0,99999.9999999745
168.5,298.1502404365094,298.15022293632785,298.1497921334451,298.1502100892363,298.15006865434196,100000.0,99999.99999997449
168.60000000000002,298.15023899295295,298.15022159784064,298.14979338145486,298.1502088278817,298.1500682421482,100000.0,99999.99999997448
168.70000000000002,298.1502375580634,298.1502202673896,298.14979462197175,298.15020757410025,298.1500678324293,100000.0,99999.99999997446
168.8,298.15023613178886,298.15021894492645,298.1497958550406,298.1502063278463,298.1500674251702,100000.0,99999.99999997445
168.9,298.15023471407744,298.1502176304033,298.1497970807063,298.1502050890748,298.1500670203563,100000.0,99999.99999997442
169.0,298.1502333048778,298.15021632377227,298.14979829901324,298.15020385774073,298.15006661797287,100000.0,99999.99999997442
169.10000000000002,298.150231904139,298.15021502498627,298.14979951000555,298.1502026337995,298.1500662180053,100000.0,99999.9999999744
169.20000000000002,298.1502305118099,298.150213733998,298.1498007137272,298.15020141720663,298.15006582043907,100000.0,99999.9999999744
169.3,298.15022912784036,298.15021245076065,298.1498019102218,298.1502002079181,298.15006542525975,100000.0,99999.99999997439
169.4,298.15022775217994,298.1502111752278,298.1498030995328,298.15019900589,298.15006503245314,100000.0,99999.99999997439
169.5,298.1502263847789,298.1502099073531,298.14980428170327,298.15019781107867,298.15006464200485,100000.0,99999.99999997436
169.60000000000002,298.1502250255876,298.1502086470905,298.1498054567761,298.150196623441,298.1500642539008,100000.0,99999.99999997434
169.70000000000002,298.1502236745567,298.1502073943945,298.14980662479394,298.15019544293375,298.15006386812684,100000.0,99999.99999997436
169.8,298.1502223316372,298.1502061492195,298.1498077857991,298.1501942695141,298.1500634846691,100000.0,99999.99999997432
169.9,298.1502209967806,298.1502049115204,298.14980893983375,298.1501931031396,298.1500631035135,100000.0,99999.9999999743
170.0,298.1502196699382,298.1502036812524,298.1498100869397,298.1501919437678,298.15006272464643,100000.0,99999.9999999743
170.10000000000002,298.1502183510621,298.1502024583707,298.14981122715847,298.15019079135686,298.15006234805395,100000.0,99999.99999997427
170.20000000000002,298.1502170401044,298.15020124283114,298.14981236053154,298.1501896458648,298.15006197372253,100000.0,99999.99999997424
170.3,298.15021573701756,298.1502000345895,298.1498134870999,298.1501885072502,298.1500616016386,100000.0,99999.99999997424
170.4,298.1502144417543,298.1501988336021,298.14981460690444,298.1501873754718,298.1500612317885,100000.0,99999.99999997423
170.5,298.1502131542677,298.1501976398252,298.1498157199859,298.1501862504884,298.15006086415906,100000.0,99999.9999999742
170.60000000000002,298.15021187451106,298.1501964532157,298.14981682638444,298.15018513225925,298.1500604987368,100000.0,99999.99999997418
170.70000000000002,298.1502106024379,298.15019527373045,298.14981792614026,298.1501840207439,298.1500601355085,100000.0,99999.99999997416
170.8,298.1502093380021,298.1501941013267,298.1498190192933,298.15018291590195,298.150059774461,100000.0,99999.99999997416
170.9,298.150208081158,298.15019293596197,298.1498201058832,298.15018181769335,298.15005941558115,100000.0,99999.99999997414
171.0,298.1502068318597,298.15019177759393,298.14982118594924,298.1501807260783,298.150059058856,100000.0,99999.99999997413
171.10000000000002,298.1502055900621,298.15019062618063,298.1498222595307,298.1501796410172,298.1500587042726,100000.0,99999.9999999741
171.20000000000002,298.1502043557202,298.1501894816803,298.1498233266665,298.15017856247067,298.1500583518181,100000.0,99999.9999999741
171.3,298.1502031287891,298.15018834405146,298.14982438739537,298.15017749039964,298.15005800147964,100000.0,99999.99999997407
171.4,298.1502019092244,298.1501872132528,298.14982544175564,298.1501764247652,298.15005765324463,100000.0,99999.99999997404
171.5,298.1502006969818,298.15018608924333,298.1498264897857,298.1501753655288,298.1500573071004,100000.0,99999.99999997402
171.60000000000002,298.15019949201735,298.15018497198236,298.14982753152344,298.15017431265187,298.15005696303433,100000.0,99999.99999997401
171.70000000000002,298.1501982942875,298.15018386142924,298.1498285670067,298.1501732660964,298.15005662103397,100000.0,99999.99999997401
171.8,298.1501971037486,298.1501827575438,298.1498295962731,298.1501722258242,298.1500562810871,100000.0,99999.999999974
171.9,298.15019592035765,298.150181660286,298.1498306193598,298.15017119179777,298.1500559431811,100000.0,99999.99999997398
172.0,298.15019474407165,298.150180569616,298.14983163630404,298.1501701639795,298.1500556073039,100000.0,99999.99999997395
172.10000000000002,298.1501935748479,298.1501794854943,298.14983264714266,298.1501691423322,298.15005527344323,100000.0,99999.99999997395
172.20000000000002,298.15019241264406,298.1501784078815,298.1498336519123,298.1501681268187,298.15005494158703,100000.0,99999.99999997395
172.3,298.15019125741804,298.15017733673864,298.1498346506494,298.1501671174023,298.1500546117233,100000.0,99999.99999997392
172.4,298.15019010912783,298.1501762720268,298.14983564339013,298.1501661140463,298.15005428384006,100000.0,99999.99999997394
172.5,298.1501889677318,298.15017521370737,298.1498366301706,298.15016511671433,298.15005395792537,100000.0,99999.99999997391
172.60000000000002,298.1501878331886,298.1501741617419,298.1498376110265,298.1501641253703,298.1500536339674,100000.0,99999.99999997388
172.70000000000002,298.15018670545714,298.15017311609245,298.1498385859935,298.15016313997813,298.1500533119545,100000.0,99999.9999999739
172.8,298.1501855844965,298.15017207672093,298.14983955510684,298.1501621605022,298.1500529918749,100000.0,99999.99999997386
172.9,298.1501844702659,298.1501710435897,298.14984051840173,298.150161186907,298.150052673717,100000.0,99999.99999997385
173.0,298.1501833627251,298.15017001666126,298.14984147591315,298.15016021915704,298.15005235746935,100000.0,99999.99999997384
173.10000000000002,298.15018226183383,298.1501689958984,298.1498424276757,298.1501592572174,298.15005204312035,100000.0,99999.9999999738
173.20000000000002,298.1501811675522,298.15016798126413,298.149843373724,298.1501583010532,298.15005173065873,100000.0,99999.9999999738
173.3,298.15018007984054,298.1501669727216,298.1498443140923,298.1501573506296,298.1500514200731,100000.0,99999.99999997379
173.4,298.1501789986594,298.15016597023424,298.14984524881476,298.1501564059124,298.1500511113521,100000.0,99999.99999997378
173.5,298.1501779239695,298.15016497376575,298.1498461779252,298.1501554668671,298.15005080448475,100000.0,99999.99999997376
173.60000000000002,298.15017685573196,298.1501639832799,298.14984710145734,298.1501545334597,298.1500504994598,100000.0,99999.99999997376
173.70000000000002,298.15017579390803,298.1501629987409,298.1498480194448,298.15015360565644,298.1500501962661,100000.0,99999.99999997373
173.8,298.1501747384592,298.15016202011293,298.14984893192064,298.15015268342364,298.1500498948928,100000.0,99999.9999999737
173.9,298.1501736893472,298.1501610473605,298.1498498389181,298.1501517667278,298.1500495953289,100000.0,99999.99999997369
174.0,298.15017264653386,298.1501600804485,298.14985074047,298.1501508555357,298.15004929756356,100000.0,99999.99999997369
174.10000000000002,298.1501716099815,298.15015911934165,298.1498516366091,298.1501499498143,298.15004900158596,100000.0,99999.99999997368
174.20000000000002,298.1501705796525,298.1501581640052,298.14985252736795,298.15014904953074,298.1500487073854,100000.0,99999.99999997366
174.3,298.15016955550954,298.1501572144045,298.1498534127787,298.15014815465247,298.15004841495113,100000.0,99999.99999997365
174.4,298.1501685375154,298.1501562705051,298.14985429287356,298.1501472651469,298.1500481242727,100000.0,99999.99999997363
174.5,298.1501675256332,298.1501553322728,298.1498551676844,298.1501463809818,298.1500478353394,100000.0,99999.99999997363
174.60000000000002,298.15016651982626,298.1501543996735,298.14985603724296,298.1501455021252,298.1500475481409,100000.0,99999.9999999736
174.70000000000002,298.15016552005807,298.1501534726735,298.1498569015808,298.15014462854515,298.15004726266665,100000.0,99999.99999997359
174.8,298.1501645262923,298.15015255123905,298.1498577607292,298.15014376020997,298.15004697890635,100000.0,99999.99999997357
174.9,298.1501635384931,298.1501516353368,298.1498586147194,298.1501428970882,298.15004669684976,100000.0,99999.99999997357
175.0,298.15016255662454,298.1501507249336,298.14985946358235,298.15014203914853,298.1500464164866,100000.0,99999.99999997356
175.10000000000002,298.15016158065094,298.15014981999633,298.1498603073488,298.15014118635986,298.1500461378066,100000.0,99999.99999997354
175.20000000000002,298.15016061053706,298.15014892049226,298.14986114604926,298.1501403386912,298.15004586079993,100000.0,99999.99999997353
175.3,298.15015964624763,298.1501480263886,298.1498619797144,298.1501394961119,298.1500455854563,100000.0,99999.99999997352
175.4,298.1501586877477,298.1501471376531,298.1498628083742,298.15013865859135,298.15004531176584,100000.0,99999.99999997352
175.5,298.1501577350025,298.1501462542535,298.14986363205884,298.1501378260992,298.1500450397185,100000.0,99999.99999997349
175.60000000000002,298.1501567879775,298.15014537615775,298.1498644507982,298.15013699860515,298.1500447693046,100000.0,99999.99999997346
175.70000000000002,298.1501558466383,298.150144503334,298.1498652646219,298.1501361760794,298.15004450051424,100000.0,99999.99999997344
175.8,298.15015491095085,298.1501436357506,298.14986607355945,298.150135358492,298.15004423333767,100000.0,99999.99999997343
175.9,298.15015398088116,298.15014277337605,298.1498668776402,298.1501345458133,298.15004396776516,100000.0,99999.99999997341
176.0,298.15015305639554,298.15014191617917,298.14986767689345,298.1501337380138,298.1500437037871,100000.0,99999.9999999734
176.10000000000002,298.1501521374604,298.1501410641288,298.149868471348,298.1501329350643,298.150043441394,100000.0,99999.9999999734
176.20000000000002,298.1501512240424,298.150140217194,298.1498692610327,298.1501321369356,298.15004318057623,100000.0,99999.99999997338
176.3,298.1501503161086,298.1501393753441,298.1498700459762,298.1501313435988,298.1500429213244,100000.0,99999.99999997337
176.4,298.15014941362585,298.1501385385486,298.149870826207,298.1501305550251,298.15004266362916,100000.0,99999.99999997334
176.5,298.15014851656156,298.1501377067772,298.1498716017534,298.1501297711859,298.15004240748095,100000.0,99999.99999997334
176.60000000000002,298.1501476248831,298.15013687999965,298.1498723726435,298.1501289920528,298.15004215287075,100000.0,99999.99999997331
176.70000000000002,298.1501467385582,298.1501360581859,298.1498731389052,298.1501282175976,298.1500418997892,100000.0,99999.9999999733
176.8,298.1501458575548,298.1501352413063,298.1498739005664,298.1501274477921,298.15004164822705,100000.0,99999.99999997328
176.9,298.15014498184075,298.15013442933116,298.1498746576546,298.1501266826084,298.15004139817535,100000.0,99999.99999997327
177.0,298.1501441113844,298.1501336222311,298.1498754101974,298.15012592201884,298.1500411496249,100000.0,99999.99999997325
177.10000000000002,298.15014324615424,298.1501328199767,298.1498761582219,298.15012516599575,298.1500409025667,100000.0,99999.99999997322
177.20000000000002,298.1501423861188,298.15013202253897,298.1498769017554,298.15012441451177,298.1500406569918,100000.0,99999.99999997322
177.3,298.15014153124696,298.150131229889,298.14987764082485,298.1501236675396,298.1500404128913,100000.0,99999.9999999732
177.4,298.15014068150765,298.15013044199804,298.149878375457,298.1501229250522,298.1500401702564,100000.0,99999.9999999732
177.5,298.15013983687004,298.15012965883744,298.1498791056784,298.1501221870226,298.1500399290782,100000.0,99999.9999999732
177.60000000000002,298.15013899730366,298.1501288803789,298.1498798315157,298.1501214534241,298.15003968934803,100000.0,99999.99999997318
177.70000000000002,298.1501381627779,298.15012810659414,298.1498805529951,298.15012072422996,298.1500394510572,100000.0,99999.99999997317
177.8,298.15013733326253,298.15012733745505,298.1498812701428,298.1501199994139,298.150039214197,100000.0,99999.99999997315
177.9,298.1501365087275,298.15012657293386,298.1498819829849,298.1501192789496,298.15003897875897,100000.0,99999.99999997314
178.0,298.15013568914287,298.1501258130028,298.1498826915471,298.1501185628108,298.15003874473445,100000.0,99999.99999997312
178.10000000000002,298.150134874479,298.1501250576342,298.14988339585517,298.15011785097164,298.1500385121149,100000.0,99999.99999997314
178.20000000000002,298.15013406470626,298.1501243068008,298.1498840959347,298.15011714340636,298.1500382808921,100000.0,99999.99999997311
178.3,298.1501332597953,298.1501235604753,298.1498847918109,298.15011644008916,298.1500380510575,100000.0,99999.9999999731
178.4,298.15013245971693,298.15012281863073,298.14988548350925,298.15011574099464,298.15003782260277,100000.0,99999.99999997306
178.5,298.1501316644422,298.15012208124006,298.1498861710547,298.1501150460974,298.1500375955197,100000.0,99999.99999997305
178.60000000000002,298.1501308739422,298.1501213482766,298.14988685447213,298.15011435537224,298.1500373698,100000.0,99999.99999997305
178.70000000000002,298.15013008818823,298.15012061971385,298.14988753378645,298.1501136687942,298.1500371454355,100000.0,99999.99999997302
178.8,298.15012930715193,298.1501198955253,298.14988820902215,298.15011298633823,298.15003692241805,100000.0,99999.99999997299
178.9,298.15012853080486,298.15011917568467,298.1498888802039,298.1501123079796,298.1500367007396,100000.0,99999.99999997299
179.0,298.1501277591189,298.1501184601659,298.14988954735594,298.1501116336939,298.150036480392,100000.0,99999.99999997299
179.10000000000002,298.150126992066,298.15011774894305,298.14989021050246,298.1501109634564,298.15003626136746,100000.0,99999.99999997296
179.20000000000002,298.15012622961854,298.15011704199026,298.14989086966744,298.1501102972431,298.1500360436578,100000.0,99999.99999997293
179.3,298.15012547174865,298.150116339282,298.14989152487493,298.15010963502954,298.15003582725535,100000.0,99999.99999997293
179.4,298.15012471842897,298.1501156407927,298.14989217614857,298.15010897679196,298.1500356121521,100000.0,99999.99999997293
179.5,298.1501239696321,298.15011494649707,298.1498928235121,298.1501083225063,298.1500353983403,100000.0,99999.99999997289
179.60000000000002,298.15012322533096,298.1501142563699,298.1498934669889,298.1501076721489,298.15003518581227,100000.0,99999.99999997288
179.70000000000002,298.1501224854985,298.1501135703862,298.1498941066023,298.15010702569623,298.15003497456024,100000.0,99999.99999997286
179.8,298.150121750108,298.1501128885211,298.1498947423755,298.1501063831247,298.1500347645765,100000.0,99999.99999997285
179.9,298.1501210191326,298.1501122107498,298.14989537433166,298.1501057444112,298.1500345558535,100000.0,99999.99999997285
180.0,298.150120292546,298.1501115370478,298.1498960024936,298.15010510953243,298.1500343483836,100000.0,99999.99999997282
180.10000000000002,298.1501195703217,298.1501108673906,298.14989662688413,298.1501044784654,298.15003414215937,100000.0,99999.99999997279
180.20000000000002,298.1501188524336,298.15011020175405,298.1498972475258,298.1501038511873,298.1500339371733,100000.0,99999.99999997279
180.3,298.15011813885553,298.1501095401138,298.1498978644413,298.1501032276753,298.15003373341796,100000.0,99999.99999997279
180.4,298.15011742956176,298.15010888244603,298.14989847765287,298.1501026079067,298.15003353088593,100000.0,99999.99999997276
180.5,298.1501167245266,298.1501082287268,298.1498990871827,298.1501019918592,298.15003332956985,100000.0,99999.99999997274
180.60000000000002,298.1501160237243,298.15010757893253,298.14989969305304,298.1501013795104,298.15003312946243,100000.0,99999.99999997276
180.70000000000002,298.1501153271296,298.15010693303947,298.1499002952858,298.15010077083804,298.1500329305565,100000.0,99999.99999997273
180.8,298.15011463471717,298.15010629102426,298.14990089390284,298.1501001658201,298.15003273284475,100000.0,99999.99999997272
180.9,298.15011394646194,298.1501056528638,298.1499014889258,298.15009956443464,298.15003253632005,100000.0,99999.99999997272
181.0,298.1501132623389,298.15010501853465,298.14990208037636,298.15009896665987,298.1500323409753,100000.0,99999.99999997269
181.10000000000002,298.15011258232323,298.1501043880139,298.14990266827584,298.1500983724741,298.1500321468033,100000.0,99999.99999997267
181.20000000000002,298.15011190639035,298.15010376127884,298.1499032526457,298.1500977818556,298.15003195379717,100000.0,99999.99999997267
181.3,298.1501112345157,298.15010313830663,298.149903833507,298.15009719478326,298.1500317619498,100000.0,99999.99999997266
181.4,298.15011056667487,298.1501025190746,298.1499044108808,298.15009661123554,298.15003157125426,100000.0,99999.99999997261
181.5,298.1501099028437,298.1501019035605,298.14990498478824,298.1500960311915,298.1500313817036,100000.0,99999.9999999726
181.60000000000002,298.15010924299816,298.1501012917418,298.14990555525,298.15009545462993,298.150031193291,100000.0,99999.99999997257
181.70000000000002,298.15010858711423,298.1501006835964,298.14990612228667,298.1500948815299,298.15003100600967,100000.0,99999.99999997256
181.8,298.1501079351682,298.15010007910223,298.14990668591895,298.1500943118709,298.1500308198527,100000.0,99999.99999997254
181.9,298.1501072871363,298.15009947823745,298.1499072461673,298.15009374563186,298.15003063481345,100000.0,99999.99999997253
182.0,298.1501066429952,298.1500988809802,298.1499078030519,298.1500931827926,298.1500304508851,100000.0,99999.99999997253
182.10000000000002,298.15010600272143,298.15009828730877,298.1499083565931,298.1500926233325,298.150030268061,100000.0,99999.9999999725
182.20000000000002,298.15010536629177,298.15009769720166,298.14990890681077,298.15009206723136,298.15003008633465,100000.0,99999.99999997247
182.3,298.15010473368324,298.15009711063755,298.14990945372506,298.150091514469,298.15002990569934,100000.0,99999.99999997245
182.4,298.15010410487275,298.1500965275951,298.14990999735573,298.15009096502536,298.15002972614855,100000.0,99999.99999997247
182.5,298.15010347983764,298.15009594805315,298.1499105377225,298.15009041888055,298.1500295476758,100000.0,99999.99999997242
182.60000000000002,298.15010285855516,298.15009537199074,298.14991107484497,298.15008987601476,298.15002937027447,100000.0,99999.99999997241
182.70000000000002,298.15010224100274,298.1500947993869,298.1499116087426,298.1500893364082,298.1500291939383,100000.0,99999.99999997241
182.8,298.15010162715816,298.150094230221,298.1499121394347,298.1500888000415,298.1500290186608,100000.0,99999.9999999724
182.9,298.150101016999,298.15009366447225,298.14991266694074,298.150088266895,298.1500288444357,100000.0,99999.99999997237
183.0,298.15010041050306,298.1500931021202,298.14991319127955,298.15008773694944,298.1500286712566,100000.0,99999.99999997235
183.10000000000002,298.15009980764853,298.1500925431445,298.1499137124703,298.1500872101857,298.1500284991173,100000.0,99999.99999997234
183.20000000000002,298.1500992084135,298.15009198752483,298.1499142305319,298.15008668658453,298.1500283280115,100000.0,99999.99999997232
183.3,298.1500986127762,298.15009143524105,298.14991474548316,298.15008616612704,298.150028157933,100000.0,99999.99999997231
183.4,298.15009802071506,298.1500908862731,298.1499152573426,298.15008564879435,298.15002798887554,100000.0,99999.9999999723
183.5,298.1500974322086,298.1500903406011,298.14991576612897,298.1500851345676,298.15002782083315,100000.0,99999.99999997228
183.60000000000002,298.1500968472355,298.1500897982053,298.14991627186055,298.15008462342826,298.15002765379967,100000.0,99999.99999997226
183.70000000000002,298.15009626577444,298.15008925906585,298.1499167745559,298.15008411535774,298.1500274877691,100000.0,99999.99999997225
183.8,298.1500956878045,298.15008872316344,298.149917274233,298.1500836103377,298.15002732273524,100000.0,99999.99999997223
183.9,298.1500951133046,298.1500881904785,298.1499177709101,298.15008310834963,298.15002715869235,100000.0,99999.9999999722
184.0,298.1500945422539,298.15008766099186,298.1499182646053,298.15008260937543,298.1500269956343,100000.0,99999.99999997219
184.10000000000002,298.1500939746318,298.1500871346841,298.14991875533633,298.1500821133971,298.1500268335552,100000.0,99999.99999997219
184.20000000000002,298.1500934104176,298.15008661153627,298.149919243121,298.1500816203966,298.15002667244926,100000.0,99999.99999997218
184.3,298.1500928495908,298.1500860915293,298.14991972797714,298.15008113035594,298.15002651231055,100000.0,99999.99999997218
184.4,298.15009229213126,298.15008557464444,298.14992020992224,298.1500806432575,298.1500263531333,100000.0,99999.99999997212
184.5,298.15009173801866,298.150085060863,298.1499206889738,298.1500801590836,298.15002619491173,100000.0,99999.99999997212
184.60000000000002,298.1500911872329,298.1500845501661,298.1499211651492,298.1500796778165,298.15002603764015,100000.0,99999.99999997209
184.70000000000002,298.1500906397539,298.15008404253547,298.1499216384657,298.15007919943895,298.1500258813128,100000.0,99999.9999999721
184.8,298.150090095562,298.1500835379526,298.14992210894036,298.15007872393346,298.15002572592397,100000.0,99999.99999997206
184.9,298.15008955463736,298.15008303639917,298.14992257659037,298.15007825128293,298.1500255714681,100000.0,99999.99999997206
185.0,298.15008901696035,298.150082537857,298.1499230414327,298.15007778147015,298.1500254179396,100000.0,99999.99999997206
185.10000000000002,298.1500884825115,298.15008204230804,298.14992350348416,298.1500773144781,298.15002526533283,100000.0,99999.99999997203
185.20000000000002,298.1500879512714,298.1500815497343,298.1499239627615,298.15007685028974,298.1500251136423,100000.0,99999.99999997203
185.3,298.1500874232209,298.15008106011794,298.1499244192814,298.1500763888884,298.1500249628625,100000.0,99999.999999972
185.4,298.1500868983407,298.1500805734412,298.14992487306034,298.15007593025723,298.1500248129881,100000.0,99999.999999972
185.5,298.15008637661185,298.1500800896864,298.14992532411486,298.1500754743796,298.15002466401336,100000.0,99999.99999997197
185.60000000000002,298.15008585801536,298.150079608836,298.14992577246136,298.15007502123905,298.1500245159331,100000.0,99999.99999997196
185.70000000000002,298.1500853425325,298.15007913087254,298.149926218116,298.1500745708191,298.1500243687419,100000.0,99999.99999997193
185.8,298.1500848301446,298.15007865577877,298.1499266610949,298.1500741231034,298.15002422243447,100000.0,99999.99999997191
185.9,298.150084320833,298.15007818353746,298.1499271014143,298.15007367807584,298.1500240770054,100000.0,99999.99999997191
186.0,298.15008381457926,298.1500777141314,298.14992753909,298.1500732357201,298.15002393244947,100000.0,99999.99999997189
186.10000000000002,298.15008331136494,298.15007724754355,298.149927974138,298.15007279602025,298.1500237887615,100000.0,99999.99999997187
186.20000000000002,298.15008281117196,298.15007678375713,298.14992840657396,298.15007235896024,298.15002364593613,100000.0,99999.99999997187
186.3,298.150082313982,298.15007632275524,298.14992883641366,298.1500719245244,298.15002350396827,100000.0,99999.99999997184
186.4,298.15008181977714,298.1500758645211,298.1499292636726,298.15007149269684,298.15002336285283,100000.0,99999.99999997183
186.5,298.1500813285395,298.1500754090382,298.14992968836634,298.1500710634619,298.15002322258465,100000.0,99999.99999997181
186.60000000000002,298.1500808402512,298.1500749562899,298.14993011051035,298.150070636804,298.1500230831586,100000.0,99999.9999999718
186.70000000000002,298.1500803548945,298.15007450625995,298.1499305301197,298.15007021270776,298.1500229445696,100000.0,99999.99999997178
186.8,298.1500798724518,298.15007405893186,298.14993094720984,298.1500697911578,298.15002280681273,100000.0,99999.99999997177
186.9,298.1500793929057,298.15007361428957,298.1499313617958,298.1500693721387,298.1500226698829,100000.0,99999.99999997175
187.0,298.15007891623867,298.15007317231675,298.1499317738926,298.1500689556354,298.15002253377526,100000.0,99999.99999997174
187.10000000000002,298.15007844243354,298.1500727329976,298.14993218351526,298.1500685416327,298.15002239848474,100000.0,99999.99999997171
187.20000000000002,298.15007797147314,298.150072296316,298.1499325906786,298.1500681301157,298.15002226400645,100000.0,99999.99999997171
187.3,298.1500775033403,298.15007186225625,298.1499329953973,298.1500677210694,298.1500221303356,100000.0,99999.99999997168
187.4,298.150077038018,298.1500714308025,298.1499333976862,298.1500673144789,298.1500219974673,100000.0,99999.99999997167
187.5,298.15007657548955,298.1500710019392,298.1499337975597,298.15006691032954,298.1500218653967,100000.0,99999.99999997165
187.60000000000002,298.150076115738,298.1500705756507,298.1499341950325,298.1500665086067,298.1500217341191,100000.0,99999.99999997164
187.70000000000002,298.1500756587468,298.1500701519216,298.14993459011885,298.1500661092957,298.1500216036296,100000.0,99999.99999997162
187.8,298.15007520449933,298.15006973073656,298.14993498283314,298.1500657123822,298.15002147392363,100000.0,99999.99999997162
187.9,298.15007475297915,298.1500693120803,298.1499353731896,298.15006531785167,298.15002134499633,100000.0,99999.9999999716
188.0,298.15007430416983,298.1500688959376,298.1499357612024,298.1500649256899,298.15002121684313,100000.0,99999.9999999716
188.10000000000002,298.15007385805507,298.15006848229325,298.1499361468857,298.1500645358826,298.15002108945936,100000.0,99999.99999997155
188.20000000000002,298.15007341461876,298.1500680711325,298.1499365302533,298.1500641484157,298.15002096284036,100000.0,99999.99999997154
188.3,298.15007297384483,298.1500676624403,298.1499369113193,298.15006376327506,298.1500208369816,100000.0,99999.99999997154
188.4,298.1500725357172,298.15006725620185,298.1499372900973,298.1500633804468,298.1500207118784,100000.0,99999.99999997151
188.5,298.1500721002201,298.1500668524024,298.1499376666012,298.150062999917,298.1500205875264,100000.0,99999.99999997151
188.60000000000002,298.15007166733767,298.1500664510273,298.14993804084463,298.15006262167185,298.15002046392095,100000.0,99999.9999999715
188.70000000000002,298.1500712370542,298.1500660520621,298.14993841284115,298.15006224569765,298.15002034105765,100000.0,99999.99999997148
188.8,298.15007080935413,298.1500656554922,298.1499387826042,298.1500618719808,298.150020218932,100000.0,99999.99999997146
188.9,298.15007038422186,298.1500652613032,298.14993915014725,298.1500615005077,298.15002009753954,100000.0,99999.99999997145
189.0,298.15006996164215,298.15006486948096,298.14993951548354,298.1500611312648,298.1500199768759,100000.0,99999.99999997142
189.10000000000002,298.1500695415995,298.1500644800111,298.14993987862647,298.1500607642389,298.15001985693675,100000.0,99999.99999997142
189.20000000000002,298.15006912407875,298.1500640928797,298.1499402395891,298.15006039941653,298.15001973771774,100000.0,99999.99999997139
189.3,298.1500687090648,298.1500637080725,298.14994059838455,298.1500600367845,298.15001961921445,100000.0,99999.99999997139
189.4,298.1500682965425,298.1500633255756,298.1499409550259,298.1500596763297,298.15001950142266,100000.0,99999.99999997139
189.5,298.1500678864969,298.1500629453752,298.14994130952596,298.15005931803904,298.1500193843381,100000.0,99999.99999997136
189.60000000000002,298.1500674789133,298.1500625674576,298.14994166189757,298.15005896189956,298.1500192679565,100000.0,99999.99999997136
189.70000000000002,298.15006707377665,298.1500621918089,298.14994201215364,298.15005860789825,298.1500191522736,100000.0,99999.99999997133
189.8,298.1500666710725,298.15006181841557,298.1499423603068,298.15005825602236,298.15001903728523,100000.0,99999.99999997132
189.9,298.1500662707861,298.150061447264,298.14994270636964,298.15005790625906,298.1500189229874,100000.0,99999.9999999713
190.0,298.15006587290304,298.15006107834085,298.1499430503548,298.15005755859573,298.15001880937564,100000.0,99999.9999999713
190.10000000000002,298.15006547740876,298.1500607116327,298.14994339227474,298.15005721301975,298.15001869644607,100000.0,99999.99999997127
190.20000000000002,298.15006508428905,298.15006034712616,298.14994373214176,298.15005686951855,298.15001858419447,100000.0,99999.99999997126
190.3,298.15006469352954,298.1500599848081,298.1499440699683,298.15005652807974,298.1500184726168,100000.0,99999.99999997127
190.4,298.1500643051161,298.15005962466535,298.1499444057665,298.1500561886908,298.15001836170904,100000.0,99999.99999997125
190.5,298.15006391903466,298.15005926668493,298.1499447395487,298.1500558513396,298.15001825146726,100000.0,99999.99999997123
190.60000000000002,298.1500635352712,298.1500589108537,298.14994507132684,298.15005551601377,298.15001814188724,100000.0,99999.99999997122
190.70000000000002,298.15006315381186,298.1500585571589,298.14994540111303,298.15005518270124,298.1500180329652,100000.0,99999.9999999712
190.8,298.1500627746428,298.15005820558764,298.1499457289192,298.1500548513899,298.15001792469707,100000.0,99999.99999997119
190.9,298.15006239775016,298.15005785612715,298.14994605475727,298.1500545220677,298.150017817079,100000.0,99999.99999997119
191.0,298.15006202312037,298.1500575087648,298.1499463786391,298.15005419472266,298.150017710107,100000.0,99999.99999997114
191.10000000000002,298.1500616507398,298.150057163488,298.14994670057627,298.150053869343,298.1500176037773,100000.0,99999.99999997113
191.20000000000002,298.15006128059497,298.15005682028414,298.1499470205806,298.15005354591693,298.150017498086,100000.0,99999.99999997111
191.3,298.15006091267253,298.15005647914097,298.1499473386637,298.15005322443267,298.1500173930293,100000.0,99999.9999999711
191.4,298.15006054695897,298.1500561400459,298.14994765483704,298.1500529048785,298.1500172886033,100000.0,99999.9999999711
191.5,298.15006018344116,298.1500558029867,298.1499479691121,298.150052587243,298.15001718480426,100000.0,99999.99999997107
191.60000000000002,298.15005982210585,298.15005546795123,298.1499482815002,298.1500522715145,298.15001708162845,100000.0,99999.99999997106
191.70000000000002,298.15005946293996,298.15005513492724,298.1499485920129,298.15005195768157,298.15001697907206,100000.0,99999.99999997103
191.8,298.15005910593044,298.15005480390266,298.14994890066123,298.1500516457329,298.1500168771314,100000.0,99999.99999997101
191.9,298.1500587510644,298.15005447486556,298.1499492074565,298.15005133565717,298.15001677580284,100000.0,99999.99999997101
192.0,298.15005839832895,298.150054147804,298.14994951240976,298.15005102744306,298.15001667508255,100000.0,99999.99999997101
192.10000000000002,298.1500580477113,298.150053822706,298.1499498155321,298.1500507210794,298.1500165749671,100000.0,99999.99999997098
192.20000000000002,298.15005769919867,298.15005349955993,298.1499501168346,298.1500504165552,298.1500164754526,100000.0,99999.99999997095
192.3,298.1500573527785,298.150053178354,298.14995041632807,298.15005011385927,298.1500163765357,100000.0,99999.99999997094
192.4,298.15005700843824,298.1500528590765,298.1499507140234,298.1500498129807,298.1500162782126,100000.0,99999.99999997093
192.5,298.1500566661653,298.1500525417159,298.14995100993144,298.15004951390864,298.15001618047984,100000.0,99999.99999997093
192.60000000000002,298.1500563259474,298.1500522262608,298.1499513040628,298.1500492166321,298.15001608333387,100000.0,99999.9999999709
192.70000000000002,298.1500559877721,298.15005191269955,298.1499515964283,298.1500489211404,298.1500159867711,100000.0,99999.99999997091
192.8,298.1500556516271,298.150051601021,298.14995188703847,298.15004862742285,298.15001589078815,100000.0,99999.99999997087
192.9,298.15005531750035,298.1500512912137,298.14995217590376,298.1500483354687,298.1500157953815,100000.0,99999.99999997087
193.0,298.1500549853797,298.1500509832664,298.1499524630348,298.1500480452674,298.1500157005476,100000.0,99999.99999997087
193.10000000000002,298.15005465525303,298.150050677168,298.14995274844193,298.1500477568085,298.1500156062831,100000.0,99999.99999997084
193.20000000000002,298.1500543271084,298.1500503729074,298.1499530321355,298.1500474700814,298.1500155125845,100000.0,99999.99999997082
193.3,298.1500540009339,298.1500500704735,298.1499533141258,298.15004718507583,298.15001541944855,100000.0,99999.99999997081
193.4,298.1500536767178,298.1500497698555,298.1499535944231,298.1500469017814,298.15001532687165,100000.0,99999.99999997081
193.5,298.1500533544482,298.1500494710423,298.1499538730375,298.1500466201879,298.1500152348507,100000.0,99999.99999997081
193.60000000000002,298.15005303411345,298.15004917402314,298.14995414997907,298.1500463402849,298.1500151433822,100000.0,99999.99999997078
193.70000000000002,298.15005271570203,298.1500488787873,298.149954425258,298.15004606206253,298.15001505246283,100000.0,99999.99999997078
193.8,298.15005239920225,298.150048585324,298.14995469888413,298.15004578551054,298.15001496208936,100000.0,99999.99999997075
193.9,298.15005208460275,298.1500482936226,298.1499549708674,298.150045510619,298.1500148722585,100000.0,99999.99999997072
194.0,298.150051771892,298.15004800367257,298.14995524121775,298.1500452373778,298.15001478296693,100000.0,99999.9999999707
194.10000000000002,298.15005146105887,298.1500477154633,298.1499555099449,298.15004496577717,298.15001469421145,100000.0,99999.99999997069
194.20000000000002,298.1500511520918,298.1500474289845,298.1499557770587,298.15004469580714,298.15001460598893,100000.0,99999.99999997069
194.3,298.15005084497983,298.1500471442257,298.14995604256876,298.15004442745806,298.150014518296,100000.0,99999.99999997066
194.4,298.1500505397117,298.1500468611765,298.14995630648474,298.1500441607201,298.15001443112965,100000.0,99999.99999997063
194.5,298.15005023627634,298.1500465798267,298.14995656881615,298.1500438955836,298.15001434448664,100000.0,99999.99999997062
194.60000000000002,298.1500499346628,298.1500463001662,298.1499568295726,298.1500436320389,298.15001425836374,100000.0,99999.99999997058
194.70000000000002,298.1500496348601,298.1500460221846,298.1499570887635,298.15004337007656,298.15001417275795,100000.0,99999.99999997058
194.8,298.1500493368575,298.15004574587203,298.1499573463982,298.150043109687,298.15001408766614,100000.0,99999.99999997058
194.9,298.1500490406439,298.1500454712185,298.1499576024861,298.1500428508608,298.15001400308523,100000.0,99999.99999997058
195.0,298.1500487462089,298.1500451982139,298.1499578570365,298.1500425935885,298.15001391901205,100000.0,99999.99999997058
195.10000000000002,298.15004845354156,298.15004492684835,298.1499581100586,298.1500423378609,298.15001383544376,100000.0,99999.99999997056
195.20000000000002,298.1500481626314,298.15004465711206,298.1499583615615,298.1500420836687,298.15001375237716,100000.0,99999.99999997055
195.3,298.15004787346777,298.1500443889953,298.1499586115545,298.15004183100257,298.15001366980925,100000.0,99999.99999997053
195.4,298.15004758604033,298.1500441224882,298.14995886004647,298.15004157985345,298.150013587737,100000.0,99999.99999997052
195.5,298.15004730033854,298.1500438575813,298.1499591070466,298.1500413302122,298.1500135061577,100000.0,99999.9999999705
195.60000000000002,298.15004701635206,298.1500435942648,298.14995935256377,298.1500410820698,298.15001342506804,100000.0,99999.99999997049
195.70000000000002,298.15004673407066,298.1500433325292,298.1499595966069,298.1500408354172,298.15001334446526,100000.0,99999.99999997047
195.8,298.15004645348404,298.15004307236507,298.1499598391847,298.1500405902455,298.15001326434646,100000.0,99999.99999997045
195.9,298.15004617458203,298.150042813763,298.1499600803062,298.1500403465457,298.15001318470865,100000.0,99999.99999997045
196.0,298.15004589735446,298.15004255671346,298.14996031998,298.15004010430914,298.150013105549,100000.0,99999.99999997043
196.10000000000002,298.1500456217914,298.15004230120724,298.14996055821484,298.1500398635269,298.15001302686454,100000.0,99999.99999997042
196.20000000000002,298.1500453478827,298.15004204723505,298.1499607950193,298.15003962419036,298.1500129486526,100000.0,99999.99999997039
196.3,298.1500450756186,298.1500417947877,298.149961030402,298.15003938629064,298.1500128709102,100000.0,99999.99999997037
196.4,298.1500448049892,298.150041543856,298.14996126437154,298.15003914981935,298.1500127936346,100000.0,99999.99999997036
196.5,298.15004453598453,298.1500412944309,298.1499614969363,298.1500389147678,298.1500127168228,100000.0,99999.99999997034
196.60000000000002,298.15004426859497,298.15004104650325,298.1499617281048,298.15003868112746,298.1500126404723,100000.0,99999.99999997031
196.70000000000002,298.1500440028108,298.1500408000642,298.1499619578854,298.15003844888986,298.15001256458015,100000.0,99999.99999997031
196.8,298.15004373862234,298.15004055510474,298.1499621862864,298.1500382180466,298.1500124891437,100000.0,99999.99999997028
196.9,298.1500434760201,298.15004031161595,298.1499624133161,298.1500379885893,298.15001241416013,100000.0,99999.99999997028
197.0,298.1500432149944,298.15004006958907,298.14996263898274,298.15003776050963,298.15001233962676,100000.0,99999.99999997026
197.10000000000002,298.1500429555359,298.1500398290153,298.1499628632945,298.1500375337994,298.1500122655409,100000.0,99999.99999997026
197.20000000000002,298.1500426976353,298.150039589886,298.1499630862595,298.1500373084502,298.1500121918998,100000.0,99999.99999997024
197.3,298.15004244128295,298.15003935219227,298.14996330788586,298.150037084454,298.1500121187009,100000.0,99999.99999997023
197.4,298.15004218646976,298.15003911592567,298.1499635281816,298.1500368618027,298.15001204594137,100000.0,99999.99999997023
197.5,298.15004193318646,298.15003888107765,298.1499637471547,298.15003664048817,298.1500119736188,100000.0,99999.99999997021
197.60000000000002,298.1500416814239,298.1500386476396,298.1499639648131,298.1500364205024,298.15001190173035,100000.0,99999.9999999702
197.70000000000002,298.1500414311728,298.150038415603,298.1499641811647,298.15003620183734,298.15001183027357,100000.0,99999.99999997017
197.8,298.1500411824242,298.1500381849596,298.14996439621734,298.15003598448516,298.1500117592458,100000.0,99999.99999997017
197.9,298.15004093516905,298.1500379557009,298.14996460997884,298.150035768438,298.15001168864444,100000.0,99999.99999997014
198.0,298.15004068939845,298.15003772781876,298.149964822457,298.15003555368787,298.15001161846703,100000.0,99999.99999997014
198.10000000000002,298.1500404451034,298.1500375013047,298.1499650336594,298.1500353402271,298.1500115487109,100000.0,99999.99999997012
198.20000000000002,298.15004020227514,298.15003727615067,298.1499652435937,298.15003512804793,298.1500114793736,100000.0,99999.99999997011
198.3,298.1500399609047,298.1500370523484,298.1499654522677,298.15003491714265,298.1500114104526,100000.0,99999.99999997011
198.4,298.15003972098344,298.15003682988987,298.14996565968875,298.15003470750366,298.1500113419454,100000.0,99999.9999999701
198.5,298.1500394825027,298.1500366087669,298.1499658658645,298.1500344991233,298.1500112738495,100000.0,99999.99999997008
198.60000000000002,298.15003924545374,298.15003638897156,298.1499660708024,298.1500342919941,298.1500112061624,100000.0,99999.99999997005
198.70000000000002,298.150039009828,298.15003617049587,298.1499662745099,298.1500340861084,298.1500111388818,100000.0,99999.99999997004
198.8,298.1500387756169,298.15003595333184,298.1499664769943,298.15003388145885,298.15001107200504,100000.0,99999.99999997002
198.9,298.150038542812,298.1500357374717,298.149966678263,298.15003367803797,298.1500110055298,100000.0,99999.99999997001
199.0,298.15003831140484,298.1500355229075,298.1499668783233,298.1500334758384,298.1500109394537,100000.0,99999.99999997002
199.10000000000002,298.15003808138704,298.15003530963156,298.1499670771825,298.15003327485283,298.1500108737743,100000.0,99999.99999997
199.20000000000002,298.1500378527502,298.1500350976361,298.14996727484777,298.150033075074,298.1500108084893,100000.0,99999.99999996996
199.3,298.1500376254861,298.15003488691343,298.14996747132625,298.1500328764946,298.15001074359617,100000.0,99999.99999996994
199.4,298.1500373995865,298.1500346774559,298.1499676666251,298.1500326791074,298.1500106790927,100000.0,99999.99999996994
199.5,298.15003717504317,298.15003446925596,298.1499678607514,298.1500324829054,298.1500106149765,100000.0,99999.99999996994
199.60000000000002,298.15003695184794,298.150034262306,298.1499680537122,298.1500322878813,298.15001055124526,100000.0,99999.99999996989
199.70000000000002,298.1500367299928,298.15003405659854,298.1499682455145,298.1500320940281,298.1500104878966,100000.0,99999.9999999699
199.8,298.1500365094696,298.15003385212617,298.1499684361652,298.1500319013388,298.1500104249283,100000.0,99999.99999996988
199.9,298.15003629027046,298.1500336488814,298.14996862567125,298.15003170980634,298.15001036233815,100000.0,99999.99999996985
200.0,298.1500360723873,298.1500334468569,298.14996881403954,298.15003151942386,298.15001030012365,100000.0,99999.99999996985
